frame_id,timestamp,wall_clock,t_segmentation,t_detection,t_bev,t_skeleton,t_pathfinding,t_gps_fusion,t_command,t_total_pipeline,fps,heading_raw_deg,heading_smoothed_deg,command,speed_raw_mps,speed_smoothed_mps,serial_cmd,pp_lookahead_m,pp_kappa_cmd_m_inv,pp_target_x_m,pp_target_y_m,pp_valid_path,seg_iou,seg_unstable_frames,stability_mode,stab_corr_px,stab_corr_deg,has_candidate_path,has_model_path,has_control_path,has_path,num_paths,best_path_length_px,num_graph_nodes,num_graph_edges,num_detections,min_obstacle_dist_m,detection_classes,detection_distances,gps_lat,gps_lon,gps_fix_quality,gps_wp_name,gps_wp_dist_m,gps_correction_deg,sidewalk_mask_pixels,bev_mask_pixels,skeleton_pixels
0,2.3480160236358643,2026-03-05T22:48:50.472366,2051.2,0.0,0.0,15.59,0.0,0.0,0.0,2098.04,0.0,1.596,1.596,STRAIGHT,1.5,1.5,"CMD,1.6,1.50",1.944,0.1163,1.568,0.144,1,1.0,0,NORMAL,0.0,0.0,1,1,1,1,1,89.4,11,5,0,,,,,,0,,,,1034145,111231,2052
1,2.5824241638183594,2026-03-05T22:48:50.706774,78.16,0.0,15.59,0.0,15.66,0.0,0.0,156.27,4.27,3.603,2.6,STRAIGHT,1.5,1.5,"CMD,2.6,1.50",4.0,0.1857,1.622,0.25,1,0.9616,0,NORMAL,0.259,0.013,1,1,1,1,1,121.0,11,5,0,,,,,,0,,,,1068855,112304,2107
2,2.6463329792022705,2026-03-05T22:48:50.770683,0.0,0.0,0.0,0.0,0.0,0.0,0.0,31.29,6.7,4.941,3.603,STRAIGHT,1.5,1.5,"CMD,3.6,1.50",4.0,0.1857,1.622,0.25,1,0.9616,0,NORMAL,0.215,0.029,1,1,1,1,1,101.0,0,0,0,,,,,,0,,,,1070054,98801,0
3,2.724429130554199,2026-03-05T22:48:50.848779,0.0,0.0,0.0,0.0,0.0,0.0,0.0,46.85,7.97,5.833,4.941,STRAIGHT,1.5,1.5,"CMD,4.9,1.50",4.0,0.1857,1.622,0.25,1,0.9616,0,NORMAL,0.472,0.047,1,1,1,1,1,91.0,0,0,0,,,,,,0,,,,1070054,89816,0
4,2.8025546073913574,2026-03-05T22:48:50.926904,0.0,0.0,15.59,0.0,0.0,0.0,0.0,46.87,8.8,6.427,5.833,STRAIGHT,1.5,1.5,"CMD,5.8,1.50",4.0,0.1857,1.622,0.25,1,0.9616,0,NORMAL,0.305,0.064,1,1,1,1,1,81.0,0,0,0,,,,,,0,,,,1070054,82271,0
5,2.9900550842285156,2026-03-05T22:48:51.114405,93.78,0.0,0.0,15.59,0.0,0.0,0.0,156.22,7.79,6.824,6.427,STRAIGHT,1.5,1.5,"CMD,6.4,1.50",4.0,0.1857,1.622,0.25,1,0.8274,0,NORMAL,0.783,0.098,1,1,1,1,1,213.4,23,5,0,,,,,,0,,,,921883,127953,2378
6,3.052583932876587,2026-03-05T22:48:51.176933,0.0,0.0,0.0,0.0,0.0,0.0,0.0,31.28,8.52,7.088,6.824,STRAIGHT,1.5,1.5,"CMD,6.8,1.50",4.0,0.1857,1.622,0.25,1,0.8274,0,NORMAL,0.899,0.112,1,1,1,1,1,203.4,0,0,0,,,,,,0,,,,923327,109260,0
7,3.225736379623413,2026-03-05T22:48:51.350086,93.78,0.0,0.0,16.89,0.0,0.0,0.0,141.9,7.98,7.264,7.088,STRAIGHT,1.5,1.5,"CMD,7.1,1.50",4.0,0.1857,1.622,0.25,1,0.9624,0,NORMAL,1.158,0.116,1,1,1,1,1,220.5,27,6,0,,,,,,0,,,,948517,126856,2416
8,3.288276195526123,2026-03-05T22:48:51.412626,0.0,0.0,0.0,0.0,0.0,0.0,0.0,31.25,8.51,7.382,7.264,STRAIGHT,1.5,1.5,"CMD,7.3,1.50",4.0,0.1857,1.622,0.25,1,0.9624,0,NORMAL,1.447,0.144,1,1,1,1,1,210.5,0,0,0,,,,,,0,,,,950023,109606,0
9,3.4601476192474365,2026-03-05T22:48:51.584497,93.75,0.0,0.0,15.62,0.0,0.0,0.0,140.65,8.09,7.46,7.382,STRAIGHT,1.5,1.5,"CMD,7.4,1.50",4.0,0.1857,1.622,0.25,1,0.9266,0,NORMAL,1.797,0.173,1,1,1,1,1,219.1,11,5,0,,,,,,0,,,,879791,114755,1990
10,3.5226266384124756,2026-03-05T22:48:51.646976,0.0,0.0,0.0,0.0,0.0,0.0,0.0,31.22,8.51,7.512,7.46,STRAIGHT,1.5,1.5,"CMD,7.5,1.50",4.0,0.1857,1.622,0.25,1,0.9266,0,NORMAL,2.359,0.204,1,1,1,1,1,209.1,0,0,0,,,,,,0,,,,881005,97484,0
11,3.6944961547851562,2026-03-05T22:48:51.818846,93.78,0.0,0.0,15.58,0.0,0.0,0.0,140.63,8.17,4.219,7.46,STRAIGHT,1.5,1.5,"CMD,7.5,1.50",2.971,-0.0575,2.945,-0.251,1,0.974,0,NORMAL,2.589,0.229,1,1,1,1,1,216.3,25,6,0,,,,,,0,,,,896866,123485,2420
12,3.7726237773895264,2026-03-05T22:48:51.896973,0.0,0.0,0.0,0.0,0.0,0.0,0.0,46.84,8.42,2.023,4.219,STRAIGHT,1.5,1.5,"CMD,4.2,1.50",2.971,-0.0575,2.945,-0.251,1,0.974,0,NORMAL,5.697,0.336,1,1,1,1,1,206.3,0,0,0,,,,,,0,,,,898311,105260,0
13,3.9458916187286377,2026-03-05T22:48:52.070241,95.18,0.0,0.0,15.59,0.0,0.0,0.0,142.01,8.14,0.617,2.023,STRAIGHT,1.5,1.5,"CMD,2.0,1.50",3.022,-0.0532,3.004,-0.242,1,0.9851,0,NORMAL,6.265,0.353,1,1,1,1,1,219.6,6,3,0,,,,,,0,,,,902280,120249,1721
14,4.008422136306763,2026-03-05T22:48:52.132772,0.0,0.0,0.0,0.0,0.0,0.0,0.0,31.25,8.43,-0.32,0.617,STRAIGHT,1.5,1.5,"CMD,0.6,1.50",3.022,-0.0532,3.004,-0.242,1,0.9851,0,NORMAL,6.879,0.386,1,1,1,1,1,204.6,0,0,0,,,,,,0,,,,903801,104319,0
15,4.195922136306763,2026-03-05T22:48:52.320272,93.73,0.0,0.0,15.62,15.65,0.0,0.0,156.28,8.12,-0.733,-0.32,STRAIGHT,1.5,1.5,"CMD,-0.3,1.50",3.616,-0.0378,3.606,-0.247,1,0.9462,0,NORMAL,7.603,0.427,1,1,1,1,1,211.5,122,7,0,,,,,,0,,,,951757,153625,3303
16,4.258394241333008,2026-03-05T22:48:52.382744,0.0,0.0,0.0,0.0,0.0,0.0,0.0,46.85,8.38,-1.009,-0.733,STRAIGHT,1.5,1.5,"CMD,-0.7,1.50",3.616,-0.0378,3.606,-0.247,1,0.9462,0,NORMAL,8.728,0.464,1,1,1,1,1,196.5,0,0,0,,,,,,0,,,,953700,141318,0
17,4.320937395095825,2026-03-05T22:48:52.445287,0.0,0.0,0.0,0.0,0.0,0.0,0.0,31.26,8.62,-1.193,-1.009,STRAIGHT,1.5,1.5,"CMD,-1.0,1.50",3.616,-0.0378,3.606,-0.247,1,0.9462,0,NORMAL,11.036,0.529,1,1,1,1,1,191.5,0,0,0,,,,,,0,,,,953700,130256,0
18,4.383429765701294,2026-03-05T22:48:52.507779,0.0,0.0,0.0,0.0,0.0,0.0,0.0,31.26,8.84,-1.315,-1.193,STRAIGHT,1.5,1.5,"CMD,-1.2,1.50",3.616,-0.0378,3.606,-0.247,1,0.9462,0,NORMAL,10.243,0.54,1,1,1,1,1,176.5,0,0,0,,,,,,0,,,,953700,119846,0
19,4.570921897888184,2026-03-05T22:48:52.695272,93.76,0.0,0.0,15.59,15.65,0.0,0.0,156.25,8.55,-1.289,-1.289,STRAIGHT,1.5,1.5,"CMD,-1.3,1.50",4.0,-0.03,3.988,-0.239,1,0.9761,0,NORMAL,10.666,0.55,1,1,1,1,1,206.9,142,8,0,,,,,,0,,,,936146,148969,3494
20,4.633396863937378,2026-03-05T22:48:52.757747,0.0,0.0,0.0,0.0,0.0,0.0,0.0,46.84,8.75,-1.271,-1.289,STRAIGHT,1.5,1.5,"CMD,-1.3,1.50",4.0,-0.03,3.988,-0.239,1,0.9761,0,NORMAL,10.631,0.584,1,1,1,1,1,196.9,0,0,0,,,,,,0,,,,938192,138496,0
21,4.695929050445557,2026-03-05T22:48:52.820279,0.0,0.0,0.0,0.0,0.0,0.0,0.0,31.24,8.94,-1.259,-1.271,STRAIGHT,1.5,1.5,"CMD,-1.3,1.50",4.0,-0.03,3.988,-0.239,1,0.9761,0,NORMAL,11.153,0.632,1,1,1,1,1,186.9,0,0,0,,,,,,0,,,,938192,128994,0
22,4.758426189422607,2026-03-05T22:48:52.882776,0.0,0.0,0.0,0.0,0.0,0.0,0.0,31.28,9.13,-1.251,-1.259,STRAIGHT,1.5,1.5,"CMD,-1.3,1.50",4.0,-0.03,3.988,-0.239,1,0.9761,0,NORMAL,11.663,0.661,1,1,1,1,1,176.9,0,0,0,,,,,,0,,,,938192,120053,0
23,4.9472997188568115,2026-03-05T22:48:53.071649,95.12,0.0,0.0,15.65,0.0,0.0,0.0,157.62,8.85,-0.386,-1.251,STRAIGHT,1.5,1.5,"CMD,-1.3,1.50",4.0,0.0326,3.987,0.26,1,0.9759,0,NORMAL,12.125,0.674,1,1,1,1,1,222.5,114,10,0,,,,,,0,,,,953019,157988,3482
24,5.025430917739868,2026-03-05T22:48:53.149780,0.0,0.0,0.0,0.0,0.0,0.0,15.62,46.88,8.96,0.19,-0.386,STRAIGHT,1.5,1.5,"CMD,-0.4,1.50",4.0,0.0326,3.987,0.26,1,0.9759,0,NORMAL,12.825,0.704,1,1,1,1,1,212.5,0,0,0,,,,,,0,,,,954816,152733,0
25,5.087901592254639,2026-03-05T22:48:53.212251,15.59,0.0,0.0,0.0,0.0,0.0,0.0,46.85,9.12,0.575,0.19,STRAIGHT,1.5,1.5,"CMD,0.2,1.50",4.0,0.0326,3.987,0.26,1,0.9759,0,NORMAL,12.894,0.764,1,1,1,1,1,202.5,0,0,0,,,,,,0,,,,954816,147634,0
26,5.150401830673218,2026-03-05T22:48:53.274752,0.0,0.0,0.0,0.0,0.0,0.0,0.0,46.84,9.28,0.831,0.575,STRAIGHT,1.5,1.5,"CMD,0.6,1.50",4.0,0.0326,3.987,0.26,1,0.9759,0,NORMAL,14.746,0.799,1,1,1,1,1,192.5,0,0,0,,,,,,0,,,,954816,142665,0
27,5.323670387268066,2026-03-05T22:48:53.448020,78.15,0.0,15.63,15.62,0.0,0.0,0.0,141.99,9.07,0.078,0.575,STRAIGHT,1.5,1.5,"CMD,0.6,1.50",3.785,-0.0346,3.76,-0.246,1,0.9729,0,NORMAL,16.274,0.806,1,1,1,1,1,208.1,131,9,0,,,,,,0,,,,961655,149621,3744
28,5.4017698764801025,2026-03-05T22:48:53.526120,0.0,0.0,15.6,0.0,0.0,0.0,0.0,46.87,9.17,-0.424,0.078,STRAIGHT,1.5,1.5,"CMD,0.1,1.50",3.785,-0.0346,3.76,-0.246,1,0.9729,0,NORMAL,17.469,0.814,1,1,1,1,1,198.1,0,0,0,,,,,,0,,,,963702,134106,0
29,5.46429705619812,2026-03-05T22:48:53.588647,15.62,0.0,0.0,0.0,0.0,0.0,0.0,46.86,9.31,-0.759,-0.424,STRAIGHT,1.5,1.5,"CMD,-0.4,1.50",3.785,-0.0346,3.76,-0.246,1,0.9729,0,NORMAL,18.096,0.816,1,1,1,1,1,188.1,0,0,0,,,,,,0,,,,963702,118036,0
30,5.52677059173584,2026-03-05T22:48:53.651120,0.0,0.0,0.0,0.0,0.0,0.0,0.0,46.84,9.85,-0.982,-0.759,STRAIGHT,1.5,1.5,"CMD,-0.8,1.50",3.785,-0.0346,3.76,-0.246,1,0.9729,0,NORMAL,19.717,0.86,1,1,1,1,1,183.1,0,0,0,,,,,,0,,,,963702,103399,0
31,5.700090169906616,2026-03-05T22:48:53.824440,79.57,0.0,0.0,31.25,0.0,0.0,0.0,157.66,9.5,-0.159,-0.759,STRAIGHT,1.5,1.5,"CMD,-0.8,1.50",3.466,0.0361,3.456,0.216,1,0.9777,0,NORMAL,22.815,0.925,1,1,1,1,1,223.7,117,8,0,,,,,,0,,,,953431,138056,3087
32,5.762592554092407,2026-03-05T22:48:53.886942,0.0,0.0,0.0,0.0,0.0,0.0,0.0,31.25,9.55,0.39,-0.159,STRAIGHT,1.5,1.5,"CMD,-0.2,1.50",3.466,0.0361,3.456,0.216,1,0.9777,0,NORMAL,26.441,0.978,1,1,1,1,1,213.7,0,0,0,,,,,,0,,,,955003,129120,0
33,5.8406877517700195,2026-03-05T22:48:53.965037,0.0,0.0,15.59,0.0,0.0,0.0,0.0,46.85,9.55,0.757,0.39,STRAIGHT,1.5,1.5,"CMD,0.4,1.50",3.466,0.0361,3.456,0.216,1,0.9777,0,NORMAL,35.482,1.188,1,1,1,1,1,203.7,0,0,0,,,,,,0,,,,955003,119821,0
34,5.9031877517700195,2026-03-05T22:48:54.027537,0.0,0.0,0.0,0.0,0.0,0.0,0.0,46.84,9.95,1.001,0.757,STRAIGHT,1.5,1.5,"CMD,0.8,1.50",3.466,0.0361,3.456,0.216,1,0.9777,0,NORMAL,36.864,1.2,1,1,1,1,1,198.7,0,0,0,,,,,,0,,,,955003,110387,0
35,6.075088739395142,2026-03-05T22:48:54.199438,78.12,0.0,15.61,0.0,15.64,0.0,0.0,140.62,9.59,1.104,1.001,STRAIGHT,1.5,1.5,"CMD,1.0,1.50",4.0,0.0318,3.997,0.255,1,0.9689,0,NORMAL,39.573,1.225,1,1,1,1,1,224.2,28,8,0,,,,,,0,,,,954538,125797,2703
36,6.137576341629028,2026-03-05T22:48:54.261926,0.0,0.0,0.0,0.0,0.0,0.0,0.0,31.23,9.96,1.173,1.104,STRAIGHT,1.5,1.5,"CMD,1.1,1.50",4.0,0.0318,3.997,0.255,1,0.9689,0,NORMAL,47.377,1.454,1,1,1,1,1,214.2,0,0,0,,,,,,0,,,,956224,120167,0
37,6.20009708404541,2026-03-05T22:48:54.324447,0.0,0.0,0.0,0.0,0.0,0.0,0.0,31.25,9.96,1.219,1.173,STRAIGHT,1.5,1.5,"CMD,1.2,1.50",4.0,0.0318,3.997,0.255,1,0.9689,0,NORMAL,51.02,1.538,1,1,1,1,1,204.2,0,0,0,,,,,,0,,,,956224,114867,0
38,6.262599229812622,2026-03-05T22:48:54.386949,0.0,0.0,0.0,0.0,0.0,0.0,0.0,31.26,10.35,1.249,1.219,STRAIGHT,1.5,1.5,"CMD,1.2,1.50",4.0,0.0318,3.997,0.255,1,0.9689,0,NORMAL,53.258,1.547,1,1,1,1,1,199.2,0,0,0,,,,,,0,,,,956224,109757,0
39,6.434471368789673,2026-03-05T22:48:54.558821,78.12,0.0,15.63,0.0,15.63,0.0,0.0,140.66,9.96,1.261,1.249,STRAIGHT,1.5,1.5,"CMD,1.2,1.50",4.0,0.0311,4.0,0.25,1,0.9502,0,NORMAL,55.753,1.564,1,1,1,1,1,205.5,9,4,0,,,,,,0,,,,915077,92363,1810
40,6.496968984603882,2026-03-05T22:48:54.621319,15.62,0.0,0.0,0.0,0.0,0.0,0.0,46.87,10.35,1.268,1.261,STRAIGHT,1.5,1.5,"CMD,1.3,1.50",4.0,0.0311,4.0,0.25,1,0.9502,0,NORMAL,62.873,1.725,1,1,1,1,1,195.5,0,0,0,,,,,,0,,,,916086,85115,0
41,6.560884714126587,2026-03-05T22:48:54.685234,1.44,0.0,0.0,0.0,0.0,0.0,0.0,48.29,10.4,1.274,1.268,STRAIGHT,1.5,1.5,"CMD,1.3,1.50",4.0,0.0311,4.0,0.25,1,0.9502,0,NORMAL,64.268,1.7,1,1,1,1,1,190.5,0,0,0,,,,,,0,,,,916086,78297,0
42,6.6234214305877686,2026-03-05T22:48:54.747771,15.63,0.0,0.0,0.0,0.0,0.0,0.0,46.88,10.83,1.277,1.274,STRAIGHT,1.5,1.5,"CMD,1.3,1.50",4.0,0.0311,4.0,0.25,1,0.9502,0,NORMAL,64.058,1.673,1,1,1,1,1,180.5,0,0,0,,,,,,0,,,,916086,71243,0
43,6.795295000076294,2026-03-05T22:48:54.919645,78.16,0.0,0.0,0.0,15.65,0.0,0.0,156.25,10.41,1.277,1.277,STRAIGHT,1.5,1.5,"CMD,1.3,1.50",4.0,0.0309,3.999,0.248,1,0.9483,0,NORMAL,64.53,1.656,1,1,1,1,1,223.9,37,5,0,,,,,,0,,,,962499,113608,2168
44,6.857768535614014,2026-03-05T22:48:54.982118,0.0,0.0,0.0,0.0,0.0,0.0,0.0,46.84,10.89,1.277,1.277,STRAIGHT,1.5,1.5,"CMD,1.3,1.50",4.0,0.0309,3.999,0.248,1,0.9483,0,NORMAL,65.33,1.627,1,1,1,1,1,213.9,0,0,0,,,,,,0,,,,964232,107052,0
45,6.920298099517822,2026-03-05T22:48:55.044648,0.0,0.0,0.0,0.0,0.0,0.0,0.0,31.25,10.89,1.276,1.277,STRAIGHT,1.5,1.5,"CMD,1.3,1.50",4.0,0.0309,3.999,0.248,1,0.9483,0,NORMAL,67.486,1.709,1,1,1,1,1,208.9,0,0,0,,,,,,0,,,,964232,101182,0
46,6.982789516448975,2026-03-05T22:48:55.107139,0.0,0.0,0.0,0.0,0.0,0.0,0.0,31.24,10.89,1.276,1.276,STRAIGHT,1.5,1.5,"CMD,1.3,1.50",4.0,0.0309,3.999,0.248,1,0.9483,0,NORMAL,68.23,1.684,1,1,1,1,1,198.9,0,0,0,,,,,,0,,,,964232,95939,0
47,7.170297622680664,2026-03-05T22:48:55.294647,93.75,0.0,0.0,31.25,0.0,0.0,0.0,156.25,10.41,1.085,1.276,STRAIGHT,1.5,1.5,"CMD,1.3,1.50",2.033,0.017,1.973,0.033,1,0.9752,0,NORMAL,68.882,1.646,1,1,1,1,1,156.0,173,7,0,,,,,,0,,,,976277,128875,2967
48,7.359116792678833,2026-03-05T22:48:55.483466,93.75,0.0,0.0,15.59,16.97,0.0,0.0,157.57,10.4,1.031,1.085,STRAIGHT,1.5,1.5,"CMD,1.1,1.50",2.008,0.0224,1.949,0.043,1,0.9886,0,NORMAL,69.366,1.606,1,1,1,1,1,184.5,125,6,0,,,,,,0,,,,971885,125806,2623
49,7.421625137329102,2026-03-05T22:48:55.545975,0.0,0.0,0.0,0.0,0.0,0.0,0.0,46.84,10.4,0.995,1.031,STRAIGHT,1.5,1.5,"CMD,1.0,1.50",2.008,0.0224,1.949,0.043,1,0.9886,0,NORMAL,70.468,1.588,1,1,1,1,1,174.6,0,0,0,,,,,,0,,,,973333,115442,0
50,7.48412561416626,2026-03-05T22:48:55.608475,0.0,0.0,0.0,0.0,0.0,0.0,0.0,46.84,10.4,0.971,0.995,STRAIGHT,1.5,1.5,"CMD,1.0,1.50",2.008,0.0224,1.949,0.043,1,0.9886,0,NORMAL,70.711,1.548,1,1,1,1,1,164.6,0,0,0,,,,,,0,,,,973333,104840,0
51,7.546656847000122,2026-03-05T22:48:55.671006,0.0,0.0,0.0,0.0,0.0,0.0,0.0,31.25,10.4,0.955,0.971,STRAIGHT,1.5,1.5,"CMD,1.0,1.50",2.008,0.0224,1.949,0.043,1,0.9886,0,NORMAL,70.711,1.509,1,1,1,1,1,154.6,0,0,0,,,,,,0,,,,973333,94939,0
52,7.734154224395752,2026-03-05T22:48:55.858504,93.76,0.0,0.0,15.61,0.0,0.0,0.0,156.25,10.41,1.074,0.971,STRAIGHT,1.5,1.5,"CMD,1.0,1.50",4.0,0.0318,3.984,0.253,1,0.9794,0,NORMAL,70.711,1.475,1,1,1,1,1,214.2,116,6,0,,,,,,0,,,,976417,131331,2469
53,7.796626091003418,2026-03-05T22:48:55.920976,0.0,0.0,0.0,0.0,0.0,0.0,0.0,46.84,10.46,1.153,1.074,STRAIGHT,1.5,1.5,"CMD,1.1,1.50",4.0,0.0318,3.984,0.253,1,0.9794,0,NORMAL,70.711,1.445,1,1,1,1,1,204.2,0,0,0,,,,,,0,,,,977926,126890,0
54,7.859156608581543,2026-03-05T22:48:55.983506,0.0,0.0,0.0,0.0,0.0,0.0,0.0,46.87,10.46,1.206,1.153,STRAIGHT,1.5,1.5,"CMD,1.2,1.50",4.0,0.0318,3.984,0.253,1,0.9794,0,NORMAL,70.711,1.418,1,1,1,1,1,199.2,0,0,0,,,,,,0,,,,977926,122591,0
55,7.938633441925049,2026-03-05T22:48:56.062983,0.0,0.0,15.64,0.0,0.0,0.0,0.0,48.23,10.4,1.241,1.206,STRAIGHT,1.5,1.5,"CMD,1.2,1.50",4.0,0.0318,3.984,0.253,1,0.9794,0,NORMAL,70.711,1.385,1,1,1,1,1,189.2,0,0,0,,,,,,0,,,,977926,118364,0
56,8.110523223876953,2026-03-05T22:48:56.234873,78.15,0.0,0.0,15.65,0.0,0.0,0.0,156.24,10.41,1.172,1.206,STRAIGHT,1.5,1.5,"CMD,1.2,1.50",3.247,0.0251,3.232,0.131,1,0.9301,0,NORMAL,70.711,1.351,1,1,1,1,1,213.5,139,11,0,,,,,,0,,,,1039604,155411,3090
57,8.188626766204834,2026-03-05T22:48:56.312976,0.0,0.0,15.6,0.0,0.0,0.0,0.0,46.85,10.41,1.126,1.172,STRAIGHT,1.5,1.5,"CMD,1.2,1.50",3.247,0.0251,3.232,0.131,1,0.9301,0,NORMAL,70.711,1.327,1,1,1,1,1,203.5,0,0,0,,,,,,0,,,,1042323,144260,0
58,8.360524892807007,2026-03-05T22:48:56.484875,78.12,0.0,15.59,15.65,0.0,0.0,0.0,140.62,10.01,0.7,1.126,STRAIGHT,1.5,1.5,"CMD,1.1,1.50",3.019,-0.0036,3.007,-0.016,1,0.9762,0,NORMAL,70.711,1.3,1,1,1,1,1,224.8,121,8,0,,,,,,0,,,,1046113,150002,2766
59,8.43862795829773,2026-03-05T22:48:56.562978,0.0,0.0,0.0,0.0,0.0,0.0,0.0,46.85,9.96,0.417,0.7,STRAIGHT,1.5,1.5,"CMD,0.7,1.50",3.019,-0.0036,3.007,-0.016,1,0.9762,0,NORMAL,70.711,1.268,1,1,1,1,1,214.8,0,0,0,,,,,,0,,,,1048882,132847,0
60,8.626152515411377,2026-03-05T22:48:56.750502,93.76,0.0,0.0,15.58,15.65,0.0,0.0,156.25,9.91,-0.36,0.417,STRAIGHT,1.5,1.5,"CMD,0.4,1.50",2.756,-0.0464,2.72,-0.172,1,0.9685,0,NORMAL,70.711,1.238,1,1,1,1,1,209.1,113,9,0,,,,,,0,,,,1041610,136197,2885
61,8.688628196716309,2026-03-05T22:48:56.812978,0.0,0.0,0.0,0.0,0.0,0.0,0.0,31.22,9.91,-0.878,-0.36,STRAIGHT,1.5,1.5,"CMD,-0.4,1.50",2.756,-0.0464,2.72,-0.172,1,0.9685,0,NORMAL,70.711,1.216,1,1,1,1,1,199.1,0,0,0,,,,,,0,,,,1044721,116947,0
62,8.876152515411377,2026-03-05T22:48:57.000502,93.78,0.0,15.62,15.62,0.0,0.0,0.0,156.24,9.55,-0.927,-0.878,STRAIGHT,1.5,1.5,"CMD,-0.9,1.50",2.469,-0.0248,2.439,-0.074,1,0.9733,0,NORMAL,70.711,1.192,1,1,1,1,1,214.7,132,9,0,,,,,,0,,,,1028762,140081,2703
63,8.954252481460571,2026-03-05T22:48:57.078602,0.0,0.0,0.0,0.0,0.0,0.0,0.0,46.84,9.5,-0.959,-0.927,STRAIGHT,1.5,1.5,"CMD,-0.9,1.50",2.469,-0.0248,2.439,-0.074,1,0.9733,0,NORMAL,70.711,1.144,1,1,1,1,1,204.7,0,0,0,,,,,,0,,,,1031493,116757,0
64,9.127527713775635,2026-03-05T22:48:57.251877,78.15,0.0,15.63,15.62,0.0,0.0,0.0,156.29,9.5,-0.544,-0.927,STRAIGHT,1.5,1.5,"CMD,-0.9,1.50",2.831,0.007,2.814,0.028,1,0.9602,0,NORMAL,70.711,1.094,1,1,1,1,1,224.6,86,6,0,,,,,,0,,,,1044535,132108,2255
65,9.205651998519897,2026-03-05T22:48:57.330002,15.62,0.0,0.0,0.0,0.0,0.0,0.0,46.87,9.45,-0.266,-0.544,STRAIGHT,1.5,1.5,"CMD,-0.5,1.50",2.831,0.007,2.814,0.028,1,0.9602,0,NORMAL,70.711,1.04,1,1,1,1,1,214.6,0,0,0,,,,,,0,,,,1047494,118334,0
66,9.378923654556274,2026-03-05T22:48:57.503273,79.51,0.0,15.62,0.0,15.63,0.0,0.0,142.02,9.12,0.894,-0.266,STRAIGHT,1.5,1.5,"CMD,-0.3,1.50",2.56,0.078,2.518,0.25,1,0.9148,0,NORMAL,70.711,1.006,1,1,1,1,1,212.4,55,7,0,,,,,,0,,,,959601,85639,2322
67,9.441396474838257,2026-03-05T22:48:57.565746,0.0,0.0,0.0,0.0,0.0,0.0,0.0,46.85,9.12,1.668,0.894,STRAIGHT,1.5,1.5,"CMD,0.9,1.50",2.56,0.078,2.518,0.25,1,0.9148,0,NORMAL,70.711,0.999,1,1,1,1,1,202.4,0,0,0,,,,,,0,,,,961978,72212,0
68,9.61329698562622,2026-03-05T22:48:57.737647,78.13,0.0,15.63,0.0,0.0,0.0,0.0,140.62,9.12,1.808,1.668,STRAIGHT,1.5,1.5,"CMD,1.7,1.50",2.865,0.0506,2.842,0.206,1,0.9602,0,NORMAL,70.711,0.977,1,1,1,1,1,222.5,13,5,0,,,,,,0,,,,974837,101146,1823
69,9.67579984664917,2026-03-05T22:48:57.800150,15.63,0.0,0.0,0.0,0.0,0.0,0.0,46.88,9.12,1.901,1.808,STRAIGHT,1.5,1.5,"CMD,1.8,1.50",2.865,0.0506,2.842,0.206,1,0.9602,0,NORMAL,70.711,0.95,1,1,1,1,1,212.5,0,0,0,,,,,,0,,,,976917,89882,0
70,9.849093914031982,2026-03-05T22:48:57.973444,93.72,0.0,0.0,15.62,15.66,0.0,0.0,157.67,8.82,1.664,1.808,STRAIGHT,1.5,1.5,"CMD,1.8,1.50",3.442,0.0288,3.419,0.169,1,0.9499,0,NORMAL,70.506,0.923,1,1,1,1,1,223.3,98,8,0,,,,,,0,,,,933129,96525,2842
71,9.911591291427612,2026-03-05T22:48:58.035941,0.0,0.0,0.0,0.0,0.0,0.0,0.0,31.24,8.82,1.505,1.664,STRAIGHT,1.5,1.5,"CMD,1.7,1.50",3.442,0.0288,3.419,0.169,1,0.9499,0,NORMAL,70.215,0.907,1,1,1,1,1,213.3,0,0,0,,,,,,0,,,,934711,89738,0
72,10.083440780639648,2026-03-05T22:48:58.207790,93.77,0.0,0.0,15.58,0.0,0.0,0.0,140.6,8.82,1.437,1.505,STRAIGHT,1.5,1.5,"CMD,1.5,1.50",3.745,0.0315,3.725,0.219,1,0.9251,0,NORMAL,69.957,0.886,1,1,1,1,1,193.4,32,7,0,,,,,,0,,,,867046,66973,1831
73,10.145974397659302,2026-03-05T22:48:58.270324,0.0,0.0,0.0,0.0,0.0,0.0,0.0,31.26,8.82,1.391,1.437,STRAIGHT,1.5,1.5,"CMD,1.4,1.50",3.745,0.0315,3.725,0.219,1,0.9251,0,NORMAL,69.741,0.865,1,1,1,1,1,183.4,0,0,0,,,,,,0,,,,867936,62074,0
74,10.208468437194824,2026-03-05T22:48:58.332818,0.0,0.0,0.0,0.0,0.0,0.0,0.0,31.28,8.82,1.361,1.391,STRAIGHT,1.5,1.5,"CMD,1.4,1.50",3.745,0.0315,3.725,0.219,1,0.9251,0,NORMAL,69.82,0.845,1,1,1,1,1,173.4,0,0,0,,,,,,0,,,,867936,57152,0
75,10.270971536636353,2026-03-05T22:48:58.395321,0.0,0.0,0.0,0.0,0.0,0.0,0.0,31.28,8.82,1.341,1.361,STRAIGHT,1.5,1.5,"CMD,1.4,1.50",3.745,0.0315,3.725,0.219,1,0.9251,0,NORMAL,70.0,0.828,1,1,1,1,1,163.4,0,0,0,,,,,,0,,,,867936,52207,0
76,10.442841053009033,2026-03-05T22:48:58.567191,93.75,0.0,0.0,15.62,0.0,0.0,0.0,140.62,8.86,1.378,1.361,STRAIGHT,1.5,1.5,"CMD,1.4,1.50",4.0,0.0352,3.562,0.224,1,0.9436,0,NORMAL,70.471,0.81,1,1,1,1,1,179.1,35,5,0,,,,,,0,,,,825705,63680,1728
77,10.505317449569702,2026-03-05T22:48:58.629667,0.0,0.0,0.0,0.0,0.0,0.0,0.0,31.22,9.22,1.403,1.378,STRAIGHT,1.5,1.5,"CMD,1.4,1.50",4.0,0.0352,3.562,0.224,1,0.9436,0,NORMAL,70.711,0.781,1,1,1,1,1,169.1,0,0,0,,,,,,0,,,,826348,59099,0
78,10.56784963607788,2026-03-05T22:48:58.692199,0.0,0.0,0.0,0.0,0.0,0.0,0.0,31.25,9.22,1.419,1.403,STRAIGHT,1.5,1.5,"CMD,1.4,1.50",4.0,0.0352,3.562,0.224,1,0.9436,0,NORMAL,70.329,0.74,1,1,1,1,1,159.1,0,0,0,,,,,,0,,,,826348,55351,0
79,10.630347490310669,2026-03-05T22:48:58.754697,0.0,0.0,0.0,0.0,0.0,0.0,0.0,31.25,9.22,1.43,1.419,STRAIGHT,1.5,1.5,"CMD,1.4,1.50",4.0,0.0352,3.562,0.224,1,0.9436,0,NORMAL,70.116,0.722,1,1,1,1,1,154.1,0,0,0,,,,,,0,,,,826348,51652,0
80,10.799580097198486,2026-03-05T22:48:58.923930,74.32,0.0,15.6,0.0,15.62,0.0,0.0,136.76,8.92,1.329,1.419,STRAIGHT,1.5,1.5,"CMD,1.4,1.50",4.0,0.0273,3.973,0.216,1,0.9267,0,NORMAL,70.294,0.706,1,1,1,1,1,199.9,30,6,0,,,,,,0,,,,836098,73337,1694
81,10.862078428268433,2026-03-05T22:48:58.986428,0.0,0.0,0.0,0.0,0.0,0.0,0.0,46.86,9.27,1.262,1.329,STRAIGHT,1.5,1.5,"CMD,1.3,1.50",4.0,0.0273,3.973,0.216,1,0.9267,0,NORMAL,69.736,0.678,1,1,1,1,1,189.9,0,0,0,,,,,,0,,,,836931,68809,0
82,10.940232276916504,2026-03-05T22:48:59.064582,0.0,0.0,15.62,0.0,0.0,0.0,0.0,46.88,9.23,1.217,1.262,STRAIGHT,1.5,1.5,"CMD,1.3,1.50",4.0,0.0273,3.973,0.216,1,0.9267,0,NORMAL,69.191,0.653,1,1,1,1,1,179.9,0,0,0,,,,,,0,,,,836931,64826,0
83,11.0027334690094,2026-03-05T22:48:59.127083,0.0,0.0,15.63,0.0,0.0,0.0,0.0,46.88,9.23,1.188,1.217,STRAIGHT,1.5,1.5,"CMD,1.2,1.50",4.0,0.0273,3.973,0.216,1,0.9267,0,NORMAL,68.566,0.636,1,1,1,1,1,174.9,0,0,0,,,,,,0,,,,836931,60718,0
84,11.15895414352417,2026-03-05T22:48:59.283304,93.76,0.0,0.0,15.59,0.0,0.0,0.0,140.58,9.01,0.134,1.188,STRAIGHT,1.5,1.5,"CMD,1.2,1.50",4.0,-0.0479,3.288,-0.26,1,0.9613,0,NORMAL,67.625,0.614,1,1,1,1,1,173.8,14,6,0,,,,,,0,,,,812427,64919,1681
85,11.221455574035645,2026-03-05T22:48:59.345805,0.0,0.0,0.0,0.0,0.0,0.0,0.0,31.22,9.32,-0.569,0.134,STRAIGHT,1.5,1.5,"CMD,0.1,1.50",4.0,-0.0479,3.288,-0.26,1,0.9613,0,NORMAL,66.709,0.608,1,1,1,1,1,163.8,0,0,0,,,,,,0,,,,813096,59927,0
86,11.283955812454224,2026-03-05T22:48:59.408305,0.0,0.0,0.0,0.0,0.0,0.0,0.0,31.22,9.37,-1.038,-0.569,STRAIGHT,1.5,1.5,"CMD,-0.6,1.50",4.0,-0.0479,3.288,-0.26,1,0.9613,0,NORMAL,65.57,0.601,1,1,1,1,1,153.8,0,0,0,,,,,,0,,,,813096,55085,0
87,11.346456050872803,2026-03-05T22:48:59.470805,0.0,0.0,0.0,0.0,0.0,0.0,0.0,31.22,9.71,-1.35,-1.038,STRAIGHT,1.5,1.5,"CMD,-1.0,1.50",4.0,-0.0479,3.288,-0.26,1,0.9613,0,NORMAL,64.423,0.593,1,1,1,1,1,148.8,0,0,0,,,,,,0,,,,813096,50254,0
88,11.502736568450928,2026-03-05T22:48:59.627086,78.15,0.0,15.63,0.0,0.0,0.0,0.0,125.0,9.46,-0.267,-1.038,STRAIGHT,1.5,1.5,"CMD,-1.0,1.50",3.9,0.046,3.151,0.23,1,0.9334,0,NORMAL,63.034,0.581,1,1,1,1,1,160.5,38,8,0,,,,,,0,,,,762103,52168,1736
89,11.565239906311035,2026-03-05T22:48:59.689590,0.0,0.0,0.0,0.0,0.0,0.0,0.0,31.24,9.87,0.455,-0.267,STRAIGHT,1.5,1.5,"CMD,-0.3,1.50",3.9,0.046,3.151,0.23,1,0.9334,0,NORMAL,61.975,0.584,1,1,1,1,1,150.5,0,0,0,,,,,,0,,,,762308,47155,0
90,11.737108945846558,2026-03-05T22:48:59.861459,93.75,0.0,0.0,0.0,15.62,0.0,0.0,140.65,9.51,0.808,0.455,STRAIGHT,1.5,1.5,"CMD,0.5,1.50",4.0,0.0367,3.425,0.216,1,0.9736,0,NORMAL,60.406,0.573,1,1,1,1,1,173.5,9,4,0,,,,,,0,,,,760237,54358,1353
91,11.799611568450928,2026-03-05T22:48:59.923961,0.0,0.0,0.0,0.0,0.0,0.0,0.0,46.86,9.92,1.043,0.808,STRAIGHT,1.5,1.5,"CMD,0.8,1.50",4.0,0.0367,3.425,0.216,1,0.9736,0,NORMAL,58.497,0.57,1,1,1,1,1,163.5,0,0,0,,,,,,0,,,,760282,50799,0
92,11.862084150314331,2026-03-05T22:48:59.986434,0.0,0.0,0.0,0.0,0.0,0.0,0.0,46.84,9.97,1.2,1.043,STRAIGHT,1.5,1.5,"CMD,1.0,1.50",4.0,0.0367,3.425,0.216,1,0.9736,0,NORMAL,56.81,0.574,1,1,1,1,1,153.5,0,0,0,,,,,,0,,,,760282,47430,0
93,11.94020962715149,2026-03-05T22:49:00.064559,0.0,0.0,0.0,0.0,0.0,0.0,0.0,46.87,10.31,1.304,1.2,STRAIGHT,1.5,1.5,"CMD,1.2,1.50",4.0,0.0367,3.425,0.216,1,0.9736,0,NORMAL,56.634,0.582,1,1,1,1,1,148.5,0,0,0,,,,,,0,,,,760282,44057,0
94,12.113437175750732,2026-03-05T22:49:00.237787,79.44,0.0,15.66,0.0,15.62,0.0,0.0,157.58,9.97,1.653,1.304,STRAIGHT,1.5,1.5,"CMD,1.3,1.50",2.977,0.057,2.95,0.25,1,0.9476,0,NORMAL,56.051,0.588,1,1,1,1,1,165.7,77,4,0,,,,,,0,,,,788893,63141,1603
95,12.175937175750732,2026-03-05T22:49:00.300287,15.62,0.0,0.0,0.0,0.0,0.0,0.0,46.87,10.37,1.885,1.653,STRAIGHT,1.5,1.5,"CMD,1.7,1.50",2.977,0.057,2.95,0.25,1,0.9476,0,NORMAL,55.098,0.591,1,1,1,1,1,155.7,0,0,0,,,,,,0,,,,788978,56070,0
96,12.332160949707031,2026-03-05T22:49:00.456510,78.17,0.0,0.0,15.58,0.0,0.0,0.0,140.6,10.03,2.218,1.885,STRAIGHT,1.5,1.5,"CMD,1.9,1.50",2.655,0.07,2.622,0.243,1,0.9851,0,NORMAL,54.255,0.589,1,1,1,1,1,159.7,64,3,0,,,,,,0,,,,782106,62167,1455
97,12.394690752029419,2026-03-05T22:49:00.519040,0.0,0.0,0.0,0.0,0.0,0.0,0.0,31.28,10.43,2.44,2.218,STRAIGHT,1.5,1.5,"CMD,2.2,1.50",2.655,0.07,2.622,0.243,1,0.9851,0,NORMAL,53.587,0.584,1,1,1,1,1,149.7,0,0,0,,,,,,0,,,,782234,53745,0
98,12.566566467285156,2026-03-05T22:49:00.690916,93.76,0.0,0.0,0.0,15.61,0.0,0.0,140.62,10.03,2.356,2.356,STRAIGHT,1.5,1.5,"CMD,2.4,1.50",3.19,0.0531,3.014,0.243,1,0.8977,0,NORMAL,52.607,0.565,1,1,1,1,1,152.1,13,4,0,,,,,,0,,,,702103,47897,1305
99,12.62907099723816,2026-03-05T22:49:00.753421,0.0,0.0,15.63,0.0,0.0,0.0,0.0,46.87,10.43,2.3,2.356,STRAIGHT,1.5,1.5,"CMD,2.4,1.50",3.19,0.0531,3.014,0.243,1,0.8977,0,NORMAL,51.503,0.559,1,1,1,1,1,142.1,0,0,0,,,,,,0,,,,702103,42261,0
100,12.785288333892822,2026-03-05T22:49:00.909638,93.76,0.0,0.0,15.59,0.0,0.0,0.0,140.59,10.09,2.328,2.328,STRAIGHT,1.5,1.5,"CMD,2.3,1.50",3.389,0.0578,2.877,0.241,1,0.9582,0,NORMAL,50.787,0.566,1,1,1,1,1,145.5,9,4,0,,,,,,0,,,,710963,45794,1248
101,12.847790479660034,2026-03-05T22:49:00.972140,0.0,0.0,0.0,0.0,0.0,0.0,0.0,46.84,10.49,2.347,2.328,STRAIGHT,1.5,1.5,"CMD,2.3,1.50",3.389,0.0578,2.877,0.241,1,0.9582,0,NORMAL,50.092,0.568,1,1,1,1,1,135.5,0,0,0,,,,,,0,,,,710965,40464,0
102,12.910299062728882,2026-03-05T22:49:01.034649,0.0,0.0,0.0,0.0,0.0,0.0,0.0,46.85,10.49,2.36,2.347,STRAIGHT,1.5,1.5,"CMD,2.3,1.50",3.389,0.0578,2.877,0.241,1,0.9582,0,NORMAL,49.602,0.569,1,1,1,1,1,130.5,0,0,0,,,,,,0,,,,710965,35902,0
103,12.972816228866577,2026-03-05T22:49:01.097166,0.0,0.0,0.0,0.0,0.0,0.0,0.0,31.25,10.49,2.368,2.36,STRAIGHT,1.5,1.5,"CMD,2.4,1.50",3.389,0.0578,2.877,0.241,1,0.9582,0,NORMAL,48.682,0.563,1,1,1,1,1,120.5,0,0,0,,,,,,0,,,,710965,33763,0
104,13.144692659378052,2026-03-05T22:49:01.269042,78.13,0.0,15.65,0.0,0.0,0.0,0.0,140.62,10.09,2.451,2.368,STRAIGHT,1.5,1.5,"CMD,2.4,1.50",2.818,0.0635,2.788,0.249,1,0.9572,0,NORMAL,48.052,0.567,1,1,1,1,1,193.4,73,8,0,,,,,,0,,,,728524,37787,1295
105,13.207192420959473,2026-03-05T22:49:01.331542,0.0,0.0,15.62,0.0,0.0,0.0,0.0,46.87,10.49,2.507,2.451,STRAIGHT,1.5,1.5,"CMD,2.5,1.50",2.818,0.0635,2.788,0.249,1,0.9572,0,NORMAL,47.166,0.566,1,1,1,1,1,183.4,0,0,0,,,,,,0,,,,728597,27937,0
106,13.36481785774231,2026-03-05T22:49:01.489167,93.76,0.0,0.0,0.0,16.99,0.0,0.0,142.0,10.14,2.492,2.492,STRAIGHT,1.5,1.5,"CMD,2.5,1.50",2.884,0.0597,2.852,0.245,1,0.9698,0,NORMAL,46.533,0.561,1,1,1,1,1,152.7,22,5,0,,,,,,0,,,,738767,32368,759
107,13.427354574203491,2026-03-05T22:49:01.551704,15.62,0.0,0.0,0.0,0.0,0.0,0.0,46.87,10.14,2.482,2.492,STRAIGHT,1.5,1.5,"CMD,2.5,1.50",2.884,0.0597,2.852,0.245,1,0.9698,0,NORMAL,45.408,0.541,1,1,1,1,1,142.7,0,0,0,,,,,,0,,,,738906,31590,0
108,13.583576679229736,2026-03-05T22:49:01.707926,93.75,0.0,0.0,15.59,0.0,0.0,0.0,140.6,9.82,2.559,2.492,STRAIGHT,1.5,1.5,"CMD,2.5,1.50",2.793,0.0658,2.758,0.252,1,0.9626,0,NORMAL,44.615,0.545,1,1,1,1,1,166.8,83,9,0,,,,,,0,,,,725808,35976,1479
109,13.646106243133545,2026-03-05T22:49:01.770456,0.0,0.0,0.0,0.0,0.0,0.0,0.0,31.28,10.19,2.61,2.559,STRAIGHT,1.5,1.5,"CMD,2.6,1.50",2.793,0.0658,2.758,0.252,1,0.9626,0,NORMAL,43.948,0.562,1,1,1,1,1,156.8,0,0,0,,,,,,0,,,,725855,34588,0
110,13.817955017089844,2026-03-05T22:49:01.942305,93.75,0.0,0.0,15.61,0.0,0.0,0.0,140.6,9.81,2.704,2.61,STRAIGHT,1.5,1.5,"CMD,2.6,1.50",2.654,0.0701,2.621,0.243,1,0.9564,0,NORMAL,45.445,0.554,1,1,1,1,1,152.8,38,3,0,,,,,,0,,,,697486,28984,727
111,13.880462646484375,2026-03-05T22:49:02.004812,0.0,0.0,0.0,0.0,0.0,0.0,0.0,46.85,9.86,2.766,2.704,STRAIGHT,1.5,1.5,"CMD,2.7,1.50",2.654,0.0701,2.621,0.243,1,0.9564,0,NORMAL,45.514,0.549,1,1,1,1,1,142.8,0,0,0,,,,,,0,,,,697542,26341,0
112,14.053789854049683,2026-03-05T22:49:02.178139,78.12,0.0,15.6,0.0,0.0,0.0,0.0,156.26,9.5,2.78,2.766,STRAIGHT,1.5,1.5,"CMD,2.8,1.50",2.678,0.0681,2.647,0.241,1,0.9614,0,NORMAL,45.37,0.529,1,1,1,1,1,166.4,31,5,0,,,,,,0,,,,678640,29849,1032
113,14.116290807723999,2026-03-05T22:49:02.240640,0.0,0.0,15.6,0.0,0.0,0.0,0.0,46.84,9.81,2.79,2.78,STRAIGHT,1.5,1.5,"CMD,2.8,1.50",2.678,0.0681,2.647,0.241,1,0.9614,0,NORMAL,45.389,0.512,1,1,1,1,1,156.4,0,0,0,,,,,,0,,,,678644,27681,0
114,14.272569179534912,2026-03-05T22:49:02.396919,93.75,0.0,0.0,0.0,15.62,0.0,0.0,140.62,9.5,2.755,2.78,STRAIGHT,1.5,1.5,"CMD,2.8,1.50",2.761,0.0651,2.732,0.245,1,0.9371,0,NORMAL,44.881,0.494,1,1,1,1,1,165.9,36,5,0,,,,,,0,,,,636207,27504,892
115,14.335073232650757,2026-03-05T22:49:02.459423,0.0,0.0,15.62,0.0,0.0,0.0,0.0,46.88,9.5,2.732,2.755,STRAIGHT,1.5,1.5,"CMD,2.8,1.50",2.761,0.0651,2.732,0.245,1,0.9371,0,NORMAL,44.643,0.483,1,1,1,1,1,155.9,0,0,0,,,,,,0,,,,636210,26011,0
116,14.49132251739502,2026-03-05T22:49:02.615672,93.78,0.0,0.0,15.62,0.0,0.0,0.0,140.63,9.22,2.456,2.732,STRAIGHT,1.5,1.5,"CMD,2.7,1.50",2.364,0.0462,2.325,0.125,1,0.9506,0,NORMAL,43.778,0.47,1,1,1,1,1,160.0,85,5,0,,,,,,0,,,,633212,28091,1190
117,14.55379581451416,2026-03-05T22:49:02.678145,0.0,0.0,0.0,0.0,0.0,0.0,0.0,46.85,9.5,2.272,2.456,STRAIGHT,1.5,1.5,"CMD,2.5,1.50",2.364,0.0462,2.325,0.125,1,0.9506,0,NORMAL,43.264,0.46,1,1,1,1,1,150.0,0,0,0,,,,,,0,,,,633214,26626,0
118,14.727012634277344,2026-03-05T22:49:02.851362,78.15,0.0,0.0,0.0,0.0,0.0,0.0,157.56,9.17,1.364,2.272,STRAIGHT,1.5,1.5,"CMD,2.3,1.50",2.612,-0.0109,2.587,-0.037,1,0.955,0,NORMAL,42.36,0.45,1,1,1,1,1,145.4,109,4,0,,,,,,0,,,,622860,26279,1204
119,14.789550542831421,2026-03-05T22:49:02.913900,0.0,0.0,15.63,0.0,0.0,0.0,0.0,46.88,9.5,0.759,1.364,STRAIGHT,1.5,1.5,"CMD,1.4,1.50",2.612,-0.0109,2.587,-0.037,1,0.955,0,NORMAL,42.046,0.436,1,1,1,1,1,135.4,0,0,0,,,,,,0,,,,622865,24219,0
120,14.96142292022705,2026-03-05T22:49:03.085773,93.75,0.0,0.0,15.59,0.0,0.0,0.0,156.27,9.17,1.262,1.262,STRAIGHT,1.5,1.5,"CMD,1.3,1.50",4.0,0.055,2.603,0.187,1,0.9397,0,NORMAL,41.831,0.431,1,1,1,1,1,130.7,116,7,0,,,,,,0,,,,619667,24208,1379
121,15.023927927017212,2026-03-05T22:49:03.148277,0.0,0.0,15.63,0.0,0.0,0.0,0.0,46.88,9.17,1.597,1.262,STRAIGHT,1.5,1.5,"CMD,1.3,1.50",4.0,0.055,2.603,0.187,1,0.9397,0,NORMAL,41.853,0.428,1,1,1,1,1,120.7,0,0,0,,,,,,0,,,,619667,22368,0
122,15.070802927017212,2026-03-05T22:49:03.195152,0.0,0.0,0.0,0.0,0.0,0.0,0.0,31.25,9.26,1.82,1.597,STRAIGHT,1.5,1.5,"CMD,1.6,1.50",4.0,0.055,2.603,0.187,1,0.9397,0,NORMAL,41.943,0.415,1,1,1,1,1,110.7,0,0,0,,,,,,0,,,,619667,20723,0
123,15.13330340385437,2026-03-05T22:49:03.257653,0.0,0.0,0.0,0.0,0.0,0.0,0.0,31.25,9.6,1.969,1.82,STRAIGHT,1.5,1.5,"CMD,1.8,1.50",4.0,0.055,2.603,0.187,1,0.9397,0,NORMAL,42.473,0.411,1,1,1,1,1,105.7,0,0,0,,,,,,0,,,,619667,18995,0
124,15.289525747299194,2026-03-05T22:49:03.413875,78.15,0.0,15.6,0.0,0.0,0.0,0.0,124.97,9.31,2.051,1.969,STRAIGHT,1.5,1.5,"CMD,2.0,1.50",2.856,0.0537,1.918,0.099,1,0.9387,0,NORMAL,42.854,0.404,1,1,1,1,1,96.3,17,2,0,,,,,,0,,,,648580,17322,499
125,15.352053880691528,2026-03-05T22:49:03.476404,0.0,0.0,0.0,0.0,0.0,0.0,0.0,31.25,9.6,2.105,2.051,STRAIGHT,1.5,1.5,"CMD,2.1,1.50",2.856,0.0537,1.918,0.099,1,0.9387,0,NORMAL,43.14,0.399,1,1,1,1,1,86.3,0,0,0,,,,,,0,,,,648581,15575,0
126,15.523927688598633,2026-03-05T22:49:03.648277,78.12,0.0,15.6,0.0,0.0,0.0,0.0,124.98,9.31,2.02,2.051,STRAIGHT,1.5,1.5,"CMD,2.1,1.50",2.232,0.0449,1.507,0.051,1,0.971,0,NORMAL,43.275,0.409,1,1,1,1,1,75.7,41,3,0,,,,,,0,,,,663167,13998,702
127,15.570815324783325,2026-03-05T22:49:03.695165,0.0,0.0,0.0,0.0,0.0,0.0,0.0,31.29,9.65,1.964,2.02,STRAIGHT,1.5,1.5,"CMD,2.0,1.50",2.232,0.0449,1.507,0.051,1,0.971,0,NORMAL,43.52,0.422,1,1,1,1,1,65.7,0,0,0,,,,,,0,,,,663167,12315,0
128,15.727054119110107,2026-03-05T22:49:03.851404,78.12,0.0,15.63,0.0,0.0,0.0,0.0,125.0,9.36,3.037,2.02,STRAIGHT,1.5,1.5,"CMD,2.0,1.50",2.067,0.126,1.331,0.112,1,0.9813,0,NORMAL,43.714,0.411,1,1,1,1,1,67.0,42,3,0,,,,,,0,,,,665788,10800,729
129,15.883281707763672,2026-03-05T22:49:04.007632,78.12,0.0,15.61,0.0,0.0,0.0,0.0,124.97,9.36,2.89,2.89,STRAIGHT,1.5,1.5,"CMD,2.9,1.50",4.0,0.063,1.396,0.062,1,0.9309,0,NORMAL,43.549,0.365,1,1,1,1,1,70.0,31,2,0,,,,,,0,,,,620068,9005,577
130,15.96143102645874,2026-03-05T22:49:04.085781,0.0,0.0,15.62,0.0,0.0,0.0,0.0,46.88,9.31,2.793,2.89,STRAIGHT,1.5,1.5,"CMD,2.9,1.50",3.557,0.063,1.396,0.062,1,0.9309,0,NORMAL,43.268,0.349,1,1,1,1,1,60.0,0,0,0,,,,,,0,,,,620068,7295,0
131,16.023905277252197,2026-03-05T22:49:04.148255,0.0,0.0,15.6,0.0,0.0,0.0,0.0,46.84,9.31,2.728,2.793,STRAIGHT,1.5,1.5,"CMD,2.8,1.50",3.557,0.063,1.396,0.062,1,0.9309,0,NORMAL,42.978,0.347,1,1,1,1,1,50.0,0,0,0,,,,,,0,,,,620068,5716,0
132,16.07078266143799,2026-03-05T22:49:04.195132,0.0,0.0,0.0,0.0,0.0,0.0,0.0,31.23,9.36,2.684,2.728,STRAIGHT,1.5,1.5,"CMD,2.7,1.50",3.557,0.063,1.396,0.062,1,0.9309,0,NORMAL,42.471,0.353,1,1,1,1,1,45.0,0,0,0,,,,,,0,,,,620068,4340,0
133,16.228431463241577,2026-03-05T22:49:04.352781,78.12,0.0,15.63,0.0,0.0,0.0,0.0,125.04,9.4,1.938,2.684,STRAIGHT,1.5,1.5,"CMD,2.7,1.50",4.0,0.0108,1.348,0.01,1,0.9427,0,NORMAL,42.016,0.35,1,1,1,1,1,67.4,4,1,0,,,,,,0,,,,649786,3082,254
134,16.290898323059082,2026-03-05T22:49:04.415248,0.0,0.0,0.0,0.0,0.0,0.0,0.0,46.85,9.4,1.44,1.938,STRAIGHT,1.5,1.5,"CMD,1.9,1.50",4.0,0.0108,1.348,0.01,1,0.9427,0,NORMAL,41.738,0.344,1,1,1,1,1,57.4,0,0,0,,,,,,0,,,,649786,1819,0
135,16.353426218032837,2026-03-05T22:49:04.477776,15.62,0.0,0.0,0.0,0.0,0.0,0.0,46.88,9.7,1.109,1.44,STRAIGHT,1.5,1.5,"CMD,1.4,1.50",4.0,0.0108,1.348,0.01,1,0.9427,0,NORMAL,41.088,0.331,1,1,1,1,1,47.4,0,0,0,,,,,,0,,,,649786,939,0
136,16.400303602218628,2026-03-05T22:49:04.524653,0.0,0.0,0.0,0.0,0.0,0.0,0.0,31.24,9.75,0.888,1.109,STRAIGHT,1.5,1.5,"CMD,1.1,1.50",4.0,0.0108,1.348,0.01,1,0.9427,0,NORMAL,40.487,0.331,1,1,1,1,1,42.4,0,0,0,,,,,,0,,,,649786,360,0
137,16.556552410125732,2026-03-05T22:49:04.680902,78.12,0.0,15.62,0.0,0.0,0.0,0.0,125.02,9.75,0.74,0.888,STRAIGHT,1.5,1.5,"CMD,0.9,1.50",4.0,0.0108,1.348,0.01,1,0.9252,0,NORMAL,40.616,0.34,1,1,1,1,1,67.4,0,0,0,,,,,,0,,,,606152,97,0
138,16.712815046310425,2026-03-05T22:49:04.837165,78.13,0.0,0.0,0.0,15.63,0.0,0.0,140.64,9.46,0.642,0.74,STRAIGHT,1.5,1.5,"CMD,0.7,1.50",4.0,0.0108,1.348,0.01,1,0.9877,0,NORMAL,41.157,0.341,1,1,1,1,1,67.4,0,0,0,,,,,,0,,,,606847,3,0
139,16.853440046310425,2026-03-05T22:49:04.977790,93.79,0.0,0.0,0.0,0.0,0.0,0.0,125.01,9.55,0.576,0.642,STRAIGHT,1.5,1.5,"CMD,0.6,1.50",4.0,0.0108,1.348,0.01,1,0.9455,0,NORMAL,41.86,0.334,1,1,1,1,1,67.4,0,0,0,,,,,,0,,,,641815,0,0
140,16.9159038066864,2026-03-05T22:49:05.040254,0.0,0.0,0.0,0.0,0.0,0.0,0.0,46.84,9.55,0.533,0.576,STRAIGHT,1.5,1.5,"CMD,0.6,1.50",4.0,0.0108,1.348,0.01,1,0.9455,0,NORMAL,42.245,0.33,1,1,1,1,1,57.4,0,0,0,,,,,,0,,,,641815,0,0
141,16.978435277938843,2026-03-05T22:49:05.102785,0.0,0.0,0.0,0.0,0.0,0.0,0.0,46.87,9.92,0.504,0.533,STRAIGHT,1.5,1.5,"CMD,0.5,1.50",4.0,0.0108,1.348,0.01,1,0.9455,0,NORMAL,42.3,0.334,1,1,1,1,1,47.4,0,0,0,,,,,,0,,,,641815,0,0
142,17.040903091430664,2026-03-05T22:49:05.165253,0.0,0.0,0.0,0.0,0.0,0.0,0.0,46.84,9.92,0.484,0.504,STRAIGHT,1.5,1.5,"CMD,0.5,1.50",4.0,0.0108,1.348,0.01,1,0.9455,0,NORMAL,42.498,0.329,1,1,1,1,1,42.4,0,0,0,,,,,,0,,,,641815,0,0
143,17.197154998779297,2026-03-05T22:49:05.321504,78.16,0.0,0.0,0.0,0.0,0.0,0.0,140.6,9.92,0.471,0.484,STRAIGHT,1.5,1.5,"CMD,0.5,1.50",4.0,0.0108,1.348,0.01,1,0.9528,0,NORMAL,42.761,0.315,1,1,1,1,1,67.4,0,0,0,,,,,,0,,,,661933,0,0
144,17.337811946868896,2026-03-05T22:49:05.462161,78.12,0.0,15.63,0.0,0.0,0.0,0.0,125.01,9.66,0.463,0.471,STRAIGHT,1.5,1.5,"CMD,0.5,1.50",4.0,0.0108,1.348,0.01,1,0.9751,0,NORMAL,41.373,0.295,1,1,1,1,1,67.4,0,0,0,,,,,,0,,,,646354,0,0
145,17.479764461517334,2026-03-05T22:49:05.604114,79.48,0.0,0.0,0.0,0.0,0.0,0.0,126.33,9.7,1.985,0.471,STRAIGHT,1.5,1.5,"CMD,0.5,1.50",2.076,0.1222,1.383,0.118,1,0.9818,0,NORMAL,40.702,0.28,1,1,1,1,1,71.8,7,2,0,,,,,,0,,,,637853,5221,326
146,17.63601279258728,2026-03-05T22:49:05.760362,78.12,0.0,15.63,0.0,0.0,0.0,0.0,125.03,9.41,3.621,1.985,STRAIGHT,1.5,1.5,"CMD,2.0,1.50",1.685,0.1679,1.312,0.146,1,0.9806,0,NORMAL,40.106,0.27,1,1,1,1,1,71.5,2,1,0,,,,,,0,,,,627567,7107,350
147,17.79225492477417,2026-03-05T22:49:05.916605,78.16,0.0,0.0,0.0,15.62,0.0,0.0,140.61,9.46,3.999,3.621,STRAIGHT,1.5,1.5,"CMD,3.6,1.50",1.651,0.1156,1.33,0.103,1,0.9719,0,NORMAL,39.45,0.25,1,1,1,1,1,70.9,2,1,0,,,,,,0,,,,643748,12831,424
148,17.94850516319275,2026-03-05T22:49:06.072855,93.75,0.0,0.0,0.0,15.61,0.0,0.0,140.62,9.18,4.65,3.999,STRAIGHT,1.5,1.5,"CMD,4.0,1.50",1.972,0.1448,1.781,0.234,1,0.9833,0,NORMAL,39.054,0.235,1,1,1,1,1,92.7,31,2,0,,,,,,0,,,,638627,19895,858
149,18.010978937149048,2026-03-05T22:49:06.135329,0.0,0.0,0.0,0.0,0.0,0.0,0.0,46.84,9.51,5.083,4.65,STRAIGHT,1.5,1.5,"CMD,4.6,1.50",2.525,0.1448,1.781,0.234,1,0.9833,0,NORMAL,38.188,0.219,1,1,1,1,1,82.7,0,0,0,,,,,,0,,,,638627,16106,0
150,18.167229652404785,2026-03-05T22:49:06.291579,78.16,0.0,0.0,15.59,0.0,0.0,0.0,140.6,9.23,5.371,5.083,STRAIGHT,1.5,1.5,"CMD,5.1,1.50",2.548,0.1446,1.781,0.233,1,0.9521,0,NORMAL,37.389,0.206,1,1,1,1,1,93.0,29,2,0,,,,,,0,,,,667756,18556,635
151,18.22973084449768,2026-03-05T22:49:06.354080,0.0,0.0,0.0,0.0,0.0,0.0,0.0,46.84,9.18,5.562,5.371,STRAIGHT,1.5,1.5,"CMD,5.4,1.50",2.548,0.1446,1.781,0.233,1,0.9521,0,NORMAL,36.817,0.193,1,1,1,1,1,83.0,0,0,0,,,,,,0,,,,667756,16569,0
152,18.386009454727173,2026-03-05T22:49:06.510359,93.76,0.0,0.0,15.62,0.0,0.0,0.0,140.62,8.92,5.687,5.562,STRAIGHT,1.5,1.5,"CMD,5.6,1.50",2.509,0.1444,1.781,0.233,1,0.9816,0,NORMAL,36.474,0.185,1,1,1,1,1,92.8,21,3,0,,,,,,0,,,,659925,27756,971
153,18.542264461517334,2026-03-05T22:49:06.666614,93.76,0.0,0.0,0.0,15.62,0.0,0.0,140.62,8.92,5.766,5.687,STRAIGHT,1.5,1.5,"CMD,5.7,1.50",2.458,0.1441,1.781,0.233,1,0.9909,0,NORMAL,36.431,0.191,1,1,1,1,1,92.6,20,2,0,,,,,,0,,,,661822,28697,1121
154,18.604732990264893,2026-03-05T22:49:06.729083,0.0,0.0,15.59,0.0,0.0,0.0,0.0,46.85,8.92,5.819,5.766,STRAIGHT,1.5,1.5,"CMD,5.8,1.50",2.458,0.1441,1.781,0.233,1,0.9909,0,NORMAL,36.269,0.189,1,1,1,1,1,82.6,0,0,0,,,,,,0,,,,661822,22826,0
155,18.74537491798401,2026-03-05T22:49:06.869725,93.77,0.0,0.0,0.0,0.0,0.0,0.0,124.98,8.96,5.852,5.819,STRAIGHT,1.5,1.5,"CMD,5.8,1.50",2.432,0.144,1.781,0.232,1,0.9615,0,NORMAL,36.421,0.179,1,1,1,1,1,92.5,2,1,0,,,,,,0,,,,684661,29351,812
156,18.9186794757843,2026-03-05T22:49:07.043029,93.76,0.0,0.0,0.0,15.99,0.0,1.04,142.04,8.66,5.875,5.852,STRAIGHT,1.5,1.5,"CMD,5.9,1.50",2.437,0.1441,1.781,0.232,1,0.9775,0,NORMAL,36.18,0.175,1,1,1,1,1,92.5,43,3,0,,,,,,0,,,,680600,27852,1094
157,18.981215715408325,2026-03-05T22:49:07.105565,0.0,0.0,15.63,0.0,0.0,0.0,0.0,46.89,8.91,5.891,5.875,STRAIGHT,1.5,1.5,"CMD,5.9,1.50",2.437,0.1441,1.781,0.232,1,0.9775,0,NORMAL,36.6,0.175,1,1,1,1,1,82.5,0,0,0,,,,,,0,,,,680600,23234,0
158,19.1374728679657,2026-03-05T22:49:07.261823,93.75,0.0,0.0,0.0,0.0,0.0,0.0,140.63,8.91,5.904,5.891,STRAIGHT,1.5,1.5,"CMD,5.9,1.50",2.503,0.1443,1.781,0.233,1,0.9723,0,NORMAL,35.951,0.178,1,1,1,1,1,92.9,2,1,0,,,,,,0,,,,681317,29751,818
159,19.27806782722473,2026-03-05T22:49:07.402417,78.13,0.0,15.59,0.0,0.0,0.0,0.0,124.97,8.74,5.666,5.891,STRAIGHT,1.5,1.5,"CMD,5.9,1.50",2.689,0.1262,1.918,0.236,1,0.9833,0,NORMAL,35.317,0.176,1,1,1,1,1,99.6,11,2,0,,,,,,0,,,,692852,30670,883
160,19.340593814849854,2026-03-05T22:49:07.464943,0.0,0.0,0.0,0.0,0.0,0.0,0.0,31.28,8.74,5.508,5.666,STRAIGHT,1.5,1.5,"CMD,5.7,1.50",2.689,0.1262,1.918,0.236,1,0.9833,0,NORMAL,34.985,0.199,1,1,1,1,1,89.6,0,0,0,,,,,,0,,,,692852,25053,0
161,19.49827551841736,2026-03-05T22:49:07.622625,78.16,0.0,15.63,0.0,0.0,0.0,0.0,126.43,8.46,5.65,5.65,STRAIGHT,1.5,1.5,"CMD,5.7,1.50",2.512,0.1444,1.781,0.233,1,0.9608,0,NORMAL,34.213,0.183,1,1,1,1,1,92.9,49,3,0,,,,,,0,,,,677647,27157,1084
162,19.65452790260315,2026-03-05T22:49:07.778878,78.12,0.0,15.63,0.0,0.0,0.0,0.0,125.0,8.46,5.746,5.65,STRAIGHT,1.5,1.5,"CMD,5.7,1.50",2.522,0.1445,1.781,0.233,1,0.9892,0,NORMAL,33.218,0.166,1,1,1,1,1,92.9,38,3,0,,,,,,0,,,,679495,27110,1037
163,19.718418836593628,2026-03-05T22:49:07.842769,0.0,0.0,0.0,0.0,0.0,0.0,0.0,32.64,8.46,5.811,5.746,STRAIGHT,1.5,1.5,"CMD,5.7,1.50",2.522,0.1445,1.781,0.233,1,0.9892,0,NORMAL,32.078,0.158,1,1,1,1,1,77.9,0,0,0,,,,,,0,,,,679495,21935,0
164,19.87467646598816,2026-03-05T22:49:07.999026,78.14,0.0,0.0,15.58,0.0,0.0,0.0,140.57,8.24,5.857,5.811,STRAIGHT,1.5,1.5,"CMD,5.8,1.50",2.578,0.1447,1.781,0.233,1,0.9775,0,NORMAL,31.123,0.164,1,1,1,1,1,93.2,49,4,0,,,,,,0,,,,672756,27816,1106
165,20.030953645706177,2026-03-05T22:49:08.155303,78.13,0.0,15.62,0.0,0.0,0.0,0.0,140.62,7.99,5.672,5.811,STRAIGHT,1.5,1.5,"CMD,5.8,1.50",2.854,0.1289,1.918,0.241,1,0.9789,0,NORMAL,30.672,0.162,1,1,1,1,1,100.1,27,4,0,,,,,,0,,,,670944,27170,982
166,20.188595056533813,2026-03-05T22:49:08.312945,93.76,0.0,1.38,0.0,0.0,0.0,0.0,126.41,7.98,5.553,5.672,STRAIGHT,1.5,1.5,"CMD,5.7,1.50",2.92,0.1292,1.918,0.241,1,0.9742,0,NORMAL,29.659,0.165,1,1,1,1,1,100.3,31,4,0,,,,,,0,,,,688136,29857,998
167,20.251132011413574,2026-03-05T22:49:08.375482,0.0,0.0,0.0,0.0,0.0,0.0,0.0,31.25,8.2,5.473,5.553,STRAIGHT,1.5,1.5,"CMD,5.6,1.50",2.92,0.1292,1.918,0.241,1,0.9742,0,NORMAL,29.281,0.162,1,1,1,1,1,85.3,0,0,0,,,,,,0,,,,688136,23859,0
168,20.40736413002014,2026-03-05T22:49:08.531714,78.12,0.0,15.6,0.0,0.0,0.0,0.0,124.98,8.16,5.422,5.473,STRAIGHT,1.5,1.5,"CMD,5.5,1.50",2.953,0.1293,1.918,0.242,1,0.9826,0,NORMAL,29.44,0.152,1,1,1,1,1,100.4,36,3,0,,,,,,0,,,,689052,28991,1032
169,20.56364154815674,2026-03-05T22:49:08.687991,78.12,0.0,15.63,0.0,0.0,0.0,0.0,125.01,7.95,5.385,5.422,STRAIGHT,1.5,1.5,"CMD,5.4,1.50",2.894,0.1291,1.918,0.241,1,0.989,0,NORMAL,30.201,0.139,1,1,1,1,1,100.2,28,2,0,,,,,,0,,,,691538,29753,969
170,20.626139163970947,2026-03-05T22:49:08.750489,0.0,0.0,0.0,0.0,0.0,0.0,0.0,31.25,7.95,5.36,5.385,STRAIGHT,1.5,1.5,"CMD,5.4,1.50",2.894,0.1291,1.918,0.241,1,0.989,0,NORMAL,30.444,0.14,1,1,1,1,1,85.2,0,0,0,,,,,,0,,,,691538,24258,0
171,20.799666166305542,2026-03-05T22:49:08.924016,79.8,0.0,15.6,0.0,0.0,0.0,0.0,142.28,7.72,5.344,5.36,STRAIGHT,1.5,1.5,"CMD,5.4,1.50",2.908,0.1291,1.918,0.241,1,0.9717,0,NORMAL,30.826,0.144,1,1,1,1,1,100.3,41,3,0,,,,,,0,,,,674540,27002,1043
172,20.95592761039734,2026-03-05T22:49:09.080277,93.75,0.0,0.0,0.0,15.64,0.0,0.0,140.63,7.72,5.336,5.344,STRAIGHT,1.5,1.5,"CMD,5.3,1.50",2.949,0.1293,1.918,0.242,1,0.9921,0,NORMAL,31.575,0.135,1,1,1,1,1,100.4,45,3,0,,,,,,0,,,,671676,27007,1090
173,21.00279402732849,2026-03-05T22:49:09.127144,0.0,0.0,0.0,0.0,0.0,0.0,0.0,31.25,7.91,5.33,5.336,STRAIGHT,1.5,1.5,"CMD,5.3,1.50",2.949,0.1293,1.918,0.242,1,0.9921,0,NORMAL,32.099,0.133,1,1,1,1,1,85.4,0,0,0,,,,,,0,,,,671676,21042,0
174,21.17466711997986,2026-03-05T22:49:09.299017,93.76,0.0,0.0,15.62,0.0,0.0,0.0,140.65,7.85,5.327,5.33,STRAIGHT,1.5,1.5,"CMD,5.3,1.50",2.964,0.1294,1.918,0.242,1,0.9781,0,NORMAL,31.963,0.139,1,1,1,1,1,100.5,30,2,0,,,,,,0,,,,670868,28151,983
175,21.33088970184326,2026-03-05T22:49:09.455239,78.15,0.0,0.0,15.6,0.0,0.0,0.0,140.59,7.85,5.325,5.327,STRAIGHT,1.5,1.5,"CMD,5.3,1.50",2.971,0.1294,1.918,0.242,1,0.9926,0,NORMAL,31.879,0.154,1,1,1,1,1,100.5,46,3,0,,,,,,0,,,,670838,28173,1076
176,21.393391132354736,2026-03-05T22:49:09.517741,0.0,0.0,0.0,0.0,0.0,0.0,0.0,46.84,8.05,5.324,5.325,STRAIGHT,1.5,1.5,"CMD,5.3,1.50",2.971,0.1294,1.918,0.242,1,0.9926,0,NORMAL,32.28,0.133,1,1,1,1,1,85.5,0,0,0,,,,,,0,,,,670838,21996,0
177,21.55092453956604,2026-03-05T22:49:09.675274,78.15,0.0,0.0,16.88,0.0,0.0,0.0,141.87,8.05,5.32,5.324,STRAIGHT,1.5,1.5,"CMD,5.3,1.50",2.905,0.1291,1.918,0.241,1,0.9688,0,NORMAL,32.412,0.121,1,1,1,1,1,100.3,32,2,0,,,,,,0,,,,651704,25688,1002
178,21.707181215286255,2026-03-05T22:49:09.831531,78.16,0.0,0.0,15.59,0.0,0.0,0.0,140.59,7.85,5.534,5.324,STRAIGHT,1.5,1.5,"CMD,5.3,1.50",2.653,0.1451,1.781,0.234,1,0.9818,0,NORMAL,31.35,0.114,1,1,1,1,1,93.5,23,2,0,,,,,,0,,,,640054,24645,936
179,21.769683837890625,2026-03-05T22:49:09.894033,0.0,0.0,0.0,0.0,0.0,0.0,0.0,46.85,8.05,5.677,5.534,STRAIGHT,1.5,1.5,"CMD,5.5,1.50",2.653,0.1451,1.781,0.234,1,0.9818,0,NORMAL,30.433,0.103,1,1,1,1,1,78.5,0,0,0,,,,,,0,,,,640054,19459,0
180,21.927299737930298,2026-03-05T22:49:10.051649,93.79,0.0,0.0,0.0,15.61,0.0,0.0,141.98,7.84,5.769,5.677,STRAIGHT,1.5,1.5,"CMD,5.7,1.50",2.583,0.1448,1.781,0.234,1,0.9805,0,NORMAL,30.152,0.091,1,1,1,1,1,93.1,28,2,0,,,,,,0,,,,636480,19356,644
181,22.083552837371826,2026-03-05T22:49:10.207903,93.76,0.0,15.62,0.0,0.0,0.0,0.0,140.62,7.84,5.828,5.769,STRAIGHT,1.5,1.5,"CMD,5.8,1.50",2.57,0.1447,1.781,0.233,1,0.9793,0,NORMAL,29.494,0.079,1,1,1,1,1,93.2,38,3,0,,,,,,0,,,,633764,24446,1042
182,22.23980474472046,2026-03-05T22:49:10.364154,78.14,0.0,0.0,0.0,0.0,0.0,0.0,125.0,7.84,5.867,5.828,STRAIGHT,1.5,1.5,"CMD,5.8,1.50",2.562,0.1446,1.781,0.233,1,0.9881,0,NORMAL,29.495,0.071,1,1,1,1,1,93.1,42,4,0,,,,,,0,,,,633700,24850,1091
183,22.302277088165283,2026-03-05T22:49:10.426627,0.0,0.0,0.0,0.0,0.0,0.0,0.0,31.22,7.84,5.893,5.867,STRAIGHT,1.5,1.5,"CMD,5.9,1.50",2.562,0.1446,1.781,0.233,1,0.9881,0,NORMAL,29.098,0.057,1,1,1,1,1,78.1,0,0,0,,,,,,0,,,,633700,20587,0
184,22.458551168441772,2026-03-05T22:49:10.582901,78.16,0.0,0.0,15.61,0.0,0.0,0.0,140.62,7.81,5.914,5.893,STRAIGHT,1.5,1.5,"CMD,5.9,1.50",2.63,0.1449,1.781,0.234,1,0.9739,0,NORMAL,29.092,0.039,1,1,1,1,1,93.5,30,2,0,,,,,,0,,,,632919,19633,664
185,22.6148042678833,2026-03-05T22:49:10.739154,93.78,0.0,0.0,15.62,0.0,0.0,0.0,140.62,7.85,5.926,5.914,STRAIGHT,1.5,1.5,"CMD,5.9,1.50",2.578,0.1447,1.781,0.233,1,0.9766,0,NORMAL,29.241,0.025,1,1,1,1,1,93.2,46,3,0,,,,,,0,,,,644481,25959,1103
186,22.677304983139038,2026-03-05T22:49:10.801655,15.63,0.0,0.0,0.0,0.0,0.0,0.0,46.87,7.85,5.933,5.926,STRAIGHT,1.5,1.5,"CMD,5.9,1.50",2.578,0.1447,1.781,0.233,1,0.9766,0,NORMAL,29.095,0.028,1,1,1,1,1,78.2,0,0,0,,,,,,0,,,,644485,21627,0
187,22.833556175231934,2026-03-05T22:49:10.957906,93.79,0.0,0.0,0.0,15.62,0.0,0.0,140.62,7.85,5.942,5.933,STRAIGHT,1.5,1.5,"CMD,5.9,1.50",2.643,0.145,1.781,0.234,1,0.9894,0,NORMAL,29.459,0.016,1,1,1,1,1,93.5,37,3,0,,,,,,0,,,,643955,26561,1034
188,22.991217613220215,2026-03-05T22:49:11.115567,95.17,0.0,0.0,0.0,0.0,0.0,0.0,126.41,7.84,5.95,5.942,STRAIGHT,1.5,1.5,"CMD,5.9,1.50",2.667,0.1451,1.781,0.234,1,0.9825,0,NORMAL,30.229,-0.013,1,1,1,1,1,93.6,42,3,0,,,,,,0,,,,633852,25404,1085
189,23.147433280944824,2026-03-05T22:49:11.271783,93.79,0.0,0.0,15.58,0.0,0.0,0.0,140.6,7.62,5.958,5.95,STRAIGHT,1.5,1.5,"CMD,5.9,1.50",2.687,0.1454,1.781,0.235,1,0.9804,0,NORMAL,31.058,-0.021,1,1,1,1,1,93.5,46,3,0,,,,,,0,,,,644721,27088,1107
190,23.209933519363403,2026-03-05T22:49:11.334283,0.0,0.0,0.0,0.0,0.0,0.0,0.0,46.84,7.81,5.964,5.958,STRAIGHT,1.5,1.5,"CMD,6.0,1.50",2.687,0.1454,1.781,0.235,1,0.9804,0,NORMAL,31.054,-0.017,1,1,1,1,1,78.5,0,0,0,,,,,,0,,,,644724,20610,0
191,23.366214752197266,2026-03-05T22:49:11.490564,93.76,0.0,0.0,15.61,0.0,0.0,0.0,140.62,7.81,5.988,5.964,STRAIGHT,1.5,1.5,"CMD,6.0,1.50",2.875,0.1469,1.781,0.237,1,0.9849,0,NORMAL,30.704,-0.009,1,1,1,1,1,93.2,48,3,0,,,,,,0,,,,653327,27921,1132
192,23.52243447303772,2026-03-05T22:49:11.646784,78.15,0.0,0.0,15.6,0.0,0.0,0.0,140.59,7.62,6.043,5.988,STRAIGHT,1.5,1.5,"CMD,6.0,1.50",3.337,0.1497,1.781,0.242,1,0.9829,0,NORMAL,30.263,-0.006,1,1,1,1,1,91.9,59,2,0,,,,,,0,,,,643290,27178,1204
193,23.678685903549194,2026-03-05T22:49:11.803035,78.16,0.0,0.0,15.59,0.0,0.0,0.0,140.62,7.62,5.833,5.988,STRAIGHT,1.5,1.5,"CMD,6.0,1.50",3.978,0.1316,1.918,0.246,1,0.9885,0,NORMAL,29.783,-0.01,1,1,1,1,1,98.5,69,3,0,,,,,,0,,,,642895,27349,1278
194,23.741186141967773,2026-03-05T22:49:11.865536,0.0,0.0,0.0,0.0,0.0,0.0,0.0,46.85,7.82,5.693,5.833,STRAIGHT,1.5,1.5,"CMD,5.8,1.50",3.978,0.1316,1.918,0.246,1,0.9885,0,NORMAL,29.076,-0.025,1,1,1,1,1,83.5,0,0,0,,,,,,0,,,,642897,23684,0
195,23.803687810897827,2026-03-05T22:49:11.928038,0.0,0.0,0.0,0.0,0.0,0.0,0.0,46.85,8.02,5.6,5.693,STRAIGHT,1.5,1.5,"CMD,5.7,1.50",3.978,0.1316,1.918,0.246,1,0.9885,0,NORMAL,28.496,-0.028,1,1,1,1,1,73.5,0,0,0,,,,,,0,,,,642897,21740,0
196,23.86618685722351,2026-03-05T22:49:11.990537,0.0,0.0,0.0,0.0,0.0,0.0,0.0,46.84,8.02,5.538,5.6,STRAIGHT,1.5,1.5,"CMD,5.6,1.50",3.978,0.1316,1.918,0.246,1,0.9885,0,NORMAL,27.657,-0.02,1,1,1,1,1,58.5,0,0,0,,,,,,0,,,,642897,20803,0
197,24.023941040039062,2026-03-05T22:49:12.148291,95.22,0.0,0.0,0.0,0.0,0.0,15.62,142.09,8.02,4.793,5.538,STRAIGHT,1.5,1.5,"CMD,5.5,1.50",2.75,0.0801,2.466,0.246,1,0.9243,0,NORMAL,27.196,-0.017,1,1,1,1,1,125.7,25,5,0,,,,,,0,,,,595050,19284,625
198,24.07081699371338,2026-03-05T22:49:12.195167,0.0,0.0,0.0,0.0,0.0,0.0,0.0,31.28,8.27,4.296,4.793,STRAIGHT,1.5,1.5,"CMD,4.8,1.50",2.75,0.0801,2.466,0.246,1,0.9243,0,NORMAL,26.712,-0.0,1,1,1,1,1,115.7,0,0,0,,,,,,0,,,,595050,21968,0
199,24.24268889427185,2026-03-05T22:49:12.367038,78.12,0.0,15.63,0.0,0.0,0.0,0.0,140.62,8.02,4.942,4.793,STRAIGHT,1.5,1.5,"CMD,4.8,1.50",3.891,0.1517,1.781,0.245,1,0.9602,0,NORMAL,26.304,0.031,1,1,1,1,1,90.9,35,3,0,,,,,,0,,,,604635,26159,1018
200,24.400315046310425,2026-03-05T22:49:12.524665,78.13,0.0,15.62,0.0,15.6,0.0,0.0,142.03,8.05,5.753,4.942,STRAIGHT,1.5,1.5,"CMD,4.9,1.50",4.0,0.1798,1.644,0.248,1,0.9081,0,NORMAL,27.128,0.049,1,1,1,1,1,82.5,55,3,0,,,,,,0,,,,549232,23427,1169
201,24.447187662124634,2026-03-05T22:49:12.571537,0.0,0.0,0.0,0.0,0.0,0.0,0.0,31.25,8.31,6.294,5.753,STRAIGHT,1.5,1.5,"CMD,5.8,1.50",4.0,0.1798,1.644,0.248,1,0.9081,0,NORMAL,28.47,0.051,1,1,1,1,1,72.6,0,0,0,,,,,,0,,,,549232,20100,0
202,24.509722232818604,2026-03-05T22:49:12.634072,0.0,0.0,0.0,0.0,0.0,0.0,0.0,31.25,8.27,6.654,6.294,STRAIGHT,1.5,1.5,"CMD,6.3,1.50",4.0,0.1798,1.644,0.248,1,0.9081,0,NORMAL,30.298,0.064,1,1,1,1,1,62.6,0,0,0,,,,,,0,,,,549232,17077,0
203,24.57218885421753,2026-03-05T22:49:12.696538,0.0,0.0,0.0,0.0,0.0,0.0,0.0,46.85,8.54,6.894,6.654,STRAIGHT,1.5,1.5,"CMD,6.7,1.50",4.0,0.1798,1.644,0.248,1,0.9081,0,NORMAL,32.156,0.096,1,1,1,1,1,52.6,0,0,0,,,,,,0,,,,549232,14058,0
204,24.712817430496216,2026-03-05T22:49:12.837167,78.12,0.0,15.6,0.0,0.0,0.0,0.0,124.97,8.57,7.52,6.894,STRAIGHT,1.5,1.5,"CMD,6.9,1.50",4.0,0.2143,1.507,0.25,1,0.9315,0,NORMAL,33.663,0.119,1,1,1,1,1,75.3,53,3,0,,,,,,0,,,,530546,17038,957
205,24.870492696762085,2026-03-05T22:49:12.994843,79.55,0.0,0.0,0.0,0.0,0.0,0.0,126.4,8.34,8.518,7.52,STRAIGHT,1.5,1.5,"CMD,7.5,1.50",4.0,0.2578,1.37,0.25,1,0.9431,0,NORMAL,35.29,0.134,1,1,1,1,1,68.5,26,3,0,,,,,,0,,,,516008,15947,762
206,25.026777982711792,2026-03-05T22:49:13.151128,93.77,0.0,0.0,0.0,0.0,0.0,15.62,140.63,8.34,9.184,8.518,STRAIGHT,1.5,1.5,"CMD,8.5,1.50",4.0,0.2578,1.37,0.25,1,0.9627,0,NORMAL,36.645,0.152,1,1,1,1,1,68.5,21,3,0,,,,,,0,,,,525307,15856,746
207,25.07364797592163,2026-03-05T22:49:13.197998,0.0,0.0,0.0,0.0,0.0,0.0,0.0,31.25,8.61,9.628,9.184,STRAIGHT,1.5,1.5,"CMD,9.2,1.50",4.0,0.2578,1.37,0.25,1,0.9627,0,NORMAL,38.197,0.169,1,1,1,1,1,58.5,0,0,0,,,,,,0,,,,525307,12532,0
208,25.136120557785034,2026-03-05T22:49:13.260470,0.0,0.0,0.0,0.0,0.0,0.0,0.0,46.85,8.61,9.924,9.628,STRAIGHT,1.5,1.5,"CMD,9.6,1.50",4.0,0.2578,1.37,0.25,1,0.9627,0,NORMAL,39.335,0.195,1,1,1,1,1,48.5,0,0,0,,,,,,0,,,,525307,9143,0
209,25.198620080947876,2026-03-05T22:49:13.322970,0.0,0.0,0.0,0.0,0.0,0.0,0.0,46.83,8.86,10.121,9.924,STRAIGHT,1.5,1.5,"CMD,9.9,1.50",4.0,0.2578,1.37,0.25,1,0.9627,0,NORMAL,39.718,0.203,1,1,1,1,1,38.5,0,0,0,,,,,,0,,,,525307,6611,0
210,25.33927583694458,2026-03-05T22:49:13.463626,93.75,0.0,0.0,0.0,0.0,0.0,0.0,125.0,8.91,10.219,10.121,STRAIGHT,1.5,1.5,"CMD,10.1,1.50",4.0,0.2553,1.377,0.25,1,0.887,0,NORMAL,41.754,0.225,1,1,1,1,1,68.9,4,2,0,,,,,,0,,,,475393,5685,374
211,25.495523691177368,2026-03-05T22:49:13.619873,78.15,0.0,0.0,0.0,15.62,0.0,0.0,140.62,8.91,10.473,10.219,STRAIGHT,1.5,1.5,"CMD,10.2,1.50",4.0,0.2695,1.339,0.25,1,0.9191,0,NORMAL,44.27,0.234,1,1,1,1,1,67.0,4,2,0,,,,,,0,,,,516128,4835,382
212,25.542402267456055,2026-03-05T22:49:13.666752,0.0,0.0,0.0,0.0,0.0,0.0,0.0,31.28,8.95,10.642,10.473,STRAIGHT,1.5,1.5,"CMD,10.5,1.50",4.0,0.2695,1.339,0.25,1,0.9191,0,NORMAL,47.089,0.247,1,1,1,1,1,57.0,0,0,0,,,,,,0,,,,516128,3072,0
213,25.6048743724823,2026-03-05T22:49:13.729224,0.0,0.0,0.0,0.0,0.0,0.0,0.0,46.85,9.22,10.755,10.642,STRAIGHT,1.5,1.5,"CMD,10.6,1.50",4.0,0.2695,1.339,0.25,1,0.9191,0,NORMAL,50.47,0.26,1,1,1,1,1,47.0,0,0,0,,,,,,0,,,,516128,1485,0
214,25.6532084941864,2026-03-05T22:49:13.777558,0.0,0.0,0.0,0.0,0.0,0.0,0.0,32.67,9.54,10.83,10.755,STRAIGHT,1.5,1.5,"CMD,10.8,1.50",4.0,0.2695,1.339,0.25,1,0.9191,0,NORMAL,52.262,0.283,1,1,1,1,1,42.0,0,0,0,,,,,,0,,,,516128,403,0
215,25.809459924697876,2026-03-05T22:49:13.933810,78.17,0.0,0.0,0.0,15.61,0.0,0.0,125.0,9.26,10.88,10.83,STRAIGHT,1.5,1.5,"CMD,10.8,1.50",4.0,0.2695,1.339,0.25,1,0.8861,0,NORMAL,53.023,0.31,1,1,1,1,1,67.0,0,0,0,,,,,,0,,,,573669,0,0
216,25.950060606002808,2026-03-05T22:49:14.074410,78.12,0.0,15.6,0.0,0.0,0.0,0.0,124.98,9.31,10.914,10.88,STRAIGHT,1.5,1.5,"CMD,10.9,1.50",4.0,0.2695,1.339,0.25,1,0.9725,0,NORMAL,52.817,0.315,1,1,1,1,1,67.0,0,0,0,,,,,,0,,,,567874,0,0
217,26.090712308883667,2026-03-05T22:49:14.215062,93.76,0.0,0.0,0.0,0.0,0.0,0.0,125.0,9.31,10.936,10.914,STRAIGHT,1.5,1.5,"CMD,10.9,1.50",4.0,0.2695,1.339,0.25,1,0.9763,0,NORMAL,52.651,0.346,1,1,1,1,1,67.0,0,0,0,,,,,,0,,,,574089,0,0
218,26.248348712921143,2026-03-05T22:49:14.372698,93.76,0.0,0.0,0.0,0.0,0.0,0.0,142.02,9.35,10.91,10.914,STRAIGHT,1.5,1.5,"CMD,10.9,1.50",4.0,0.2664,1.347,0.25,1,0.9501,0,NORMAL,52.322,0.383,1,1,1,1,1,67.4,4,1,0,,,,,,0,,,,557665,2221,324
219,26.29525399208069,2026-03-05T22:49:14.419603,0.0,0.0,0.0,0.0,0.0,0.0,0.0,31.25,9.4,10.892,10.91,STRAIGHT,1.5,1.5,"CMD,10.9,1.50",4.0,0.2664,1.347,0.25,1,0.9501,0,NORMAL,52.255,0.408,1,1,1,1,1,57.4,0,0,0,,,,,,0,,,,557843,827,0
220,26.357723474502563,2026-03-05T22:49:14.482073,0.0,0.0,0.0,0.0,0.0,0.0,0.0,46.84,9.69,10.881,10.892,STRAIGHT,1.5,1.5,"CMD,10.9,1.50",4.0,0.2664,1.347,0.25,1,0.9501,0,NORMAL,52.258,0.41,1,1,1,1,1,47.4,0,0,0,,,,,,0,,,,557843,32,0
221,26.420255184173584,2026-03-05T22:49:14.544605,0.0,0.0,15.63,0.0,0.0,0.0,0.0,46.87,10.01,10.873,10.881,STRAIGHT,1.5,1.5,"CMD,10.9,1.50",4.0,0.2664,1.347,0.25,1,0.9501,0,NORMAL,52.428,0.404,1,1,1,1,1,42.4,0,0,0,,,,,,0,,,,557843,0,0
222,26.560879945755005,2026-03-05T22:49:14.685230,78.12,0.0,0.0,0.0,15.62,0.0,0.0,124.98,10.06,10.868,10.873,STRAIGHT,1.5,1.5,"CMD,10.9,1.50",4.0,0.2664,1.347,0.25,1,0.8892,0,NORMAL,52.48,0.43,1,1,1,1,1,67.4,0,0,0,,,,,,0,,,,585921,0,0
223,26.70150589942932,2026-03-05T22:49:14.825855,78.12,0.0,15.63,0.0,0.0,0.0,0.0,125.0,9.8,10.693,10.868,STRAIGHT,1.5,1.5,"CMD,10.9,1.50",4.0,0.2535,1.382,0.25,1,0.9481,0,NORMAL,52.371,0.475,1,1,1,1,1,69.1,4,1,0,,,,,,0,,,,590252,2886,332
224,26.842139959335327,2026-03-05T22:49:14.966490,93.76,0.0,0.0,0.0,0.0,0.0,0.0,125.01,9.54,10.789,10.789,STRAIGHT,1.5,1.5,"CMD,10.8,1.50",4.0,0.2695,1.339,0.25,1,0.9538,0,NORMAL,51.793,0.458,1,1,1,1,1,67.0,4,2,0,,,,,,0,,,,584589,4064,360
225,26.998377323150635,2026-03-05T22:49:15.122727,78.16,0.0,0.0,0.0,0.0,0.0,15.62,124.99,9.26,10.853,10.789,STRAIGHT,1.5,1.5,"CMD,10.8,1.50",4.0,0.2695,1.339,0.25,1,0.9519,0,NORMAL,51.471,0.471,1,1,1,1,1,67.0,0,0,0,,,,,,0,,,,578652,509,44
226,27.04661774635315,2026-03-05T22:49:15.170967,0.0,0.0,0.0,0.0,0.0,0.0,0.0,31.25,9.59,10.895,10.853,STRAIGHT,1.5,1.5,"CMD,10.9,1.50",4.0,0.2695,1.339,0.25,1,0.9519,0,NORMAL,51.089,0.486,1,1,1,1,1,57.0,0,0,0,,,,,,0,,,,579744,0,0
227,27.109089851379395,2026-03-05T22:49:15.233440,0.0,0.0,0.0,0.0,0.0,0.0,0.0,46.84,9.54,10.924,10.895,STRAIGHT,1.5,1.5,"CMD,10.9,1.50",4.0,0.2695,1.339,0.25,1,0.9519,0,NORMAL,50.519,0.496,1,1,1,1,1,47.0,0,0,0,,,,,,0,,,,579744,0,0
228,27.171627283096313,2026-03-05T22:49:15.295977,0.0,0.0,15.63,0.0,0.0,0.0,0.0,46.88,9.9,10.943,10.924,STRAIGHT,1.5,1.5,"CMD,10.9,1.50",4.0,0.2695,1.339,0.25,1,0.9519,0,NORMAL,50.089,0.512,1,1,1,1,1,42.0,0,0,0,,,,,,0,,,,579744,0,0
229,27.31365180015564,2026-03-05T22:49:15.438001,79.52,0.0,15.63,0.0,0.0,0.0,0.0,126.4,9.95,10.955,10.943,STRAIGHT,1.5,1.5,"CMD,10.9,1.50",4.0,0.2695,1.339,0.25,1,0.8757,0,NORMAL,50.01,0.56,1,1,1,1,1,67.0,0,0,0,,,,,,0,,,,598724,0,0
230,27.454283952713013,2026-03-05T22:49:15.578634,93.76,0.0,0.0,0.0,0.0,0.0,0.0,125.01,9.64,10.964,10.955,STRAIGHT,1.5,1.5,"CMD,11.0,1.50",4.0,0.2695,1.339,0.25,1,0.9463,0,NORMAL,50.26,0.548,1,1,1,1,1,67.0,0,0,0,,,,,,0,,,,622021,0,0
231,27.59490942955017,2026-03-05T22:49:15.719259,78.16,0.0,0.0,0.0,0.0,0.0,0.0,109.38,9.4,10.969,10.964,STRAIGHT,1.5,1.5,"CMD,11.0,1.50",4.0,0.2695,1.339,0.25,1,0.9565,0,NORMAL,50.904,0.543,1,1,1,1,1,67.0,0,0,0,,,,,,0,,,,640286,378,54
232,27.75115442276001,2026-03-05T22:49:15.875504,78.11,0.0,0.0,0.0,0.0,0.0,0.0,125.0,9.12,10.761,10.964,STRAIGHT,1.5,1.5,"CMD,11.0,1.50",4.0,0.2535,1.382,0.25,1,0.9666,0,NORMAL,51.641,0.559,1,1,1,1,1,69.1,0,0,0,,,,,,0,,,,639578,565,106
233,27.813624143600464,2026-03-05T22:49:15.937974,0.0,0.0,0.0,0.0,0.0,0.0,0.0,46.83,9.35,10.622,10.761,STRAIGHT,1.5,1.5,"CMD,10.8,1.50",4.0,0.2535,1.382,0.25,1,0.9666,0,NORMAL,52.781,0.573,1,1,1,1,1,59.1,0,0,0,,,,,,0,,,,639594,16,0
234,27.87612533569336,2026-03-05T22:49:16.000475,15.6,0.0,0.0,0.0,0.0,0.0,0.0,46.84,9.65,10.529,10.622,STRAIGHT,1.5,1.5,"CMD,10.6,1.50",4.0,0.2535,1.382,0.25,1,0.9666,0,NORMAL,54.024,0.589,1,1,1,1,1,49.1,0,0,0,,,,,,0,,,,639594,0,0
235,27.92302656173706,2026-03-05T22:49:16.047376,0.0,0.0,0.0,0.0,0.0,0.0,0.0,31.24,10.01,10.467,10.529,STRAIGHT,1.5,1.5,"CMD,10.5,1.50",4.0,0.2535,1.382,0.25,1,0.9666,0,NORMAL,55.301,0.614,1,1,1,1,1,44.1,0,0,0,,,,,,0,,,,639594,0,0
236,28.08065700531006,2026-03-05T22:49:16.205007,78.16,0.0,15.63,0.0,0.0,0.0,0.0,126.38,9.64,10.426,10.467,STRAIGHT,1.5,1.5,"CMD,10.5,1.50",4.0,0.2535,1.382,0.25,1,0.8288,0,NORMAL,56.713,0.589,1,1,1,1,1,69.1,0,0,0,,,,,,0,,,,564150,0,0
237,28.2212975025177,2026-03-05T22:49:16.345647,93.8,0.0,0.0,0.0,0.0,0.0,0.0,125.01,9.4,10.399,10.426,STRAIGHT,1.5,1.5,"CMD,10.4,1.50",4.0,0.2535,1.382,0.25,1,0.93,0,NORMAL,56.741,0.6,1,1,1,1,1,69.1,0,0,0,,,,,,0,,,,538370,0,0
238,28.37887978553772,2026-03-05T22:49:16.503230,79.46,0.0,0.0,15.63,0.0,0.0,0.0,126.35,9.12,10.38,10.399,STRAIGHT,1.5,1.5,"CMD,10.4,1.50",4.0,0.2535,1.382,0.25,1,0.9389,0,NORMAL,57.208,0.609,1,1,1,1,1,70.9,2,1,0,,,,,,0,,,,524210,507,66
