frame_id,timestamp,wall_clock,t_segmentation,t_detection,t_bev,t_skeleton,t_pathfinding,t_gps_fusion,t_command,t_total_pipeline,fps,heading_raw_deg,heading_smoothed_deg,command,speed_raw_mps,speed_smoothed_mps,serial_cmd,pp_lookahead_m,pp_kappa_cmd_m_inv,pp_target_x_m,pp_target_y_m,pp_valid_path,seg_iou,seg_unstable_frames,stability_mode,stab_corr_px,stab_corr_deg,has_candidate_path,has_model_path,has_control_path,has_path,num_paths,best_path_length_px,num_graph_nodes,num_graph_edges,planner_mode,path_source,bev_mask_occ_ratio,num_detections,min_obstacle_dist_m,detection_classes,detection_distances,gps_lat,gps_lon,gps_fix_quality,gps_wp_name,gps_wp_dist_m,gps_correction_deg,sidewalk_mask_pixels,bev_mask_pixels,skeleton_pixels
0,3.845001220703125,2026-03-09T17:23:20.541004,3397.01,1.0,11.0,24.0,31.0,0.0,0.0,3491.0,0.0,0.096,0.096,STRAIGHT,1.5,1.5,"CMD,0.1,1.50",4.0,0.007,2.511,0.022,1,1.0,0,NORMAL,0.0,0.0,1,1,1,1,2,125.6,123,12,dijkstra,graph,0.62973,0,,,,,,0,,,,285973,188320,4543
1,4.036003351211548,2026-03-09T17:23:20.732006,1.0,0.0,6.0,33.01,35.0,0.0,0.0,105.0,5.24,-1.089,-0.496,STRAIGHT,1.5,1.5,"CMD,-0.5,1.50",2.486,-0.084,2.453,-0.256,1,1.0,0,NORMAL,2.595,-0.068,1,1,1,1,1,693.6,150,13,dijkstra,fallback_skeleton,0.62713,0,,,,,,0,,,,305345,187911,4543
2,4.283010482788086,2026-03-09T17:23:20.979013,124.0,0.0,11.0,27.0,24.0,0.0,0.0,217.01,4.57,-0.5,-0.5,STRAIGHT,1.5,1.5,"CMD,-0.5,1.50",4.0,0.0165,3.997,0.132,1,0.949,0,NORMAL,6.142,-0.139,1,1,1,1,1,505.5,115,11,dijkstra,fallback_skeleton,0.62388,0,,,,,,0,,,,282699,186629,4203
3,4.3979997634887695,2026-03-09T17:23:21.094002,2.0,0.0,3.0,28.0,27.0,0.0,0.0,83.0,5.42,0.694,-0.5,STRAIGHT,1.5,1.5,"CMD,-0.5,1.50",2.277,0.0747,2.228,0.187,1,0.949,0,NORMAL,8.447,-0.095,1,1,1,1,2,192.0,129,13,dijkstra,graph,0.60973,0,,,,,,0,,,,300922,183753,4203
4,4.594001054763794,2026-03-09T17:23:21.290003,81.0,1.0,9.0,25.0,27.01,0.0,0.0,167.0,5.34,0.559,0.559,STRAIGHT,1.5,1.5,"CMD,0.6,1.50",4.0,0.007,2.511,0.022,1,0.9628,0,NORMAL,9.224,-0.087,1,1,1,1,2,125.6,111,11,dijkstra,graph,0.61254,0,,,,,,0,,,,276198,183373,4280
5,4.705004692077637,2026-03-09T17:23:21.401007,1.0,0.0,5.0,27.0,25.0,0.0,0.0,86.0,5.81,0.491,0.559,STRAIGHT,1.5,1.5,"CMD,0.6,1.50",2.982,0.0086,2.969,0.038,1,0.9628,0,NORMAL,11.876,-0.009,1,1,1,1,2,401.7,127,10,dijkstra,graph,0.6055,0,,,,,,0,,,,283311,181879,4280
6,4.904005765914917,2026-03-09T17:23:21.600008,77.0,1.0,9.0,23.0,31.0,0.0,0.0,170.0,5.67,0.424,0.491,STRAIGHT,1.5,1.5,"CMD,0.5,1.50",4.0,0.007,2.511,0.022,1,0.938,0,NORMAL,15.547,0.029,1,1,1,1,2,125.6,119,10,dijkstra,graph,0.62316,0,,,,,,0,,,,281026,186440,4537
7,5.030000925064087,2026-03-09T17:23:21.726004,2.0,0.0,4.0,29.0,30.0,0.0,0.0,89.0,5.91,0.534,0.491,STRAIGHT,1.5,1.5,"CMD,0.5,1.50",3.186,0.0183,3.177,0.093,1,0.938,0,NORMAL,19.901,0.066,1,1,1,1,2,399.8,121,9,dijkstra,graph,0.61688,0,,,,,,0,,,,292012,185174,4537
8,5.220010757446289,2026-03-09T17:23:21.916013,79.0,0.0,9.0,22.0,27.0,0.0,0.0,161.01,5.82,0.453,0.453,STRAIGHT,1.5,1.5,"CMD,0.5,1.50",4.0,0.007,2.511,0.022,1,0.9422,0,NORMAL,22.382,0.153,1,1,1,1,2,125.6,119,11,dijkstra,graph,0.60928,0,,,,,,0,,,,269374,182274,4316
9,5.332002878189087,2026-03-09T17:23:22.028005,1.0,0.0,3.0,26.0,26.0,0.0,1.0,80.0,6.05,0.733,0.534,STRAIGHT,1.5,1.5,"CMD,0.5,1.50",3.788,0.0314,3.782,0.225,1,0.9422,0,NORMAL,22.308,0.191,1,1,1,1,2,390.3,123,10,dijkstra,graph,0.60339,0,,,,,,0,,,,279525,181124,4316
10,5.435001373291016,2026-03-09T17:23:22.131004,2.0,0.0,4.0,22.0,28.0,0.0,0.0,78.0,6.29,-0.755,0.453,STRAIGHT,1.5,1.5,"CMD,0.5,1.50",2.446,-0.0906,2.402,-0.264,1,0.9422,0,NORMAL,24.093,0.198,1,1,1,1,2,126.1,112,13,dijkstra,graph,0.58068,0,,,,,,0,,,,279525,174536,4316
11,5.6240057945251465,2026-03-09T17:23:22.320008,74.0,0.0,11.0,22.0,27.0,0.0,0.0,160.01,6.18,-0.413,-0.413,STRAIGHT,1.5,1.5,"CMD,-0.4,1.50",4.0,0.0066,2.603,0.022,1,0.9183,0,NORMAL,26.949,0.151,1,1,1,1,2,130.2,129,8,dijkstra,graph,0.60043,0,,,,,,0,,,,268445,179472,3907
12,5.747001647949219,2026-03-09T17:23:22.443004,2.0,0.0,3.0,29.0,30.0,0.0,0.0,92.0,6.31,0.18,-0.413,STRAIGHT,1.5,1.5,"CMD,-0.4,1.50",4.0,0.0332,3.995,0.266,1,0.9183,0,NORMAL,27.608,-0.033,1,1,1,1,2,392.4,168,9,dijkstra,graph,0.59463,0,,,,,,0,,,,278517,178450,3907
13,5.856001853942871,2026-03-09T17:23:22.552004,2.01,0.0,4.0,23.0,27.0,0.0,0.0,80.0,6.46,0.329,0.18,STRAIGHT,1.5,1.5,"CMD,0.2,1.50",4.0,0.0152,1.689,0.022,1,0.9183,0,NORMAL,27.28,-0.129,1,1,1,1,2,84.5,124,11,dijkstra,graph,0.57705,0,,,,,,0,,,,278517,173296,3907
14,5.9800026416778564,2026-03-09T17:23:22.676005,1.0,0.0,3.0,39.0,36.0,0.0,0.0,101.0,6.56,-0.01,0.18,STRAIGHT,1.5,1.5,"CMD,0.2,1.50",4.0,-0.0167,3.996,-0.133,1,0.9183,0,NORMAL,27.009,-0.247,1,1,1,1,2,361.5,193,7,dijkstra,graph,0.56145,0,,,,,,0,,,,278517,168975,3907
15,6.180001974105835,2026-03-09T17:23:22.876004,77.0,1.0,9.0,34.0,28.0,0.0,1.0,173.0,6.42,0.086,0.086,STRAIGHT,1.5,1.5,"CMD,0.1,1.50",4.0,0.0067,2.557,0.022,1,0.8463,0,NORMAL,28.283,-0.337,1,1,1,1,2,127.9,218,10,dijkstra,graph,0.68105,0,,,,,,0,,,,291729,203631,5308
16,6.323001146316528,2026-03-09T17:23:23.019004,1.0,0.0,4.0,44.99,34.0,0.0,0.0,111.0,6.46,1.245,0.086,STRAIGHT,1.5,1.5,"CMD,0.1,1.50",2.747,0.0865,1.598,0.111,1,0.8463,0,NORMAL,29.803,-0.353,1,1,1,1,2,80.3,227,14,dijkstra,graph,0.67607,0,,,,,,0,,,,315790,202699,5308
17,6.552002191543579,2026-03-09T17:23:23.248005,80.0,1.0,9.0,39.0,47.0,0.0,0.0,202.0,6.28,0.926,0.926,STRAIGHT,1.5,1.5,"CMD,0.9,1.50",4.0,0.007,2.511,0.022,1,0.9304,0,NORMAL,30.69,-0.371,1,1,1,1,2,125.6,272,15,dijkstra,graph,0.66163,0,,,,,,0,,,,277277,198097,5598
18,6.683003187179565,2026-03-09T17:23:23.379006,1.0,0.0,4.0,40.0,31.0,0.0,0.0,101.0,6.34,2.149,1.245,STRAIGHT,1.5,1.5,"CMD,1.2,1.50",2.536,0.1116,1.416,0.113,1,0.9304,0,NORMAL,29.983,-0.402,1,1,1,1,2,71.2,207,12,dijkstra,graph,0.65702,0,,,,,,0,,,,289142,197217,5598
19,6.907002687454224,2026-03-09T17:23:23.603005,79.0,0.0,9.0,40.0,32.0,0.0,0.0,191.0,6.21,1.535,1.535,STRAIGHT,1.5,1.5,"CMD,1.5,1.50",4.0,0.0075,2.42,0.022,1,0.9111,0,NORMAL,30.981,-0.397,1,1,1,1,2,121.0,254,12,dijkstra,graph,0.65376,0,,,,,,0,,,,259192,195593,5349
20,7.040000677108765,2026-03-09T17:23:23.736003,1.0,0.0,4.0,41.0,34.0,0.0,0.0,110.0,6.26,3.311,2.149,STRAIGHT,1.5,1.5,"CMD,2.1,1.50",2.563,0.1671,1.187,0.119,1,0.9111,0,NORMAL,33.188,-0.369,1,1,1,1,2,59.7,205,10,dijkstra,graph,0.64884,0,,,,,,0,,,,269282,194750,5349
21,7.25700306892395,2026-03-09T17:23:23.953006,74.0,0.0,11.0,45.0,33.0,0.0,0.0,190.0,6.15,2.317,2.317,STRAIGHT,1.5,1.5,"CMD,2.3,1.50",4.0,0.008,2.329,0.022,1,0.8884,0,NORMAL,34.278,-0.344,1,1,1,1,2,116.5,266,18,dijkstra,graph,0.68802,0,,,,,,0,,,,281241,205782,6052
22,7.392001390457153,2026-03-09T17:23:24.088004,1.0,0.0,3.0,43.0,38.0,0.0,0.0,107.0,6.2,2.793,2.793,STRAIGHT,1.5,1.5,"CMD,2.8,1.50",2.531,0.0909,2.492,0.286,1,0.8884,0,NORMAL,34.987,-0.407,1,1,1,1,1,696.8,200,16,dijkstra,fallback_skeleton,0.68025,0,,,,,,0,,,,302756,203947,6052
23,7.6100029945373535,2026-03-09T17:23:24.306006,79.0,1.0,13.0,38.0,31.0,0.0,1.0,187.0,6.11,2.599,2.599,STRAIGHT,1.5,1.5,"CMD,2.6,1.50",3.983,0.0536,3.948,0.423,1,0.8856,0,NORMAL,36.76,-0.43,1,1,1,1,1,695.0,234,13,dijkstra,fallback_skeleton,0.66486,0,,,,,,0,,,,254744,199087,5405
24,7.730003833770752,2026-03-09T17:23:24.426006,2.0,0.0,3.0,32.0,32.0,0.0,0.0,92.0,6.18,2.851,2.793,STRAIGHT,1.5,1.5,"CMD,2.8,1.50",2.347,0.0814,2.284,0.214,1,0.8856,0,NORMAL,40.886,-0.509,1,1,1,1,1,692.0,177,13,dijkstra,fallback_skeleton,0.6601,0,,,,,,0,,,,266613,198740,5405
25,7.944002628326416,2026-03-09T17:23:24.640005,78.0,1.0,9.0,23.0,36.0,0.0,1.0,182.0,6.1,2.67,2.67,STRAIGHT,1.5,1.5,"CMD,2.7,1.50",4.0,0.056,3.961,0.445,1,0.742,0,NORMAL,44.675,-0.713,1,1,1,1,1,584.3,78,15,dijkstra,fallback_skeleton,0.59432,0,,,,,,0,,,,194308,178371,3669
26,8.050002336502075,2026-03-09T17:23:24.746005,1.0,0.0,4.0,24.0,28.0,0.0,0.0,79.0,6.18,2.55,2.67,STRAIGHT,1.5,1.5,"CMD,2.7,1.50",4.0,0.056,3.961,0.445,1,0.742,0,NORMAL,45.365,-0.528,1,1,1,1,1,583.1,126,15,dijkstra,fallback_skeleton,0.56231,0,,,,,,0,,,,203427,168477,3669
27,8.238003969192505,2026-03-09T17:23:24.934007,76.0,0.0,8.0,20.0,36.0,0.0,0.0,164.01,6.15,2.579,2.579,STRAIGHT,1.5,1.5,"CMD,2.6,1.50",2.937,0.064,2.912,0.274,1,0.7998,0,NORMAL,47.866,-0.298,1,1,1,1,1,559.6,81,13,dijkstra,fallback_skeleton,0.6394,0,,,,,,0,,,,239761,191641,4349
28,8.340003967285156,2026-03-09T17:23:25.036007,2.0,0.0,3.0,22.0,31.0,0.0,0.0,78.0,6.23,1.479,2.55,STRAIGHT,1.5,1.5,"CMD,2.5,1.50",3.571,-0.0175,3.553,-0.111,1,0.7998,0,NORMAL,51.406,-0.258,1,1,1,1,1,224.5,101,12,dijkstra,fallback_centerline,0.60921,0,,,,,,0,,,,250076,183362,4349
29,8.438003063201904,2026-03-09T17:23:25.134006,1.0,0.0,4.0,20.0,21.0,0.0,0.0,71.0,6.31,0.745,1.479,STRAIGHT,1.5,1.5,"CMD,1.5,1.50",3.571,-0.0175,3.553,-0.111,1,0.7998,0,NORMAL,51.071,-0.206,1,1,1,1,2,140.7,72,12,dijkstra,graph,0.5469,0,,,,,,0,,,,250076,164655,4349
30,8.632004737854004,2026-03-09T17:23:25.328007,78.0,0.0,10.0,24.0,32.0,0.0,0.0,170.0,6.31,0.615,0.745,STRAIGHT,1.5,1.5,"CMD,0.7,1.50",4.0,0.0086,2.237,0.022,1,0.8817,0,NORMAL,50.971,-0.102,1,1,1,1,2,111.9,116,14,dijkstra,graph,0.62802,0,,,,,,0,,,,239198,188056,4241
31,8.729006052017212,2026-03-09T17:23:25.425008,2.0,0.0,3.0,23.0,23.0,0.0,0.0,73.0,6.52,1.035,0.745,STRAIGHT,1.5,1.5,"CMD,0.7,1.50",4.0,0.0454,3.977,0.362,1,0.8817,0,NORMAL,50.835,-0.057,1,1,1,1,1,475.6,100,11,dijkstra,fallback_skeleton,0.61961,0,,,,,,0,,,,250992,186094,4241
32,8.843003749847412,2026-03-09T17:23:25.539006,1.0,0.0,5.0,25.0,29.0,0.0,0.0,88.0,6.52,1.314,1.035,STRAIGHT,1.5,1.5,"CMD,1.0,1.50",4.0,0.0454,3.977,0.362,1,0.8817,0,NORMAL,50.621,-0.039,1,1,1,1,1,637.6,104,12,dijkstra,fallback_skeleton,0.58238,0,,,,,,0,,,,250992,174856,4241
33,9.037015914916992,2026-03-09T17:23:25.733018,76.0,0.0,11.0,20.0,31.0,0.0,0.0,167.01,6.53,1.6,1.314,STRAIGHT,1.5,1.5,"CMD,1.3,1.50",3.122,0.0526,3.102,0.255,1,0.8916,0,NORMAL,50.381,-0.054,1,1,1,1,1,588.9,73,17,dijkstra,fallback_skeleton,0.62403,0,,,,,,0,,,,236085,186926,4491
34,9.140002250671387,2026-03-09T17:23:25.836005,2.0,0.0,3.0,20.0,22.0,0.0,0.0,73.0,6.54,0.991,1.314,STRAIGHT,1.5,1.5,"CMD,1.3,1.50",4.0,-0.0055,3.977,-0.043,1,0.8916,0,NORMAL,50.144,-0.099,1,1,1,1,1,224.4,91,14,dijkstra,fallback_centerline,0.59545,0,,,,,,0,,,,246705,179264,4491
35,9.26600170135498,2026-03-09T17:23:25.962004,1.0,0.0,4.0,24.0,50.0,0.0,0.0,100.0,6.65,0.585,0.991,STRAIGHT,1.5,1.5,"CMD,1.0,1.50",4.0,-0.0055,3.977,-0.043,1,0.8916,0,NORMAL,50.045,-0.109,1,1,1,1,1,525.9,105,17,dijkstra,fallback_skeleton,0.56116,0,,,,,,0,,,,246705,168767,4491
36,9.457005262374878,2026-03-09T17:23:26.153008,79.0,1.0,9.0,25.0,27.0,0.0,0.0,166.0,6.55,0.503,0.585,STRAIGHT,1.5,1.5,"CMD,0.6,1.50",4.0,0.0082,2.283,0.021,1,0.8886,0,NORMAL,50.0,-0.152,1,1,1,1,2,114.2,119,14,dijkstra,graph,0.61469,0,,,,,,0,,,,239634,183998,4292
37,9.579001903533936,2026-03-09T17:23:26.275004,1.02,0.0,3.98,29.0,32.0,0.0,0.0,95.0,6.65,0.693,0.585,STRAIGHT,1.5,1.5,"CMD,0.6,1.50",4.0,0.026,3.994,0.208,1,0.8886,0,NORMAL,50.038,-0.135,1,1,1,1,2,335.5,169,13,dijkstra,graph,0.60626,0,,,,,,0,,,,252304,182066,4292
38,9.696003913879395,2026-03-09T17:23:26.392006,1.0,0.0,4.0,35.0,32.0,0.0,1.0,94.0,6.65,0.667,0.667,STRAIGHT,1.5,1.5,"CMD,0.7,1.50",4.0,0.0149,3.997,0.119,1,0.8886,0,NORMAL,50.135,-0.096,1,1,1,1,2,321.6,191,13,dijkstra,graph,0.58961,0,,,,,,0,,,,252304,177280,4292
39,9.813004732131958,2026-03-09T17:23:26.509007,1.0,0.0,4.0,33.0,31.0,0.0,1.0,94.0,6.62,0.736,0.693,STRAIGHT,1.5,1.5,"CMD,0.7,1.50",4.0,0.0212,3.995,0.169,1,0.8886,0,NORMAL,50.361,-0.127,1,1,1,1,2,311.9,166,11,dijkstra,graph,0.57494,0,,,,,,0,,,,252304,173138,4292
40,10.006003618240356,2026-03-09T17:23:26.702006,79.0,0.0,10.0,20.0,27.0,0.0,1.0,164.0,6.62,0.609,0.667,STRAIGHT,1.5,1.5,"CMD,0.7,1.50",4.0,0.0086,2.237,0.022,1,0.8892,0,NORMAL,50.723,-0.141,1,1,1,1,2,111.9,97,20,dijkstra,graph,0.62986,0,,,,,,0,,,,252211,188748,4721
41,10.12100338935852,2026-03-09T17:23:26.817006,1.0,0.0,5.0,35.0,26.0,0.0,0.0,88.0,6.63,0.694,0.694,STRAIGHT,1.5,1.5,"CMD,0.7,1.50",4.0,0.0209,3.994,0.167,1,0.8892,0,NORMAL,50.949,-0.107,1,1,1,1,2,326.5,161,13,dijkstra,graph,0.62264,0,,,,,,0,,,,271565,186831,4721
42,10.241004467010498,2026-03-09T17:23:26.937007,1.0,0.0,3.0,32.0,35.0,0.0,1.0,95.0,6.61,0.842,0.694,STRAIGHT,1.5,1.5,"CMD,0.7,1.50",3.975,0.0276,3.966,0.218,1,0.8892,0,NORMAL,51.553,-0.156,1,1,1,1,2,314.2,156,13,dijkstra,graph,0.60909,0,,,,,,0,,,,271565,182978,4721
43,10.345003128051758,2026-03-09T17:23:27.041006,1.0,0.0,3.0,20.0,28.0,0.0,1.0,74.0,6.64,1.021,0.842,STRAIGHT,1.5,1.5,"CMD,0.8,1.50",4.0,0.0334,3.987,0.267,1,0.8892,0,NORMAL,51.763,0.094,1,1,1,1,2,303.4,100,12,dijkstra,graph,0.59473,0,,,,,,0,,,,271565,178860,4721
44,10.54300332069397,2026-03-09T17:23:27.239006,75.0,1.0,8.99,25.0,34.0,0.0,0.0,169.0,6.65,0.794,0.842,STRAIGHT,1.5,1.5,"CMD,0.8,1.50",4.0,0.0082,2.283,0.021,1,0.8685,0,NORMAL,51.825,0.185,1,1,1,1,2,114.2,145,13,dijkstra,graph,0.58643,0,,,,,,0,,,,230031,175301,4141
45,10.650004863739014,2026-03-09T17:23:27.346007,1.0,0.0,3.0,25.0,28.0,0.0,0.0,81.0,6.7,0.794,0.794,STRAIGHT,1.5,1.5,"CMD,0.8,1.50",3.542,0.0193,3.533,0.12,1,0.8685,0,NORMAL,52.017,0.211,1,1,1,1,1,494.4,103,11,dijkstra,fallback_skeleton,0.57802,0,,,,,,0,,,,239952,173377,4141
46,10.751003742218018,2026-03-09T17:23:27.447006,1.0,0.0,3.0,25.0,24.0,0.0,0.0,74.0,6.91,1.665,0.794,STRAIGHT,1.5,1.5,"CMD,0.8,1.50",4.0,0.0827,1.963,0.16,1,0.8685,0,NORMAL,52.263,0.219,1,1,1,1,2,99.0,145,11,dijkstra,graph,0.5645,0,,,,,,0,,,,239952,169755,4141
47,10.852004766464233,2026-03-09T17:23:27.548007,1.0,0.0,3.0,23.0,29.0,0.0,0.0,78.0,6.96,1.237,1.237,STRAIGHT,1.5,1.5,"CMD,1.2,1.50",3.834,0.0093,3.828,0.068,1,0.8685,0,NORMAL,52.2,0.246,1,1,1,1,1,508.1,109,11,dijkstra,fallback_skeleton,0.54368,0,,,,,,0,,,,239952,163393,4141
48,11.05700397491455,2026-03-09T17:23:27.753006,81.0,0.0,10.0,19.0,28.0,0.0,0.0,173.0,6.99,1.241,1.241,STRAIGHT,1.5,1.5,"CMD,1.2,1.50",4.0,0.0303,3.99,0.242,1,0.8848,0,NORMAL,52.353,0.217,1,1,1,1,1,577.8,99,16,dijkstra,fallback_skeleton,0.6336,0,,,,,,0,,,,251393,189793,4579
49,11.164006471633911,2026-03-09T17:23:27.860009,1.0,0.0,3.0,22.0,29.0,0.0,0.0,79.0,7.03,1.627,1.241,STRAIGHT,1.5,1.5,"CMD,1.2,1.50",3.153,0.0581,3.131,0.287,1,0.8848,0,NORMAL,52.286,0.278,1,1,1,1,2,322.4,95,12,dijkstra,graph,0.62477,0,,,,,,0,,,,264015,187762,4579
50,11.346004486083984,2026-03-09T17:23:28.042007,74.0,1.0,11.0,18.0,29.01,0.0,0.0,157.0,7.09,1.203,1.241,STRAIGHT,1.5,1.5,"CMD,1.2,1.50",4.0,0.0086,2.237,0.022,1,0.9481,0,NORMAL,53.423,0.215,1,1,1,1,2,111.9,81,15,dijkstra,graph,0.64295,0,,,,,,0,,,,256793,192600,4402
51,11.450007200241089,2026-03-09T17:23:28.146010,1.0,0.0,4.0,25.0,25.0,0.0,0.0,75.0,7.15,1.012,1.203,STRAIGHT,1.5,1.5,"CMD,1.2,1.50",3.07,0.0153,3.057,0.072,1,0.9481,0,NORMAL,53.6,0.207,1,1,1,1,2,315.0,119,12,dijkstra,graph,0.6361,0,,,,,,0,,,,272135,190691,4402
52,11.644004106521606,2026-03-09T17:23:28.340007,75.0,1.0,8.0,18.0,37.0,0.0,1.0,166.0,7.19,0.797,1.012,STRAIGHT,1.5,1.5,"CMD,1.0,1.50",4.0,0.0089,2.192,0.021,1,0.9494,0,NORMAL,53.761,0.238,1,1,1,1,2,109.6,95,14,dijkstra,graph,0.64833,0,,,,,,0,,,,260851,194400,4269
53,11.739004850387573,2026-03-09T17:23:28.435007,1.0,0.0,4.0,22.0,23.0,0.0,0.0,69.0,7.23,0.638,0.797,STRAIGHT,1.5,1.5,"CMD,0.8,1.50",3.206,0.0077,3.197,0.04,1,0.9494,0,NORMAL,54.071,0.234,1,1,1,1,2,310.4,111,9,dijkstra,graph,0.64198,0,,,,,,0,,,,277950,192516,4269
54,11.929005146026611,2026-03-09T17:23:28.625008,76.0,0.0,10.0,19.0,29.0,0.0,0.0,166.0,7.28,0.547,0.638,STRAIGHT,1.5,1.5,"CMD,0.6,1.50",4.0,0.0089,2.192,0.021,1,0.9636,0,NORMAL,54.128,0.248,1,1,1,1,2,109.6,81,17,dijkstra,graph,0.65056,0,,,,,,0,,,,261506,194761,4526
55,12.047003507614136,2026-03-09T17:23:28.743006,2.0,0.0,3.0,29.0,28.0,0.0,0.0,88.0,7.26,0.475,0.547,STRAIGHT,1.5,1.5,"CMD,0.5,1.50",3.232,0.0081,3.223,0.042,1,0.9636,0,NORMAL,54.229,0.282,1,1,1,1,2,307.7,121,11,dijkstra,graph,0.64351,0,,,,,,0,,,,276527,192963,4526
56,12.250004768371582,2026-03-09T17:23:28.946007,81.0,1.0,13.0,25.0,33.0,0.0,1.0,178.0,7.23,0.436,0.475,STRAIGHT,1.5,1.5,"CMD,0.5,1.50",4.0,0.0086,2.237,0.022,1,0.9623,0,NORMAL,54.511,0.254,1,1,1,1,2,111.9,99,14,dijkstra,graph,0.65207,0,,,,,,0,,,,261233,195277,4592
57,12.354002952575684,2026-03-09T17:23:29.050005,2.0,0.0,5.0,26.0,25.0,0.0,0.0,80.0,7.22,0.385,0.436,STRAIGHT,1.5,1.5,"CMD,0.4,1.50",3.058,0.0069,3.046,0.032,1,0.9623,0,NORMAL,55.749,0.24,1,1,1,1,2,305.9,106,9,dijkstra,graph,0.645,0,,,,,,0,,,,276005,193476,4592
58,12.55000615119934,2026-03-09T17:23:29.246009,79.0,0.0,11.0,22.0,31.0,0.0,0.0,167.0,7.05,0.378,0.385,STRAIGHT,1.5,1.5,"CMD,0.4,1.50",4.0,0.0089,2.192,0.021,1,0.9492,0,NORMAL,55.951,0.23,1,1,1,1,2,109.6,94,13,dijkstra,graph,0.65791,0,,,,,,0,,,,264170,197401,4239
59,12.678003549575806,2026-03-09T17:23:29.374006,1.0,0.0,4.0,34.0,33.0,0.0,0.0,99.0,7.17,0.252,0.378,STRAIGHT,1.5,1.5,"CMD,0.4,1.50",3.431,-0.0,3.425,-0.0,1,0.9492,0,NORMAL,55.703,0.236,1,1,1,1,2,300.9,172,14,dijkstra,graph,0.65545,0,,,,,,0,,,,277652,196578,4239
60,12.861030101776123,2026-03-09T17:23:29.557033,76.0,1.0,10.0,19.0,22.01,0.0,0.0,155.03,7.02,0.287,0.287,STRAIGHT,1.5,1.5,"CMD,0.3,1.50",4.0,0.0086,2.237,0.022,1,0.9633,0,NORMAL,54.838,0.218,1,1,1,1,2,111.9,80,13,dijkstra,graph,0.64349,0,,,,,,0,,,,263145,192818,3626
61,12.970005989074707,2026-03-09T17:23:29.666008,1.0,0.0,4.0,19.0,26.0,0.0,0.0,73.0,7.03,0.182,0.252,STRAIGHT,1.5,1.5,"CMD,0.3,1.50",3.202,-0.0006,3.193,-0.003,1,0.9633,0,NORMAL,54.205,0.203,1,1,1,1,2,301.7,88,7,dijkstra,graph,0.63973,0,,,,,,0,,,,276592,192111,3626
62,13.167006254196167,2026-03-09T17:23:29.863009,80.0,0.0,10.0,19.0,29.0,0.0,0.0,166.0,7.02,0.24,0.24,STRAIGHT,1.5,1.5,"CMD,0.2,1.50",4.0,0.0086,2.237,0.022,1,0.9637,0,NORMAL,53.225,0.192,1,1,1,1,2,111.9,89,13,dijkstra,graph,0.63562,0,,,,,,0,,,,260934,190569,3828
63,13.290009498596191,2026-03-09T17:23:29.986012,1.0,0.0,3.0,31.0,33.0,0.0,0.0,91.0,6.99,0.037,0.182,STRAIGHT,1.5,1.5,"CMD,0.2,1.50",3.252,-0.009,3.244,-0.047,1,0.9637,0,NORMAL,53.334,0.166,1,1,1,1,2,299.3,157,7,dijkstra,graph,0.6318,0,,,,,,0,,,,275222,189849,3828
64,13.495004415512085,2026-03-09T17:23:30.191007,79.0,0.0,10.0,26.0,34.0,0.0,0.0,175.0,6.86,0.135,0.135,STRAIGHT,1.5,1.5,"CMD,0.1,1.50",4.0,0.008,2.329,0.022,1,0.9565,0,NORMAL,52.688,0.138,1,1,1,1,2,116.5,139,15,dijkstra,graph,0.62599,0,,,,,,0,,,,260573,187625,4085
65,13.60100507736206,2026-03-09T17:23:30.297008,1.0,0.0,3.0,32.0,26.0,0.0,0.0,84.0,7.0,-0.134,0.037,STRAIGHT,1.5,1.5,"CMD,0.0,1.50",3.417,-0.0163,3.41,-0.095,1,0.9565,0,NORMAL,52.614,0.109,1,1,1,1,2,292.0,180,9,dijkstra,graph,0.62211,0,,,,,,0,,,,274527,186858,4085
66,13.790005445480347,2026-03-09T17:23:30.486008,75.0,0.0,8.0,25.0,29.0,0.0,0.0,161.0,6.89,0.023,0.023,STRAIGHT,1.5,1.5,"CMD,0.0,1.50",4.0,0.0082,2.283,0.021,1,0.934,0,NORMAL,53.96,0.045,1,1,1,1,2,114.2,146,17,dijkstra,graph,0.62014,0,,,,,,0,,,,266213,185840,4349
67,13.907005786895752,2026-03-09T17:23:30.603008,1.0,0.0,3.0,24.0,30.0,0.0,0.0,81.0,6.89,-0.086,-0.086,STRAIGHT,1.5,1.5,"CMD,-0.1,1.50",3.65,-0.0074,3.645,-0.049,1,0.934,0,NORMAL,55.299,0.012,1,1,1,1,2,292.0,156,11,dijkstra,graph,0.61535,0,,,,,,0,,,,282053,184628,4349
68,14.030267000198364,2026-03-09T17:23:30.726270,1.0,0.0,4.01,29.0,32.0,0.0,0.26,91.26,6.88,0.153,0.023,STRAIGHT,1.5,1.5,"CMD,0.0,1.50",4.0,0.0153,3.993,0.122,1,0.934,0,NORMAL,54.364,-0.011,1,1,1,1,3,264.3,135,15,dijkstra,graph,0.59008,0,,,,,,0,,,,282053,177610,4349
69,14.143005847930908,2026-03-09T17:23:30.839008,1.0,0.0,3.0,30.0,23.0,0.0,0.0,85.0,7.01,-0.233,-0.086,STRAIGHT,1.5,1.5,"CMD,-0.1,1.50",3.474,-0.0243,3.467,-0.146,1,0.934,0,NORMAL,53.449,-0.034,1,1,1,1,2,268.9,169,11,dijkstra,graph,0.57382,0,,,,,,0,,,,282053,172519,4349
70,14.345004796981812,2026-03-09T17:23:31.041007,79.0,0.0,11.0,28.0,34.0,0.0,0.0,178.0,6.87,-0.045,-0.045,STRAIGHT,1.5,1.5,"CMD,-0.0,1.50",4.0,0.008,2.329,0.022,1,0.9084,0,NORMAL,52.244,-0.041,1,1,1,1,2,116.5,146,18,dijkstra,graph,0.61605,0,,,,,,0,,,,282081,184568,4670
71,14.465005874633789,2026-03-09T17:23:31.161008,1.0,0.0,3.0,29.0,27.0,0.0,0.0,87.0,6.87,-0.293,-0.233,STRAIGHT,1.5,1.5,"CMD,-0.2,1.50",3.154,-0.0192,3.144,-0.095,1,0.9084,0,NORMAL,51.169,-0.066,1,1,1,1,2,198.2,163,14,dijkstra,graph,0.61058,0,,,,,,0,,,,296858,183245,4670
72,14.652007579803467,2026-03-09T17:23:31.348010,77.0,0.0,9.0,23.99,24.0,0.0,1.0,161.0,6.73,-0.082,-0.082,STRAIGHT,1.5,1.5,"CMD,-0.1,1.50",4.0,0.0082,2.283,0.021,1,0.9441,0,NORMAL,50.087,-0.095,1,1,1,1,2,114.2,148,17,dijkstra,graph,0.605,0,,,,,,0,,,,284753,181413,4488
73,14.769004583358765,2026-03-09T17:23:31.465007,1.0,0.0,3.0,29.0,29.0,0.0,0.0,85.0,6.86,-0.424,-0.293,STRAIGHT,1.5,1.5,"CMD,-0.3,1.50",3.284,-0.0269,3.274,-0.144,1,0.9441,0,NORMAL,49.005,-0.12,1,1,1,1,2,221.1,151,11,dijkstra,graph,0.59994,0,,,,,,0,,,,299274,179957,4488
74,14.969005346298218,2026-03-09T17:23:31.665008,79.0,1.0,9.0,29.0,26.0,0.0,0.0,171.0,6.71,-0.17,-0.17,STRAIGHT,1.5,1.5,"CMD,-0.2,1.50",4.0,0.0082,2.283,0.021,1,0.9532,0,NORMAL,48.356,-0.15,1,1,1,1,2,114.2,151,13,dijkstra,graph,0.58893,0,,,,,,0,,,,287913,176660,3853
75,15.081005573272705,2026-03-09T17:23:31.777008,2.0,0.0,3.0,31.0,26.0,0.0,0.0,83.0,6.7,-0.622,-0.424,STRAIGHT,1.5,1.5,"CMD,-0.4,1.50",3.253,-0.037,3.24,-0.195,1,0.9532,0,NORMAL,48.314,-0.155,1,1,1,1,2,225.6,154,8,dijkstra,graph,0.58341,0,,,,,,0,,,,302413,175025,3853
76,15.292005062103271,2026-03-09T17:23:31.988008,76.0,1.0,12.0,35.0,31.0,0.0,0.0,181.0,6.53,-0.302,-0.302,STRAIGHT,1.5,1.5,"CMD,-0.3,1.50",4.0,0.0082,2.283,0.021,1,0.9441,0,NORMAL,47.832,-0.145,1,1,1,1,2,114.2,159,14,dijkstra,graph,0.56921,0,,,,,,0,,,,285044,170619,3827
77,15.386006593704224,2026-03-09T17:23:32.082009,1.0,0.0,4.0,21.0,21.0,0.0,0.0,69.0,6.7,-1.041,-0.622,STRAIGHT,1.5,1.5,"CMD,-0.6,1.50",2.849,-0.0611,2.825,-0.246,1,0.9441,0,NORMAL,47.074,-0.062,1,1,1,1,2,215.0,79,10,dijkstra,graph,0.56124,0,,,,,,0,,,,301442,168415,3827
78,15.583007574081421,2026-03-09T17:23:32.279010,77.0,0.0,9.0,26.0,23.0,0.0,0.0,163.0,6.56,-0.584,-0.584,STRAIGHT,1.5,1.5,"CMD,-0.6,1.50",4.0,0.008,2.329,0.022,1,0.9372,0,NORMAL,50.439,-0.084,1,1,1,1,2,116.5,157,14,dijkstra,graph,0.56915,0,,,,,,0,,,,290157,170626,4320
79,15.699007272720337,2026-03-09T17:23:32.395010,1.0,0.0,3.0,23.0,31.0,0.0,1.0,80.0,6.66,-0.945,-0.945,STRAIGHT,1.5,1.5,"CMD,-0.9,1.50",3.119,-0.0404,3.104,-0.195,1,0.9372,0,NORMAL,49.855,-0.065,1,1,1,1,2,202.3,75,8,dijkstra,graph,0.56019,0,,,,,,0,,,,302150,167992,4320
80,15.88700556755066,2026-03-09T17:23:32.583008,77.0,0.0,11.0,28.0,25.0,0.0,0.0,165.0,6.53,-0.862,-0.862,STRAIGHT,1.5,1.5,"CMD,-0.9,1.50",4.0,-0.0168,2.603,-0.057,1,0.9607,0,NORMAL,49.438,-0.045,1,1,1,1,2,132.6,144,12,dijkstra,graph,0.56196,0,,,,,,0,,,,292460,168443,3751
81,15.98600697517395,2026-03-09T17:23:32.682009,1.0,0.0,3.0,18.0,24.0,0.0,0.0,70.0,6.68,-0.945,-0.945,STRAIGHT,1.5,1.5,"CMD,-0.9,1.50",3.387,-0.027,3.378,-0.154,1,0.9607,0,NORMAL,48.202,-0.008,1,1,1,1,2,192.8,66,10,dijkstra,graph,0.55818,0,,,,,,0,,,,303098,167918,3751
82,16.17900776863098,2026-03-09T17:23:32.875010,76.0,1.0,9.0,26.0,27.0,0.0,1.0,165.0,6.53,-1.025,-0.945,STRAIGHT,1.5,1.5,"CMD,-0.9,1.50",3.875,-0.0287,2.648,-0.101,1,0.9597,0,NORMAL,47.408,0.042,1,1,1,1,2,135.8,153,11,dijkstra,graph,0.57213,0,,,,,,0,,,,294246,171411,3580
83,16.28800678253174,2026-03-09T17:23:32.984009,1.0,0.0,5.0,25.0,24.0,0.0,0.0,81.0,6.65,-0.89,-0.945,STRAIGHT,1.5,1.5,"CMD,-0.9,1.50",3.846,-0.015,3.842,-0.111,1,0.9597,0,NORMAL,46.879,0.083,1,1,1,1,2,213.4,64,10,dijkstra,graph,0.56545,0,,,,,,0,,,,304263,170208,3580
84,16.39400601387024,2026-03-09T17:23:33.090009,1.0,0.0,3.0,26.0,27.0,0.0,0.0,79.0,6.67,-0.196,-0.89,STRAIGHT,1.5,1.5,"CMD,-0.9,1.50",3.38,0.0289,2.466,0.088,1,0.9597,0,NORMAL,45.453,0.129,1,1,1,1,2,124.1,150,13,dijkstra,graph,0.54165,0,,,,,,0,,,,304263,162991,3580
85,16.488007068634033,2026-03-09T17:23:33.184009,1.0,0.0,3.0,20.0,21.0,0.0,0.0,67.0,6.84,0.267,-0.196,STRAIGHT,1.5,1.5,"CMD,-0.2,1.50",3.38,0.0289,2.466,0.088,1,0.9597,0,NORMAL,44.344,0.138,1,1,1,1,1,569.1,85,9,dijkstra,fallback_skeleton,0.52242,0,,,,,,0,,,,304263,156873,3580
86,16.69800615310669,2026-03-09T17:23:33.394009,77.0,1.0,9.0,34.0,33.99,0.0,0.0,178.0,6.68,0.309,0.267,STRAIGHT,1.5,1.5,"CMD,0.3,1.50",2.641,0.0096,2.613,0.033,1,0.9045,0,NORMAL,43.282,0.193,1,1,1,1,1,609.0,184,12,dijkstra,fallback_skeleton,0.6161,0,,,,,,0,,,,301984,184547,3678
87,16.807008504867554,2026-03-09T17:23:33.503011,1.0,0.0,3.0,24.0,26.0,0.0,0.0,78.0,6.81,-0.232,0.267,STRAIGHT,1.5,1.5,"CMD,0.3,1.50",4.0,-0.0319,3.986,-0.254,1,0.9045,0,NORMAL,42.323,0.234,1,1,1,1,1,219.2,102,13,dijkstra,fallback_centerline,0.56762,0,,,,,,0,,,,311627,170765,3678
88,16.90701150894165,2026-03-09T17:23:33.603014,1.0,0.0,4.0,23.0,23.0,0.0,0.0,71.01,6.86,-0.563,-0.232,STRAIGHT,1.5,1.5,"CMD,-0.2,1.50",3.52,-0.0297,3.503,-0.183,1,0.9045,0,NORMAL,41.473,0.248,1,1,1,1,1,224.2,137,13,dijkstra,fallback_centerline,0.54713,0,,,,,,0,,,,311627,164736,3678
89,16.985010623931885,2026-03-09T17:23:33.681013,1.01,0.0,4.0,13.0,20.0,0.0,0.0,56.0,7.03,-0.404,-0.404,STRAIGHT,1.5,1.5,"CMD,-0.4,1.50",2.68,-0.0021,2.657,-0.007,1,0.9045,0,NORMAL,40.747,0.213,1,1,1,1,1,224.9,50,12,dijkstra,fallback_centerline,0.51293,0,,,,,,0,,,,311627,154359,3678
90,17.162010431289673,2026-03-09T17:23:33.858013,72.0,1.0,8.0,25.0,27.01,0.0,1.0,156.0,6.92,-0.17,-0.404,STRAIGHT,1.5,1.5,"CMD,-0.4,1.50",4.0,0.0072,2.466,0.022,1,0.8904,0,NORMAL,40.117,0.168,1,1,1,1,2,123.3,190,16,dijkstra,graph,0.70899,0,,,,,,0,,,,317939,212160,5285
91,17.251007556915283,2026-03-09T17:23:33.947010,1.0,0.0,4.0,26.01,19.99,0.0,0.0,69.0,7.1,-1.532,-0.404,STRAIGHT,1.5,1.5,"CMD,-0.4,1.50",2.638,-0.1034,2.594,-0.354,1,0.8904,0,NORMAL,38.962,0.103,1,1,1,1,2,238.2,139,10,dijkstra,graph,0.69791,0,,,,,,0,,,,330474,209141,5285
92,17.420010089874268,2026-03-09T17:23:34.116013,72.0,0.0,8.0,20.0,21.0,0.0,0.0,146.0,7.02,-1.606,-1.532,STRAIGHT,1.5,1.5,"CMD,-1.5,1.50",3.955,-0.0425,2.785,-0.166,1,0.9394,0,NORMAL,38.096,0.061,1,1,1,1,2,144.8,142,11,dijkstra,graph,0.73178,0,,,,,,0,,,,318617,219204,5005
93,17.50200581550598,2026-03-09T17:23:34.198008,1.0,0.0,3.0,23.0,18.0,0.0,0.0,62.0,7.24,2.008,-1.532,STRAIGHT,1.5,1.5,"CMD,-1.5,1.50",1.979,0.2259,1.887,0.422,1,0.9394,0,NORMAL,37.897,0.012,1,1,1,1,2,152.7,170,12,dijkstra,graph,0.72229,0,,,,,,0,,,,332025,216974,5005
94,17.669013023376465,2026-03-09T17:23:34.365016,71.0,1.0,8.0,19.0,22.33,0.0,0.0,142.0,7.13,0.591,0.591,STRAIGHT,1.5,1.5,"CMD,0.6,1.50",3.9,-0.0544,2.831,-0.219,1,0.9553,0,NORMAL,37.198,-0.02,1,1,1,1,2,148.0,122,12,dijkstra,graph,0.75488,0,,,,,,0,,,,319767,225918,4528
95,17.766010999679565,2026-03-09T17:23:34.462014,1.0,0.0,3.0,38.0,19.0,0.0,0.0,78.0,7.29,-0.354,0.591,STRAIGHT,1.5,1.5,"CMD,0.6,1.50",3.9,-0.0544,2.831,-0.219,1,0.9553,0,NORMAL,36.701,-0.066,1,1,1,1,2,167.6,195,11,dijkstra,graph,0.74155,0,,,,,,0,,,,331404,222844,4528
96,17.94000554084778,2026-03-09T17:23:34.636008,72.0,1.0,8.0,31.0,24.0,0.0,0.0,154.0,7.19,-1.001,-0.354,STRAIGHT,1.5,1.5,"CMD,-0.4,1.50",4.0,-0.0557,2.877,-0.232,1,0.9614,0,NORMAL,35.81,-0.101,1,1,1,1,2,150.1,240,18,dijkstra,graph,0.77839,0,,,,,,0,,,,320419,232803,5707
97,18.042010068893433,2026-03-09T17:23:34.738013,1.0,0.0,3.0,33.0,24.0,0.0,1.0,81.0,7.23,-1.432,-1.001,STRAIGHT,1.5,1.5,"CMD,-1.0,1.50",4.0,-0.0557,2.877,-0.232,1,0.9614,0,NORMAL,34.964,-0.147,1,1,1,1,2,176.9,177,12,dijkstra,graph,0.75157,0,,,,,,0,,,,326776,226143,5707
98,18.209012985229492,2026-03-09T17:23:34.905016,70.0,1.0,7.0,20.01,21.0,0.0,0.0,142.0,7.13,-1.861,-1.432,STRAIGHT,1.5,1.5,"CMD,-1.4,1.50",3.894,-0.0659,2.877,-0.275,1,0.95,0,NORMAL,32.221,-0.187,1,1,1,1,2,151.3,128,11,dijkstra,graph,0.78033,0,,,,,,0,,,,323772,233726,4940
99,18.293009519577026,2026-03-09T17:23:34.989012,0.0,0.0,3.0,23.0,20.0,0.0,1.0,64.0,7.35,-1.685,-1.685,STRAIGHT,1.5,1.5,"CMD,-1.7,1.50",4.0,-0.0323,3.984,-0.258,1,0.95,0,NORMAL,31.254,-0.227,1,1,1,1,1,220.1,183,11,dijkstra,fallback_centerline,0.75008,0,,,,,,0,,,,327882,225691,4940
100,18.38404679298401,2026-03-09T17:23:35.080049,1.0,0.0,3.0,28.03,18.97,0.0,1.04,70.04,7.4,-1.568,-1.685,STRAIGHT,1.5,1.5,"CMD,-1.7,1.50",4.0,-0.0323,3.984,-0.258,1,0.95,0,NORMAL,30.331,-0.261,1,1,1,1,1,437.6,250,12,dijkstra,fallback_skeleton,0.71397,0,,,,,,0,,,,327882,214881,4940
101,18.537018060684204,2026-03-09T17:23:35.233020,70.0,0.0,8.0,18.01,20.0,0.0,0.0,134.01,7.46,-1.541,-1.568,STRAIGHT,1.5,1.5,"CMD,-1.6,1.50",2.151,-0.0361,2.099,-0.08,1,0.9254,0,NORMAL,29.913,-0.271,1,1,1,1,1,528.9,122,13,dijkstra,fallback_skeleton,0.77626,0,,,,,,0,,,,337695,232386,5129
102,18.688011646270752,2026-03-09T17:23:35.384014,68.04,0.0,7.96,20.0,19.0,0.0,0.0,132.0,7.4,-1.503,-1.541,STRAIGHT,1.5,1.5,"CMD,-1.5,1.50",2.077,-0.0346,2.016,-0.07,1,0.9667,0,NORMAL,29.768,-0.268,1,1,1,1,1,533.5,135,11,dijkstra,fallback_skeleton,0.77971,0,,,,,,0,,,,345772,233503,5160
103,18.839009284973145,2026-03-09T17:23:35.535012,69.01,1.0,7.0,19.01,19.99,0.0,0.0,132.0,7.49,-1.484,-1.503,STRAIGHT,1.5,1.5,"CMD,-1.5,1.50",2.082,-0.035,2.022,-0.072,1,0.964,0,NORMAL,29.113,-0.285,1,1,1,1,1,530.2,134,11,dijkstra,fallback_skeleton,0.78411,0,,,,,,0,,,,354885,234980,5245
104,18.991009950637817,2026-03-09T17:23:35.687012,69.0,0.0,8.0,19.0,20.0,0.0,0.0,132.0,7.42,-1.493,-1.493,STRAIGHT,1.5,1.5,"CMD,-1.5,1.50",2.047,-0.0367,1.983,-0.072,1,0.9654,0,NORMAL,28.662,-0.282,1,1,1,1,1,538.4,127,13,dijkstra,fallback_skeleton,0.79081,0,,,,,,0,,,,364507,237017,5020
105,19.142010927200317,2026-03-09T17:23:35.838013,68.0,0.0,7.0,20.0,20.0,0.0,0.0,132.0,7.53,-1.832,-1.493,STRAIGHT,1.5,1.5,"CMD,-1.5,1.50",1.938,-0.0608,1.851,-0.104,1,0.9693,0,NORMAL,28.534,-0.313,1,1,1,1,1,533.6,142,11,dijkstra,fallback_skeleton,0.7918,0,,,,,,0,,,,365949,237178,5281
106,19.29101300239563,2026-03-09T17:23:35.987016,68.0,1.0,7.0,18.99,19.0,0.0,0.0,130.0,7.43,-2.227,-1.832,STRAIGHT,1.5,1.5,"CMD,-1.8,1.50",2.366,-0.0733,2.308,-0.197,1,0.9811,0,NORMAL,28.976,-0.263,1,1,1,1,2,153.5,123,11,dijkstra,graph,0.7818,0,,,,,,0,,,,364407,234243,5060
107,19.373042583465576,2026-03-09T17:23:36.069045,1.0,0.0,3.0,26.0,17.01,0.0,0.0,64.03,7.65,-2.491,-2.227,STRAIGHT,1.5,1.5,"CMD,-2.2,1.50",2.366,-0.0733,2.308,-0.197,1,0.9811,0,NORMAL,29.225,-0.305,1,1,1,1,2,175.8,219,10,dijkstra,graph,0.75711,0,,,,,,0,,,,364865,227629,5060
108,19.537009477615356,2026-03-09T17:23:36.233012,71.0,0.0,7.0,19.0,20.0,0.0,0.0,136.0,7.56,-3.136,-2.491,STRAIGHT,1.5,1.5,"CMD,-2.5,1.50",2.89,-0.1075,2.753,-0.417,1,0.9698,0,NORMAL,30.408,-0.212,1,1,1,1,2,159.1,133,12,dijkstra,graph,0.78659,0,,,,,,0,,,,371943,235527,5117
109,19.619007110595703,2026-03-09T17:23:36.315010,1.0,0.0,2.0,26.0,18.0,0.0,0.0,63.0,7.77,-2.53,-2.53,STRAIGHT,1.5,1.5,"CMD,-2.5,1.50",4.0,-0.0319,3.986,-0.255,1,0.9698,0,NORMAL,31.484,-0.193,1,1,1,1,1,217.2,224,11,dijkstra,fallback_centerline,0.75052,0,,,,,,0,,,,371947,225707,5117
110,19.70304012298584,2026-03-09T17:23:36.399043,0.0,0.0,3.03,28.04,18.99,0.0,0.0,66.03,7.8,-2.126,-2.53,STRAIGHT,1.5,1.5,"CMD,-2.5,1.50",4.0,-0.0319,3.986,-0.255,1,0.9698,0,NORMAL,32.449,-0.181,1,1,1,1,1,451.9,263,10,dijkstra,fallback_skeleton,0.72647,0,,,,,,0,,,,371947,218626,5117
111,19.846009731292725,2026-03-09T17:23:36.542012,68.0,0.0,7.0,13.0,18.0,0.0,0.0,123.96,7.91,-2.693,-2.53,STRAIGHT,1.5,1.5,"CMD,-2.5,1.50",2.054,-0.0929,1.913,-0.171,1,0.9657,0,NORMAL,33.465,-0.11,1,1,1,1,1,541.0,35,11,dijkstra,fallback_skeleton,0.79793,0,,,,,,0,,,,379630,239029,4479
112,20.00001049041748,2026-03-09T17:23:36.696013,69.0,1.0,7.0,20.0,21.0,0.0,0.0,134.0,7.81,-2.672,-2.672,STRAIGHT,1.5,1.5,"CMD,-2.7,1.50",1.832,-0.0638,1.712,-0.094,1,0.9854,0,NORMAL,35.481,0.02,1,1,1,1,1,534.5,139,12,dijkstra,fallback_skeleton,0.80638,0,,,,,,0,,,,384848,241599,5084
113,20.146010875701904,2026-03-09T17:23:36.842013,68.0,0.0,8.0,15.0,19.0,0.0,0.0,126.0,7.73,-2.605,-2.672,STRAIGHT,1.5,1.5,"CMD,-2.7,1.50",1.823,-0.0599,1.7,-0.087,1,0.9764,0,NORMAL,37.666,0.182,1,1,1,1,1,548.9,72,11,dijkstra,fallback_skeleton,0.81341,0,,,,,,0,,,,393514,243769,4766
114,20.29004406929016,2026-03-09T17:23:36.986046,67.04,1.0,6.99,13.03,19.0,0.0,0.0,125.04,7.63,-2.25,-2.605,STRAIGHT,1.5,1.5,"CMD,-2.6,1.50",1.799,-0.0374,1.669,-0.052,1,0.977,0,NORMAL,39.696,0.274,1,1,1,1,1,540.1,51,11,dijkstra,fallback_skeleton,0.82333,0,,,,,,0,,,,399397,246547,4695
115,20.441044092178345,2026-03-09T17:23:37.137047,71.03,1.0,8.0,16.03,19.0,0.0,0.0,132.0,7.75,-2.243,-2.25,STRAIGHT,1.5,1.5,"CMD,-2.3,1.50",1.816,-0.0541,1.692,-0.078,1,0.9751,0,NORMAL,40.601,0.289,1,1,1,1,1,554.8,74,13,dijkstra,fallback_skeleton,0.8269,0,,,,,,0,,,,405396,247658,4862
116,20.59500789642334,2026-03-09T17:23:37.291010,69.0,0.0,7.0,14.0,20.0,0.0,1.0,128.0,7.66,-2.634,-2.25,STRAIGHT,1.5,1.5,"CMD,-2.3,1.50",1.941,-0.0829,1.869,-0.146,1,0.9729,0,NORMAL,40.98,0.315,1,1,1,1,1,545.0,61,11,dijkstra,fallback_skeleton,0.83415,0,,,,,,0,,,,415716,249944,5108
117,20.740044593811035,2026-03-09T17:23:37.436047,68.03,0.0,7.0,14.03,19.0,0.0,0.0,125.03,7.57,-2.257,-2.257,STRAIGHT,1.5,1.5,"CMD,-2.3,1.50",1.798,-0.0365,1.67,-0.051,1,0.978,0,NORMAL,42.068,0.283,1,1,1,1,1,542.1,52,11,dijkstra,fallback_skeleton,0.83428,0,,,,,,0,,,,417601,250030,5044
118,20.888007640838623,2026-03-09T17:23:37.584010,69.0,1.0,7.0,15.0,19.0,0.0,0.0,127.96,7.43,-2.39,-2.39,STRAIGHT,1.5,1.5,"CMD,-2.4,1.50",1.851,-0.0644,1.738,-0.098,1,0.9823,0,NORMAL,43.325,0.285,1,1,1,1,1,540.7,65,11,dijkstra,fallback_skeleton,0.83213,0,,,,,,0,,,,418270,249305,4789
119,21.037007331848145,2026-03-09T17:23:37.733010,68.04,1.0,6.97,16.0,20.0,0.0,0.0,129.0,7.48,-2.436,-2.39,STRAIGHT,1.5,1.5,"CMD,-2.4,1.50",1.873,-0.0614,1.769,-0.096,1,0.9847,0,NORMAL,44.687,0.321,1,1,1,1,1,553.3,76,12,dijkstra,fallback_skeleton,0.84267,0,,,,,,0,,,,424342,252462,4933
120,21.188042163848877,2026-03-09T17:23:37.884045,69.0,0.0,7.0,19.04,20.01,0.0,0.0,131.04,7.36,-2.669,-2.436,STRAIGHT,1.5,1.5,"CMD,-2.4,1.50",1.977,-0.076,1.895,-0.137,1,0.9821,0,NORMAL,46.314,0.294,1,1,1,1,1,605.2,111,12,dijkstra,fallback_skeleton,0.83969,0,,,,,,0,,,,426373,251548,4915
121,21.33504009246826,2026-03-09T17:23:38.031043,69.03,0.0,7.0,14.03,20.0,0.0,0.0,126.04,7.41,-2.548,-2.548,STRAIGHT,1.5,1.5,"CMD,-2.5,1.50",1.91,-0.0559,1.813,-0.092,1,0.981,0,NORMAL,46.509,0.303,1,1,1,1,1,541.3,52,12,dijkstra,fallback_skeleton,0.84535,0,,,,,,0,,,,434033,253205,5058
122,21.48700785636902,2026-03-09T17:23:38.183010,72.0,0.0,9.0,15.0,20.0,0.0,0.0,132.96,7.28,-2.12,-2.548,STRAIGHT,1.5,1.5,"CMD,-2.5,1.50",1.89,-0.0306,1.789,-0.049,1,0.9755,0,NORMAL,47.657,0.281,1,1,1,1,1,539.6,59,11,dijkstra,fallback_skeleton,0.85502,0,,,,,,0,,,,444608,256164,5035
123,21.634007692337036,2026-03-09T17:23:38.330010,68.0,1.0,7.0,15.0,19.0,0.0,0.0,127.0,7.31,-1.294,-2.12,STRAIGHT,1.5,1.5,"CMD,-2.1,1.50",1.871,0.0087,1.765,0.013,1,0.9699,0,NORMAL,49.44,0.259,1,1,1,1,1,671.4,47,11,dijkstra,fallback_skeleton,0.86099,0,,,,,,0,,,,457193,257897,4857
