frame_id,timestamp,wall_clock,t_segmentation,t_detection,t_bev,t_skeleton,t_pathfinding,t_gps_fusion,t_command,t_total_pipeline,fps,heading_raw_deg,heading_smoothed_deg,command,speed_raw_mps,speed_smoothed_mps,serial_cmd,pp_lookahead_m,pp_kappa_cmd_m_inv,pp_target_x_m,pp_target_y_m,pp_valid_path,seg_iou,seg_unstable_frames,stability_mode,stab_corr_px,stab_corr_deg,has_candidate_path,has_model_path,has_control_path,has_path,num_paths,best_path_length_px,num_graph_nodes,num_graph_edges,planner_mode,num_detections,min_obstacle_dist_m,detection_classes,detection_distances,gps_lat,gps_lon,gps_fix_quality,gps_wp_name,gps_wp_dist_m,gps_correction_deg,sidewalk_mask_pixels,bev_mask_pixels,skeleton_pixels
0,0.3385732173919678,2026-03-06T00:58:06.397725,139.74,0.0,5.45,26.82,1.02,0.0,0.0,191.19,0.0,6.635,6.635,STRAIGHT,1.5,1.5,"CMD,6.6,1.50",3.129,0.5029,1.937,1.541,1,1.0,0,NORMAL,0.0,0.0,1,1,1,1,1,221.5,62,9,dijkstra,0,,,,,,0,,,,285973,206848,4517
1,0.5814440250396729,2026-03-06T00:58:06.640596,122.39,0.0,7.31,20.5,9.11,0.0,0.0,186.65,4.12,9.744,8.19,STRAIGHT,1.5,1.5,"CMD,8.2,1.50",3.491,0.3972,2.198,1.29,1,0.9494,0,NORMAL,2.595,-0.068,1,1,1,1,1,187.1,62,10,dijkstra,0,,,,,,0,,,,275006,198831,4134
2,0.7953588962554932,2026-03-06T00:58:06.854511,128.92,0.0,6.35,22.31,10.26,0.0,0.0,193.26,4.38,11.816,9.744,STRAIGHT,1.5,1.5,"CMD,9.7,1.50",3.491,0.3972,2.198,1.29,1,0.9539,0,NORMAL,6.142,-0.139,1,1,1,1,1,201.2,69,9,dijkstra,0,,,,,,0,,,,282699,195713,3677
3,1.0015718936920166,2026-03-06T00:58:07.060724,125.43,0.0,7.64,20.74,9.16,0.0,0.0,185.82,4.53,13.198,11.816,STRAIGHT,1.5,1.5,"CMD,11.8,1.50",3.491,0.3972,2.198,1.29,1,0.9759,0,NORMAL,8.447,-0.095,1,1,1,1,1,198.1,64,10,dijkstra,0,,,,,,0,,,,283233,192245,3637
4,1.2045097351074219,2026-03-06T00:58:07.263661,119.58,0.0,8.01,20.53,9.12,0.0,1.0,182.89,4.62,14.119,13.198,RIGHT,1.47,1.494,"CMD,13.2,1.49",3.491,0.3972,2.198,1.29,1,0.968,0,NORMAL,9.224,-0.087,1,1,1,1,1,196.3,67,10,dijkstra,0,,,,,,0,,,,276198,184819,3541
5,1.4019412994384766,2026-03-06T00:58:07.461093,116.83,0.0,6.5,19.18,9.12,0.0,0.0,176.89,4.7,14.815,14.119,RIGHT,1.447,1.486,"CMD,14.1,1.49",3.469,0.4037,2.182,1.305,1,0.9631,0,NORMAL,11.876,-0.009,1,1,1,1,1,191.4,60,10,dijkstra,0,,,,,,0,,,,279873,185820,3495
6,1.609222173690796,2026-03-06T00:58:07.668374,121.57,0.0,6.72,18.16,16.78,0.0,0.0,187.64,4.72,15.342,14.815,RIGHT,1.43,1.478,"CMD,14.8,1.48",3.453,0.4087,2.17,1.316,1,0.9653,0,NORMAL,15.547,0.029,1,1,1,1,1,188.9,46,12,dijkstra,0,,,,,,0,,,,281026,181563,3466
7,1.8055994510650635,2026-03-06T00:58:07.864751,117.17,0.0,7.48,19.21,9.21,0.0,0.0,176.11,4.77,15.741,15.342,RIGHT,1.416,1.47,"CMD,15.3,1.47",3.44,0.4124,2.161,1.325,1,0.9705,0,NORMAL,19.901,0.066,1,1,1,1,1,186.8,45,8,dijkstra,0,,,,,,0,,,,278841,177590,3434
8,1.999600887298584,2026-03-06T00:58:08.058752,115.72,0.0,6.32,20.43,9.44,0.0,0.0,175.51,4.82,16.043,15.741,RIGHT,1.406,1.459,"CMD,15.7,1.46",3.43,0.4153,2.154,1.331,1,0.9549,0,NORMAL,22.382,0.153,1,1,1,1,1,187.7,54,8,dijkstra,0,,,,,,0,,,,269374,173387,3469
9,2.2002556324005127,2026-03-06T00:58:08.259407,121.81,0.0,6.43,19.31,9.14,0.0,1.0,181.39,4.83,16.271,16.043,RIGHT,1.399,1.446,"CMD,16.0,1.45",3.423,0.4174,2.149,1.336,1,0.9574,0,NORMAL,22.308,0.191,1,1,1,1,1,194.1,43,11,dijkstra,0,,,,,,0,,,,275216,171869,3449
10,2.408229351043701,2026-03-06T00:58:08.467381,130.38,0.0,6.37,20.28,9.01,0.0,0.0,188.96,4.83,16.444,16.271,RIGHT,1.393,1.433,"CMD,16.3,1.43",3.418,0.4191,2.145,1.34,1,0.9126,0,NORMAL,24.093,0.198,1,1,1,1,1,196.2,56,6,dijkstra,0,,,,,,0,,,,254195,157741,3098
11,2.6109375953674316,2026-03-06T00:58:08.670089,124.43,0.0,6.49,18.46,9.18,0.0,1.01,183.04,4.84,16.575,16.444,RIGHT,1.389,1.419,"CMD,16.4,1.42",3.414,0.4203,2.142,1.343,1,0.9187,0,NORMAL,26.949,0.151,1,1,1,1,1,191.0,42,8,dijkstra,0,,,,,,0,,,,268445,166247,3398
12,2.8091840744018555,2026-03-06T00:58:08.868336,119.79,0.0,7.31,19.62,10.23,0.0,0.0,179.93,4.86,16.673,16.575,RIGHT,1.386,1.408,"CMD,16.6,1.41",3.411,0.4212,2.139,1.345,1,0.9053,0,NORMAL,27.608,-0.033,1,1,1,1,1,187.2,37,9,dijkstra,0,,,,,,0,,,,290871,168704,3310
13,3.010693073272705,2026-03-06T00:58:09.069845,118.44,0.0,6.15,22.03,10.27,0.0,1.0,181.68,4.87,16.748,16.673,RIGHT,1.383,1.4,"CMD,16.7,1.40",3.408,0.4219,2.138,1.347,1,0.9772,0,NORMAL,27.28,-0.129,1,1,1,1,1,188.5,56,8,dijkstra,0,,,,,,0,,,,290413,165855,3314
14,3.2073075771331787,2026-03-06T00:58:09.266459,117.8,0.0,7.37,20.76,8.6,0.0,1.0,177.26,4.88,16.805,16.748,RIGHT,1.381,1.394,"CMD,16.7,1.39",3.406,0.4224,2.136,1.348,1,0.9651,0,NORMAL,27.009,-0.247,1,1,1,1,1,190.2,43,9,dijkstra,0,,,,,,0,,,,292563,163251,3316
15,3.4192469120025635,2026-03-06T00:58:09.478399,130.2,0.0,7.01,20.02,9.56,0.0,0.0,192.18,4.87,16.848,16.805,RIGHT,1.38,1.39,"CMD,16.8,1.39",3.405,0.4229,2.135,1.349,1,0.9677,0,NORMAL,28.283,-0.337,1,1,1,1,1,191.5,51,10,dijkstra,0,,,,,,0,,,,291729,160724,3345
16,3.629516124725342,2026-03-06T00:58:09.688668,130.64,0.0,7.75,18.51,9.33,0.0,0.0,190.21,4.86,16.88,16.848,RIGHT,1.379,1.386,"CMD,16.8,1.39",3.404,0.4232,2.135,1.35,1,0.9523,0,NORMAL,29.803,-0.353,1,1,1,1,1,194.1,44,7,dijkstra,0,,,,,,0,,,,290091,157734,3270
17,3.8409669399261475,2026-03-06T00:58:09.900119,127.13,0.0,6.51,17.33,9.01,0.0,1.0,188.19,4.85,16.904,16.88,RIGHT,1.378,1.384,"CMD,16.9,1.38",3.403,0.4234,2.134,1.35,1,0.9497,0,NORMAL,30.69,-0.371,1,1,1,1,1,193.4,32,9,dijkstra,0,,,,,,0,,,,277277,155521,3253
18,4.043696641921997,2026-03-06T00:58:10.102848,122.74,0.0,6.64,17.34,9.14,0.0,0.0,181.06,4.86,16.923,16.904,RIGHT,1.377,1.382,"CMD,16.9,1.38",3.403,0.4236,2.134,1.35,1,0.9407,0,NORMAL,29.983,-0.402,1,1,1,1,1,194.8,22,6,dijkstra,0,,,,,,0,,,,278167,150894,3247
19,4.241459608078003,2026-03-06T00:58:10.300611,124.95,0.0,7.49,16.49,8.05,0.0,0.0,178.34,4.87,16.937,16.923,RIGHT,1.377,1.38,"CMD,16.9,1.38",3.402,0.4237,2.133,1.351,1,0.9262,0,NORMAL,30.981,-0.397,1,1,1,1,1,195.4,20,6,dijkstra,0,,,,,,0,,,,259192,144965,2968
20,4.437169075012207,2026-03-06T00:58:10.496321,119.76,0.0,6.09,18.4,10.24,0.0,0.0,175.44,4.88,16.947,16.937,RIGHT,1.377,1.379,"CMD,16.9,1.38",3.402,0.4238,2.133,1.351,1,0.9044,0,NORMAL,33.188,-0.369,1,1,1,1,1,190.1,41,9,dijkstra,0,,,,,,0,,,,281440,148925,3169
21,4.631146430969238,2026-03-06T00:58:10.690298,114.93,0.0,7.01,18.37,9.21,0.0,1.0,173.36,4.89,16.955,16.947,RIGHT,1.376,1.378,"CMD,16.9,1.38",3.402,0.4239,2.133,1.351,1,0.9677,0,NORMAL,34.278,-0.344,1,1,1,1,1,189.5,47,9,dijkstra,0,,,,,,0,,,,281241,146652,3134
22,4.835096836090088,2026-03-06T00:58:10.894249,124.4,0.0,7.03,19.43,10.25,0.0,1.01,185.22,4.89,16.961,16.955,RIGHT,1.376,1.378,"CMD,17.0,1.38",3.401,0.4239,2.133,1.351,1,0.9541,0,NORMAL,34.987,-0.407,1,1,1,1,1,194.8,41,9,dijkstra,0,,,,,,0,,,,271229,143967,3139
23,5.029410123825073,2026-03-06T00:58:11.088562,121.17,0.0,6.05,18.32,9.01,0.0,0.0,173.56,4.9,16.966,16.961,RIGHT,1.376,1.377,"CMD,17.0,1.38",3.401,0.424,2.133,1.351,1,0.9236,0,NORMAL,36.76,-0.43,1,1,1,1,1,197.2,34,8,dijkstra,0,,,,,,0,,,,254744,138334,3037
24,5.2274346351623535,2026-03-06T00:58:11.286587,121.81,0.0,5.57,19.41,9.23,0.0,0.0,179.0,4.91,16.969,16.966,RIGHT,1.376,1.377,"CMD,17.0,1.38",3.401,0.424,2.133,1.351,1,0.8078,0,NORMAL,40.886,-0.509,1,1,1,1,1,213.2,51,6,dijkstra,0,,,,,,0,,,,206638,129087,2963
25,5.416608810424805,2026-03-06T00:58:11.475760,118.37,0.0,6.01,15.23,9.12,0.0,0.0,172.8,4.92,16.972,16.969,RIGHT,1.376,1.376,"CMD,17.0,1.38",3.401,0.424,2.133,1.352,1,0.8468,0,NORMAL,44.675,-0.713,1,1,1,1,1,210.7,23,6,dijkstra,0,,,,,,0,,,,194308,123370,2489
26,5.603142738342285,2026-03-06T00:58:11.662294,113.36,0.0,7.52,16.72,9.11,0.0,0.0,169.18,4.94,16.974,16.972,RIGHT,1.376,1.376,"CMD,17.0,1.38",3.401,0.424,2.133,1.352,1,0.7595,0,NORMAL,45.365,-0.528,1,1,1,1,1,204.8,24,6,dijkstra,0,,,,,,0,,,,228521,134159,2929
27,5.798001766204834,2026-03-06T00:58:11.857153,121.53,0.0,6.62,17.18,9.01,0.0,0.0,177.25,4.95,16.976,16.974,RIGHT,1.376,1.376,"CMD,17.0,1.38",3.401,0.4241,2.133,1.352,1,0.8984,0,NORMAL,47.866,-0.298,1,1,1,1,1,205.6,32,7,dijkstra,0,,,,,,0,,,,239761,133734,3056
28,5.98900580406189,2026-03-06T00:58:12.048157,119.58,0.0,6.88,17.3,9.17,0.0,0.0,172.78,4.96,16.977,16.976,RIGHT,1.376,1.376,"CMD,17.0,1.38",3.401,0.4241,2.133,1.352,1,0.9139,0,NORMAL,51.406,-0.258,1,1,1,1,1,193.2,27,8,dijkstra,0,,,,,,0,,,,251352,136228,3088
29,6.195233106613159,2026-03-06T00:58:12.254385,135.93,0.0,6.39,17.63,1.02,0.0,0.0,185.44,4.95,16.978,16.977,RIGHT,1.376,1.376,"CMD,17.0,1.38",3.401,0.4241,2.133,1.352,1,0.9516,0,NORMAL,51.071,-0.206,1,1,1,1,1,107.2,37,9,dijkstra,0,,,,,,0,,,,246341,134511,3021
30,6.398029804229736,2026-03-06T00:58:12.457182,128.2,0.0,7.1,16.35,10.19,0.0,0.0,184.38,4.99,16.978,16.978,RIGHT,1.376,1.376,"CMD,17.0,1.38",3.401,0.4241,2.132,1.352,1,0.9247,0,NORMAL,50.971,-0.102,1,1,1,1,1,181.7,23,7,dijkstra,0,,,,,,0,,,,239198,132437,2572
31,6.591930150985718,2026-03-06T00:58:12.651082,132.71,0.0,6.23,15.01,1.06,0.0,0.0,175.47,5.0,16.979,16.978,RIGHT,1.376,1.376,"CMD,17.0,1.38",3.401,0.4241,2.132,1.352,1,0.9556,0,NORMAL,50.835,-0.057,1,1,1,1,1,130.1,17,8,dijkstra,0,,,,,,0,,,,235673,130510,2687
32,6.795063495635986,2026-03-06T00:58:12.854215,129.35,0.0,6.38,17.37,11.12,0.0,0.0,184.63,5.0,16.979,16.979,RIGHT,1.376,1.376,"CMD,17.0,1.38",3.401,0.4241,2.132,1.352,1,0.9367,0,NORMAL,50.621,-0.039,1,1,1,1,1,168.6,29,7,dijkstra,0,,,,,,0,,,,233917,130873,2928
33,6.990508317947388,2026-03-06T00:58:13.049660,123.34,0.0,6.27,17.65,10.22,0.0,0.0,176.14,5.01,16.979,16.979,RIGHT,1.376,1.376,"CMD,17.0,1.38",3.401,0.4241,2.132,1.352,1,0.9553,0,NORMAL,50.381,-0.054,1,1,1,1,1,194.9,37,8,dijkstra,0,,,,,,0,,,,236086,130407,2921
34,7.184119462966919,2026-03-06T00:58:13.243271,123.12,0.0,6.29,16.06,10.14,0.0,0.0,174.17,5.02,16.98,16.979,RIGHT,1.376,1.376,"CMD,17.0,1.38",3.401,0.4241,2.132,1.352,1,0.9259,0,NORMAL,50.144,-0.099,1,1,1,1,1,201.8,26,6,dijkstra,0,,,,,,0,,,,237271,129634,2566
35,7.3777174949646,2026-03-06T00:58:13.436869,125.63,0.0,7.01,15.49,9.45,0.0,0.0,178.25,5.03,16.98,16.98,RIGHT,1.376,1.376,"CMD,17.0,1.38",3.401,0.4241,2.132,1.352,1,0.9699,0,NORMAL,50.045,-0.109,1,1,1,1,1,200.7,25,7,dijkstra,0,,,,,,0,,,,239861,129141,2728
36,7.571259021759033,2026-03-06T00:58:13.630411,126.38,0.0,5.77,15.4,9.17,0.0,0.0,176.18,5.03,16.98,16.98,RIGHT,1.376,1.376,"CMD,17.0,1.38",3.401,0.4241,2.132,1.352,1,0.97,0,NORMAL,50.0,-0.152,1,1,1,1,1,200.2,25,8,dijkstra,0,,,,,,0,,,,239634,128350,2591
37,7.759536981582642,2026-03-06T00:58:13.818689,121.62,0.0,6.28,14.57,9.23,0.0,0.0,171.19,5.03,16.98,16.98,RIGHT,1.376,1.376,"CMD,17.0,1.38",3.401,0.4241,2.132,1.352,1,0.969,0,NORMAL,50.038,-0.135,1,1,1,1,1,200.1,20,7,dijkstra,0,,,,,,0,,,,242862,127986,2583
38,7.948026180267334,2026-03-06T00:58:14.007178,123.63,0.0,6.0,15.1,9.11,0.0,0.0,172.22,5.05,16.98,16.98,RIGHT,1.376,1.376,"CMD,17.0,1.38",3.401,0.4241,2.132,1.352,1,0.9675,0,NORMAL,50.135,-0.096,1,1,1,1,1,200.6,19,7,dijkstra,0,,,,,,0,,,,243691,127404,2598
39,8.14021348953247,2026-03-06T00:58:14.199365,126.45,0.0,5.33,14.11,10.32,0.0,0.0,175.58,5.06,16.98,16.98,RIGHT,1.376,1.376,"CMD,17.0,1.38",3.401,0.4241,2.132,1.352,1,0.9648,0,NORMAL,50.361,-0.127,1,1,1,1,1,200.7,21,9,dijkstra,0,,,,,,0,,,,247138,126785,2683
40,8.320293664932251,2026-03-06T00:58:14.379445,115.04,0.0,5.52,12.28,9.22,0.0,1.0,161.4,5.08,16.98,16.98,RIGHT,1.375,1.376,"CMD,17.0,1.38",3.401,0.4241,2.132,1.352,1,0.9577,0,NORMAL,50.723,-0.141,1,1,1,1,1,200.8,13,6,dijkstra,0,,,,,,0,,,,252211,126121,2605
41,8.50379490852356,2026-03-06T00:58:14.562947,120.04,0.0,6.38,13.48,9.16,0.0,0.0,167.1,5.09,16.98,16.98,RIGHT,1.375,1.376,"CMD,17.0,1.38",3.401,0.4241,2.132,1.352,1,0.9774,0,NORMAL,50.949,-0.107,1,1,1,1,1,200.7,15,7,dijkstra,0,,,,,,0,,,,253328,125675,2592
42,8.681761980056763,2026-03-06T00:58:14.740914,112.99,0.0,7.01,13.21,9.68,0.0,0.0,161.55,5.11,16.98,16.98,RIGHT,1.375,1.376,"CMD,17.0,1.38",3.401,0.4241,2.132,1.352,1,0.9445,0,NORMAL,51.553,-0.156,1,1,1,1,1,200.5,17,6,dijkstra,0,,,,,,0,,,,245451,124621,2638
43,8.868687629699707,2026-03-06T00:58:14.927839,120.81,0.0,6.52,13.13,9.01,0.0,0.0,170.47,5.12,16.98,16.98,RIGHT,1.375,1.376,"CMD,17.0,1.38",3.401,0.4241,2.132,1.352,1,0.9095,0,NORMAL,51.763,0.094,1,1,1,1,1,200.4,17,6,dijkstra,0,,,,,,0,,,,227357,125348,2628
44,9.031368732452393,2026-03-06T00:58:15.090520,107.82,0.0,6.21,12.09,1.0,0.0,0.0,146.54,5.17,17.314,16.98,RIGHT,1.375,1.375,"CMD,17.0,1.38",4.0,0.4508,2.036,1.338,1,0.9607,0,NORMAL,51.825,0.185,1,1,1,1,1,172.9,11,5,dijkstra,0,,,,,,0,,,,230031,125529,2625
45,9.200332880020142,2026-03-06T00:58:15.259484,113.13,0.0,5.15,13.12,1.0,0.0,0.0,152.18,5.21,15.148,16.98,RIGHT,1.375,1.375,"CMD,17.0,1.38",4.0,0.2654,2.339,0.814,1,0.8887,0,NORMAL,52.017,0.211,1,1,1,1,1,110.2,15,7,dijkstra,0,,,,,,0,,,,255125,125225,2651
46,9.380430698394775,2026-03-06T00:58:15.439582,117.18,0.0,5.29,13.12,10.12,0.0,0.0,164.3,5.24,13.704,15.148,RIGHT,1.421,1.381,"CMD,15.1,1.38",4.0,0.2654,2.339,0.814,1,0.9176,0,NORMAL,52.263,0.219,1,1,1,1,1,178.3,15,7,dijkstra,0,,,,,,0,,,,239174,125016,2646
47,9.569069623947144,2026-03-06T00:58:15.628221,118.64,0.0,6.33,16.13,10.02,0.0,0.0,169.47,5.25,12.741,13.704,RIGHT,1.457,1.391,"CMD,13.7,1.39",4.0,0.2654,2.339,0.814,1,0.9174,0,NORMAL,52.2,0.246,1,1,1,1,1,199.1,15,7,dijkstra,0,,,,,,0,,,,256265,124564,2675
48,9.750773668289185,2026-03-06T00:58:15.809925,114.48,0.0,6.35,13.84,9.23,0.0,0.0,162.8,5.26,12.1,12.741,RIGHT,1.481,1.405,"CMD,12.7,1.40",4.0,0.2654,2.339,0.814,1,0.9577,0,NORMAL,52.353,0.217,1,1,1,1,1,199.0,19,8,dijkstra,0,,,,,,0,,,,251393,124232,2687
49,9.928262710571289,2026-03-06T00:58:15.987414,113.73,0.0,6.23,12.55,9.15,0.0,0.0,160.02,5.28,11.672,12.1,RIGHT,1.498,1.42,"CMD,12.1,1.42",4.0,0.2654,2.339,0.814,1,0.9477,0,NORMAL,52.286,0.278,1,1,1,1,1,199.5,11,5,dijkstra,0,,,,,,0,,,,261294,124101,2674
50,10.111141920089722,2026-03-06T00:58:16.170294,117.18,0.0,5.27,14.34,9.12,0.0,0.0,165.97,5.29,11.387,11.672,STRAIGHT,1.5,1.436,"CMD,11.7,1.44",4.0,0.2654,2.339,0.814,1,0.961,0,NORMAL,53.423,0.215,1,1,1,1,1,198.8,23,8,dijkstra,0,,,,,,0,,,,256793,123219,2684
51,10.281741619110107,2026-03-06T00:58:16.340893,113.89,0.0,6.19,14.36,1.01,0.0,0.0,153.89,5.32,11.197,11.387,STRAIGHT,1.5,1.451,"CMD,11.4,1.45",4.0,0.2654,2.339,0.814,1,0.9761,0,NORMAL,53.6,0.207,1,1,1,1,1,111.3,15,7,dijkstra,0,,,,,,0,,,,257559,122888,2706
52,10.459780931472778,2026-03-06T00:58:16.518932,114.68,0.0,5.49,13.4,9.2,0.0,0.0,161.86,5.34,11.07,11.197,STRAIGHT,1.5,1.467,"CMD,11.2,1.47",4.0,0.2654,2.339,0.814,1,0.9628,0,NORMAL,53.761,0.238,1,1,1,1,1,171.3,19,8,dijkstra,0,,,,,,0,,,,260851,122420,2667
53,10.643803596496582,2026-03-06T00:58:16.702955,119.54,0.0,6.39,13.36,9.15,0.0,0.0,167.02,5.35,10.985,11.07,STRAIGHT,1.5,1.482,"CMD,11.1,1.48",4.0,0.2654,2.339,0.814,1,0.9745,0,NORMAL,54.071,0.234,1,1,1,1,1,197.2,17,7,dijkstra,0,,,,,,0,,,,261393,122158,2655
54,10.820701122283936,2026-03-06T00:58:16.879853,113.1,0.0,5.26,14.01,9.19,0.0,0.0,160.11,5.37,10.929,10.985,STRAIGHT,1.5,1.492,"CMD,11.0,1.49",4.0,0.2654,2.339,0.814,1,0.9839,0,NORMAL,54.128,0.248,1,1,1,1,1,197.1,23,9,dijkstra,0,,,,,,0,,,,261506,122228,2653
55,11.00238585472107,2026-03-06T00:58:17.061538,117.58,0.0,5.2,14.45,9.19,0.0,0.0,165.51,5.37,10.891,10.929,STRAIGHT,1.5,1.497,"CMD,10.9,1.50",4.0,0.2654,2.339,0.814,1,0.9791,0,NORMAL,54.229,0.282,1,1,1,1,1,196.8,19,9,dijkstra,0,,,,,,0,,,,263279,122215,2704
56,11.16944169998169,2026-03-06T00:58:17.228594,110.68,0.0,6.19,14.29,0.0,0.0,1.0,150.74,5.4,8.368,10.891,STRAIGHT,1.5,1.5,"CMD,10.9,1.50",4.0,0.0806,2.701,0.297,1,0.9691,0,NORMAL,54.511,0.254,1,1,1,1,1,106.2,17,7,dijkstra,0,,,,,,0,,,,261233,122516,2986
57,11.351469278335571,2026-03-06T00:58:17.410621,113.62,0.0,6.12,15.12,11.01,0.0,0.0,165.48,5.41,6.686,8.368,STRAIGHT,1.5,1.5,"CMD,8.4,1.50",4.0,0.0806,2.701,0.297,1,0.9573,0,NORMAL,55.749,0.24,1,1,1,1,1,175.6,21,10,dijkstra,0,,,,,,0,,,,264229,123017,3025
58,11.53892207145691,2026-03-06T00:58:17.598074,115.69,0.0,6.08,15.27,12.15,0.0,0.0,166.97,5.43,5.564,6.686,STRAIGHT,1.5,1.5,"CMD,6.7,1.50",4.0,0.0806,2.701,0.297,1,0.9775,0,NORMAL,55.951,0.23,1,1,1,1,1,195.4,21,9,dijkstra,0,,,,,,0,,,,264170,123699,2959
59,11.715065002441406,2026-03-06T00:58:17.774217,111.64,0.0,5.33,14.25,9.12,0.0,0.0,158.81,5.46,4.816,5.564,STRAIGHT,1.5,1.5,"CMD,5.6,1.50",4.0,0.0806,2.701,0.297,1,0.9754,0,NORMAL,55.703,0.236,1,1,1,1,1,195.5,17,7,dijkstra,0,,,,,,0,,,,264804,124606,2922
60,11.891369104385376,2026-03-06T00:58:17.950521,110.68,0.0,6.4,13.41,9.22,0.0,1.0,159.55,5.47,4.318,4.816,STRAIGHT,1.5,1.5,"CMD,4.8,1.50",4.0,0.0806,2.701,0.297,1,0.9777,0,NORMAL,54.838,0.218,1,1,1,1,1,195.6,23,9,dijkstra,0,,,,,,0,,,,263145,124623,3087
61,12.073280811309814,2026-03-06T00:58:18.132432,118.43,0.0,6.22,14.33,9.09,0.0,0.0,165.14,5.49,3.986,4.318,STRAIGHT,1.5,1.5,"CMD,4.3,1.50",4.0,0.0806,2.701,0.297,1,0.9809,0,NORMAL,54.205,0.203,1,1,1,1,1,195.7,19,9,dijkstra,0,,,,,,0,,,,262401,125236,3139
62,12.256779432296753,2026-03-06T00:58:18.315931,115.15,0.0,7.12,14.99,10.14,0.0,0.0,165.65,5.51,3.764,3.986,STRAIGHT,1.5,1.5,"CMD,4.0,1.50",4.0,0.0806,2.701,0.297,1,0.9763,0,NORMAL,53.225,0.192,1,1,1,1,1,195.4,25,11,dijkstra,0,,,,,,0,,,,260934,125291,3180
63,12.43187689781189,2026-03-06T00:58:18.491028,117.47,0.0,6.6,14.01,0.0,0.0,1.0,158.73,5.53,3.622,3.764,STRAIGHT,1.5,1.5,"CMD,3.8,1.50",4.0,0.081,2.654,0.289,1,0.973,0,NORMAL,53.334,0.166,1,1,1,1,1,111.8,19,9,dijkstra,0,,,,,,0,,,,257879,124443,3176
64,12.61985993385315,2026-03-06T00:58:18.679012,119.46,0.0,6.61,14.39,9.21,0.0,0.0,168.96,5.53,3.527,3.622,STRAIGHT,1.5,1.5,"CMD,3.6,1.50",4.0,0.081,2.654,0.289,1,0.9717,0,NORMAL,52.688,0.138,1,1,1,1,1,54.8,21,9,dijkstra,0,,,,,,0,,,,260573,126092,3192
65,12.798842430114746,2026-03-06T00:58:18.857994,113.97,0.0,5.0,14.17,9.17,0.0,0.0,162.64,5.55,3.464,3.527,STRAIGHT,1.5,1.5,"CMD,3.5,1.50",4.0,0.081,2.654,0.289,1,0.9667,0,NORMAL,52.614,0.109,1,1,1,1,1,198.3,21,9,dijkstra,0,,,,,,0,,,,264335,127093,3326
66,12.978372573852539,2026-03-06T00:58:19.037524,113.28,0.0,5.54,14.52,9.27,0.0,0.0,161.9,5.56,3.422,3.464,STRAIGHT,1.5,1.5,"CMD,3.5,1.50",4.0,0.081,2.654,0.289,1,0.9606,0,NORMAL,53.96,0.045,1,1,1,1,1,195.9,23,10,dijkstra,0,,,,,,0,,,,266213,128705,3545
67,13.164978981018066,2026-03-06T00:58:19.224131,119.17,0.0,7.07,14.6,10.21,0.0,0.0,169.34,5.56,3.394,3.422,STRAIGHT,1.5,1.5,"CMD,3.4,1.50",4.0,0.081,2.654,0.289,1,0.9602,0,NORMAL,55.299,0.012,1,1,1,1,1,196.3,21,10,dijkstra,0,,,,,,0,,,,264191,129146,3603
68,13.345076560974121,2026-03-06T00:58:19.404228,112.73,0.0,5.84,16.38,9.1,0.0,0.0,162.47,5.57,3.375,3.394,STRAIGHT,1.5,1.5,"CMD,3.4,1.50",4.0,0.081,2.654,0.289,1,0.9652,0,NORMAL,54.364,-0.011,1,1,1,1,1,196.1,19,8,dijkstra,0,,,,,,0,,,,267739,132448,3941
69,13.52176833152771,2026-03-06T00:58:19.580920,108.78,0.0,5.43,15.13,9.17,0.0,0.0,157.53,5.58,3.363,3.375,STRAIGHT,1.5,1.5,"CMD,3.4,1.50",4.0,0.081,2.654,0.289,1,0.9736,0,NORMAL,53.449,-0.034,1,1,1,1,1,195.5,23,11,dijkstra,0,,,,,,0,,,,270435,131274,3732
70,13.707457304000854,2026-03-06T00:58:19.766609,118.61,0.0,6.54,15.23,9.18,0.0,0.0,168.17,5.57,3.354,3.363,STRAIGHT,1.5,1.5,"CMD,3.4,1.50",4.0,0.081,2.654,0.289,1,0.9453,0,NORMAL,52.244,-0.041,1,1,1,1,1,195.6,21,9,dijkstra,0,,,,,,0,,,,282081,130088,3671
71,13.887784481048584,2026-03-06T00:58:19.946936,113.85,0.0,6.62,15.01,9.15,0.0,0.0,162.89,5.57,3.349,3.354,STRAIGHT,1.5,1.5,"CMD,3.4,1.50",4.0,0.081,2.654,0.289,1,0.9671,0,NORMAL,51.169,-0.066,1,1,1,1,1,195.6,19,8,dijkstra,0,,,,,,0,,,,286924,133147,3929
72,14.07177448272705,2026-03-06T00:58:20.130926,115.63,0.0,6.89,15.27,9.11,0.0,0.0,166.44,5.57,3.345,3.349,STRAIGHT,1.5,1.5,"CMD,3.3,1.50",4.0,0.081,2.654,0.289,1,0.9679,0,NORMAL,50.087,-0.095,1,1,1,1,1,195.7,19,8,dijkstra,0,,,,,,0,,,,284753,133580,3933
73,14.254990100860596,2026-03-06T00:58:20.314142,117.4,0.0,6.15,15.48,9.2,0.0,0.0,165.56,5.55,3.343,3.345,STRAIGHT,1.5,1.5,"CMD,3.3,1.50",4.0,0.081,2.654,0.289,1,0.9689,0,NORMAL,49.005,-0.12,1,1,1,1,1,196.1,19,9,dijkstra,0,,,,,,0,,,,284602,135328,3954
74,14.440673351287842,2026-03-06T00:58:20.499825,119.07,0.0,6.01,15.01,9.54,0.0,0.0,168.23,5.53,3.341,3.343,STRAIGHT,1.5,1.5,"CMD,3.3,1.50",4.0,0.081,2.654,0.289,1,0.9723,0,NORMAL,48.356,-0.15,1,1,1,1,1,196.1,15,7,dijkstra,0,,,,,,0,,,,287913,135251,3854
75,14.624401569366455,2026-03-06T00:58:20.683553,116.75,0.0,5.39,15.38,9.13,0.0,0.0,166.44,5.53,3.34,3.341,STRAIGHT,1.5,1.5,"CMD,3.3,1.50",4.0,0.081,2.654,0.289,1,0.9728,0,NORMAL,48.314,-0.155,1,1,1,1,1,196.2,19,9,dijkstra,0,,,,,,0,,,,290152,139693,3962
76,14.810388088226318,2026-03-06T00:58:20.869540,117.89,0.0,6.73,15.16,10.27,0.0,0.0,167.88,5.53,3.339,3.34,STRAIGHT,1.5,1.5,"CMD,3.3,1.50",4.0,0.081,2.654,0.289,1,0.9522,0,NORMAL,47.832,-0.145,1,1,1,1,1,196.4,19,9,dijkstra,0,,,,,,0,,,,285044,128800,3461
77,14.98302960395813,2026-03-06T00:58:21.042181,114.16,0.0,6.57,14.92,1.08,0.0,0.0,155.25,5.54,5.24,3.34,STRAIGHT,1.5,1.5,"CMD,3.3,1.50",4.0,0.221,2.349,0.657,1,0.9561,0,NORMAL,47.074,-0.062,1,1,1,1,1,107.1,17,8,dijkstra,0,,,,,,0,,,,288472,137495,3921
78,15.17444634437561,2026-03-06T00:58:21.233598,119.85,0.0,7.16,15.54,10.1,0.0,0.0,173.11,5.53,6.506,5.24,STRAIGHT,1.5,1.5,"CMD,5.2,1.50",4.0,0.221,2.349,0.657,1,0.965,0,NORMAL,50.439,-0.084,1,1,1,1,1,174.7,23,10,dijkstra,0,,,,,,0,,,,290157,140740,3978
79,15.360671758651733,2026-03-06T00:58:21.419823,117.64,0.0,5.23,17.19,9.29,0.0,0.0,167.96,5.53,7.351,6.506,STRAIGHT,1.5,1.5,"CMD,6.5,1.50",4.0,0.221,2.349,0.657,1,0.9749,0,NORMAL,49.855,-0.065,1,1,1,1,1,197.2,25,8,dijkstra,0,,,,,,0,,,,290526,139361,3991
80,15.549405336380005,2026-03-06T00:58:21.608557,120.65,0.0,6.11,15.74,9.11,0.0,1.0,171.06,5.51,7.914,7.351,STRAIGHT,1.5,1.5,"CMD,7.4,1.50",4.0,0.221,2.349,0.657,1,0.9737,0,NORMAL,49.438,-0.045,1,1,1,1,1,197.1,17,7,dijkstra,0,,,,,,0,,,,292460,142471,3982
81,15.730397939682007,2026-03-06T00:58:21.789550,114.74,0.0,6.12,16.47,9.1,0.0,0.0,163.66,5.5,8.29,7.914,STRAIGHT,1.5,1.5,"CMD,7.9,1.50",4.0,0.221,2.349,0.657,1,0.9727,0,NORMAL,48.202,-0.008,1,1,1,1,1,197.6,19,8,dijkstra,0,,,,,,0,,,,296635,145531,4022
