frame_id,timestamp,wall_clock,t_segmentation,t_detection,t_bev,t_skeleton,t_pathfinding,t_gps_fusion,t_command,t_total_pipeline,fps,heading_raw_deg,heading_smoothed_deg,command,speed_raw_mps,speed_smoothed_mps,serial_cmd,pp_lookahead_m,pp_kappa_cmd_m_inv,pp_target_x_m,pp_target_y_m,pp_valid_path,seg_iou,seg_unstable_frames,stability_mode,stab_corr_px,stab_corr_deg,has_candidate_path,has_model_path,has_control_path,has_path,num_paths,best_path_length_px,num_graph_nodes,num_graph_edges,planner_mode,path_source,bev_mask_occ_ratio,approval_confidence,approval_margin,planner_low_confidence,planner_slowdown,selected_template_id,selected_template_family,corridor_confidence,corridor_valid_ratio,corridor_forward_span_m,corridor_width_cv,num_detections,min_obstacle_dist_m,detection_classes,detection_distances,gps_lat,gps_lon,gps_fix_quality,gps_wp_name,gps_wp_dist_m,gps_correction_deg,sidewalk_mask_pixels,bev_mask_pixels,skeleton_pixels
0,0.31599855422973633,2026-03-13T03:10:09.498817,133.88,2.0,8.01,23.63,27.57,0.0,0.0,224.19,0.0,0.096,0.096,STRAIGHT,0.978,0.978,"CMD,0.1,0.98",4.0,0.007,2.511,0.022,1,1.0,0,NORMAL,0.0,0.0,1,1,1,1,2,125.6,123,12,dijkstra,graph,0.62973,0.5909,-0.0001,1,0.4091,straight_center,straight,0.9472,0.9818,9.6804,0.2289,0,,,,,,0,,,,285973,188320,4543
1,0.46326518058776855,2026-03-13T03:10:09.646083,5.21,0.0,4.88,31.81,28.45,0.0,0.0,96.95,6.79,0.602,0.349,STRAIGHT,1.005,0.992,"CMD,0.3,0.99",3.674,0.0391,3.655,0.263,1,1.0,0,NORMAL,2.595,-0.068,1,1,1,1,1,219.3,186,14,dijkstra,fallback_centerline,0.62909,0.6118,0.0204,1,0.3882,straight_center,straight,0.9446,1.0,9.863,0.24,0,,,,,,0,,,,305345,188171,4543
2,0.5813934803009033,2026-03-13T03:10:09.764211,2.0,0.0,4.01,32.69,27.78,0.0,0.0,90.09,7.54,1.169,0.602,STRAIGHT,0.993,0.992,"CMD,0.6,0.99",3.075,0.0559,3.05,0.262,1,1.0,0,NORMAL,6.142,-0.139,1,1,1,1,1,220.7,191,11,dijkstra,fallback_centerline,0.60052,0.6022,-0.0205,1,0.3978,straight_center,straight,0.9491,1.0,9.863,0.2205,0,,,,,,0,,,,305345,180179,4543
3,0.6860508918762207,2026-03-13T03:10:09.868869,3.96,0.0,4.01,28.06,20.3,0.0,0.0,78.62,8.11,1.345,1.169,STRAIGHT,0.973,0.987,"CMD,1.2,0.99",3.45,0.0411,3.429,0.243,1,1.0,0,NORMAL,8.447,-0.095,1,1,1,1,1,222.9,164,20,dijkstra,fallback_centerline,0.56128,0.5869,0.0102,1,0.4131,straight_center,straight,0.9338,1.0,9.863,0.2869,0,,,,,,0,,,,305345,168501,4543
4,0.920952320098877,2026-03-13T03:10:10.103770,120.01,0.0,10.5,19.91,30.2,0.0,0.0,213.96,6.61,0.993,1.169,STRAIGHT,0.985,0.987,"CMD,1.2,0.99",4.0,0.007,2.511,0.022,1,0.9265,0,NORMAL,9.224,-0.087,1,1,1,1,2,125.6,111,11,dijkstra,graph,0.61254,0.596,-0.0201,1,0.404,straight_center,straight,0.9498,0.9818,9.6804,0.2175,0,,,,,,0,,,,276198,183373,4280
5,0.9750330448150635,2026-03-13T03:10:10.157851,3.75,0.0,3.11,0.0,0.0,0.0,0.0,33.45,7.59,0.662,0.993,STRAIGHT,1.446,1.063,"CMD,1.0,1.06",4.0,0.0,4.0,0.0,1,0.9265,0,NORMAL,11.876,-0.009,1,1,1,1,5,225.0,0,0,dijkstra,template,0.6118,0.9446,0.0313,0,0.0554,straight_center,straight,0.9471,1.0,9.863,0.2292,0,,,,,,0,,,,283311,183136,4280
6,1.0434033870697021,2026-03-13T03:10:10.226221,0.0,0.0,3.58,0.0,10.32,0.0,0.0,40.81,8.25,0.441,0.662,STRAIGHT,1.452,1.119,"CMD,0.7,1.12",4.0,0.0,4.0,0.0,1,0.9265,0,NORMAL,15.547,0.029,1,1,1,1,5,225.0,0,0,dijkstra,template,0.60157,0.9511,0.0454,0,0.0489,straight_center,straight,0.9477,0.9818,9.6804,0.2265,0,,,,,,0,,,,283311,180704,4280
7,1.0941851139068604,2026-03-13T03:10:10.277003,0.0,0.0,0.0,0.0,10.18,0.0,0.0,30.67,9.0,0.294,0.441,STRAIGHT,1.452,1.161,"CMD,0.4,1.16",4.0,0.0,4.0,0.0,1,0.9265,0,NORMAL,19.901,0.066,1,1,1,1,5,225.0,0,0,dijkstra,template,0.58969,0.9512,0.0493,0,0.0488,straight_center,straight,0.948,0.9636,9.4977,0.2254,0,,,,,,0,,,,283311,177123,4280
8,1.2773587703704834,2026-03-13T03:10:10.460177,122.51,0.0,10.18,0.0,0.0,0.0,0.0,163.01,8.32,0.196,0.294,STRAIGHT,1.45,1.22,"CMD,0.3,1.22",4.0,0.0,4.0,0.0,1,0.9152,0,NORMAL,22.382,0.153,1,1,1,1,5,225.0,0,0,dijkstra,template,0.60928,0.9492,0.0408,0,0.0508,straight_center,straight,0.9527,0.9818,9.6804,0.2049,0,,,,,,0,,,,269374,182274,0
9,1.3283815383911133,2026-03-13T03:10:10.511200,0.0,0.0,0.0,0.0,10.13,0.0,0.0,30.5,8.89,0.131,0.196,STRAIGHT,1.452,1.275,"CMD,0.2,1.28",4.0,0.0,4.0,0.0,1,0.9152,0,NORMAL,22.308,0.191,1,1,1,1,5,225.0,0,0,dijkstra,template,0.60886,0.9504,0.0429,0,0.0496,straight_center,straight,0.9528,0.9818,9.6804,0.2046,0,,,,,,0,,,,279525,182173,0
10,1.3794331550598145,2026-03-13T03:10:10.562251,0.0,0.0,7.03,0.0,0.0,0.0,0.0,30.94,9.4,0.087,0.131,STRAIGHT,1.451,1.333,"CMD,0.1,1.33",4.0,0.0,4.0,0.0,1,0.9152,0,NORMAL,24.093,0.198,1,1,1,1,5,225.0,0,0,dijkstra,template,0.59723,0.9497,0.044,0,0.0503,straight_center,straight,0.9519,0.9636,9.4977,0.2084,0,,,,,,0,,,,279525,179742,0
11,1.4302868843078613,2026-03-13T03:10:10.613105,2.0,0.0,3.3,0.0,0.0,0.0,0.0,30.29,9.87,0.058,0.087,STRAIGHT,1.451,1.392,"CMD,0.1,1.39",4.0,0.0,4.0,0.0,1,0.9152,0,NORMAL,26.949,0.151,1,1,1,1,5,225.0,0,0,dijkstra,template,0.58789,0.9496,0.0449,0,0.0504,straight_center,straight,0.9522,0.9636,9.4977,0.2073,0,,,,,,0,,,,279525,176569,0
12,1.6236333847045898,2026-03-13T03:10:10.806451,117.27,0.0,18.29,0.0,0.0,0.0,0.0,162.91,9.18,0.039,0.058,STRAIGHT,1.445,1.45,"CMD,0.1,1.45",4.0,0.0,4.0,0.0,1,0.87,0,NORMAL,27.608,-0.033,1,1,1,1,5,225.0,0,0,dijkstra,template,0.66244,0.9435,0.0473,0,0.0565,straight_center,straight,0.9438,0.8545,8.4018,0.2436,0,,,,,,0,,,,290871,198202,0
13,1.6749212741851807,2026-03-13T03:10:10.857739,2.0,0.0,2.0,0.0,4.07,0.0,0.0,31.01,9.57,0.026,0.039,STRAIGHT,1.445,1.45,"CMD,0.0,1.45",4.0,0.0,4.0,0.0,1,0.87,0,NORMAL,27.28,-0.129,1,1,1,1,5,225.0,0,0,dijkstra,template,0.66149,0.9436,0.0473,0,0.0564,straight_center,straight,0.9438,0.8545,8.4018,0.2433,0,,,,,,0,,,,303700,198082,0
14,1.7268271446228027,2026-03-13T03:10:10.909645,2.34,0.0,0.0,0.0,9.4,0.0,0.0,31.56,9.92,0.017,0.026,STRAIGHT,1.445,1.449,"CMD,0.0,1.45",4.0,0.0,4.0,0.0,1,0.87,0,NORMAL,27.009,-0.247,1,1,1,1,5,225.0,0,0,dijkstra,template,0.64709,0.9434,0.0488,0,0.0566,straight_center,straight,0.943,0.8364,8.2192,0.2469,0,,,,,,0,,,,303700,195579,0
15,1.7800076007843018,2026-03-13T03:10:10.962826,0.0,0.0,4.33,0.0,2.0,0.0,0.0,34.86,10.25,0.011,0.017,STRAIGHT,1.445,1.448,"CMD,0.0,1.45",4.0,0.0,4.0,0.0,1,0.87,0,NORMAL,28.283,-0.337,1,1,1,1,5,225.0,0,0,dijkstra,template,0.63736,0.9439,0.0498,0,0.0561,straight_center,straight,0.943,0.8182,8.0365,0.2469,0,,,,,,0,,,,303700,192463,0
16,1.9590330123901367,2026-03-13T03:10:11.141851,132.12,0.0,10.14,0.0,0.0,0.0,0.0,162.4,9.74,0.008,0.011,STRAIGHT,1.449,1.448,"CMD,0.0,1.45",4.0,0.0,4.0,0.0,1,0.8856,0,NORMAL,29.803,-0.353,1,1,1,1,5,225.0,0,0,dijkstra,template,0.68017,0.9474,0.0501,0,0.0526,straight_center,straight,0.9459,0.7636,7.4886,0.2344,0,,,,,,0,,,,290091,203422,0
17,2.0199484825134277,2026-03-13T03:10:11.202766,2.0,0.0,0.0,0.0,10.08,0.0,0.0,29.99,9.98,0.005,0.008,STRAIGHT,1.45,1.448,"CMD,0.0,1.45",4.0,0.0,4.0,0.0,1,0.8856,0,NORMAL,30.69,-0.371,1,1,1,1,5,225.0,0,0,dijkstra,template,0.67893,0.949,0.0514,0,0.051,straight_center,straight,0.9461,0.7636,7.4886,0.2337,0,,,,,,0,,,,313533,203278,0
18,2.071383476257324,2026-03-13T03:10:11.254201,3.68,0.0,0.0,0.0,6.76,0.0,0.0,31.14,10.25,0.003,0.005,STRAIGHT,1.45,1.448,"CMD,0.0,1.45",4.0,0.0,4.0,0.0,1,0.8856,0,NORMAL,29.983,-0.402,1,1,1,1,5,225.0,0,0,dijkstra,template,0.66928,0.9492,0.0524,0,0.0508,straight_center,straight,0.9456,0.7455,7.3059,0.2358,0,,,,,,0,,,,313533,201504,0
19,2.1225128173828125,2026-03-13T03:10:11.305331,2.0,0.0,5.01,0.0,0.0,0.0,0.0,30.47,10.52,0.002,0.003,STRAIGHT,1.451,1.448,"CMD,0.0,1.45",4.0,0.0,4.0,0.0,1,0.8856,0,NORMAL,30.981,-0.397,1,1,1,1,5,225.0,0,0,dijkstra,template,0.6599,0.9495,0.0528,0,0.0505,straight_center,straight,0.9452,0.7273,7.1233,0.2377,0,,,,,,0,,,,313533,198535,0
20,2.305600881576538,2026-03-13T03:10:11.488419,121.9,0.0,10.3,0.0,10.27,0.0,0.0,162.81,10.05,0.002,0.002,STRAIGHT,1.452,1.448,"CMD,0.0,1.45",4.0,0.0,4.0,0.0,1,0.9091,0,NORMAL,33.188,-0.369,1,1,1,1,5,225.0,0,0,dijkstra,template,0.68514,0.9504,0.0558,0,0.0496,straight_center,straight,0.9456,0.7273,7.1233,0.2359,0,,,,,,0,,,,281440,204838,0
21,2.366896867752075,2026-03-13T03:10:11.549715,0.0,0.0,0.0,0.0,10.33,0.0,0.0,30.91,10.24,0.001,0.002,STRAIGHT,1.453,1.449,"CMD,0.0,1.45",4.0,0.0,4.0,0.0,1,0.9091,0,NORMAL,34.278,-0.344,1,1,1,1,5,225.0,0,0,dijkstra,template,0.68407,0.952,0.0554,0,0.048,straight_center,straight,0.9461,0.7273,7.1233,0.2336,0,,,,,,0,,,,301487,204733,0
22,2.427999496459961,2026-03-13T03:10:11.610817,2.0,0.0,0.0,0.0,8.38,0.0,0.0,28.55,10.42,0.001,0.001,STRAIGHT,1.453,1.45,"CMD,0.0,1.45",4.0,0.0,4.0,0.0,1,0.9091,0,NORMAL,34.987,-0.407,1,1,1,1,5,225.0,0,0,dijkstra,template,0.67533,0.9518,0.0545,0,0.0482,straight_center,straight,0.9453,0.7455,9.6804,0.2372,0,,,,,,0,,,,301487,203670,0
23,2.4797401428222656,2026-03-13T03:10:11.662558,0.0,0.0,0.0,0.0,0.0,0.0,0.0,31.06,10.63,0.0,0.001,STRAIGHT,1.453,1.451,"CMD,0.0,1.45",4.0,0.0,4.0,0.0,1,0.9091,0,NORMAL,36.76,-0.43,1,1,1,1,5,225.0,0,0,dijkstra,template,0.6644,0.9521,0.0537,0,0.0479,straight_center,straight,0.945,0.7091,6.9406,0.2383,0,,,,,,0,,,,301487,200265,0
24,2.672863483428955,2026-03-13T03:10:11.855681,134.79,0.0,10.06,0.0,2.98,0.0,0.0,172.6,10.18,0.0,0.0,STRAIGHT,1.451,1.452,"CMD,0.0,1.45",4.0,0.0,4.0,0.0,1,0.7198,0,NORMAL,40.886,-0.509,1,1,1,1,5,225.0,0,0,dijkstra,template,0.60196,0.9502,0.0539,0,0.0498,straight_center,straight,0.9418,0.8,9.6804,0.2524,0,,,,,,0,,,,206638,180651,0
25,2.7228426933288574,2026-03-13T03:10:11.905661,0.0,0.0,0.0,0.0,0.0,0.0,0.0,31.03,10.39,0.0,0.0,STRAIGHT,1.454,1.452,"CMD,0.0,1.45",4.0,0.0,4.0,0.0,1,0.7198,0,NORMAL,44.675,-0.713,1,1,1,1,5,225.0,0,0,dijkstra,template,0.60178,0.9526,0.0529,0,0.0474,straight_center,straight,0.9455,0.8,9.6804,0.236,0,,,,,,0,,,,209170,180546,0
26,2.7741072177886963,2026-03-13T03:10:11.956925,0.0,0.0,0.0,0.0,10.18,0.0,0.0,30.81,10.58,0.0,0.0,STRAIGHT,1.454,1.453,"CMD,0.0,1.45",4.0,0.0,4.0,0.0,1,0.7198,0,NORMAL,45.365,-0.528,1,1,1,1,5,225.0,0,0,dijkstra,template,0.5989,0.9528,0.0523,0,0.0472,straight_center,straight,0.9426,0.8182,9.6804,0.2486,0,,,,,,0,,,,209170,180087,0
27,2.824739933013916,2026-03-13T03:10:12.007558,0.0,0.0,5.82,0.0,0.0,0.0,0.0,30.35,10.76,0.0,0.0,STRAIGHT,1.457,1.453,"CMD,0.0,1.45",4.0,0.0,4.0,0.0,1,0.7198,0,NORMAL,47.866,-0.298,1,1,1,1,5,225.0,0,0,dijkstra,template,0.59593,0.9562,0.0518,0,0.0438,straight_center,straight,0.9477,0.7818,9.4977,0.2267,0,,,,,,0,,,,209170,179150,0
28,3.009277582168579,2026-03-13T03:10:12.192096,123.43,0.0,10.4,0.0,0.0,0.0,0.0,164.15,10.4,0.0,0.0,STRAIGHT,1.456,1.454,"CMD,0.0,1.45",4.0,0.0,4.0,0.0,1,0.7647,0,NORMAL,51.406,-0.258,1,1,1,1,5,225.0,0,0,dijkstra,template,0.64331,0.9544,0.0503,0,0.0456,straight_center,straight,0.9455,0.7455,9.6804,0.2362,0,,,,,,0,,,,251352,192825,0
29,3.060312271118164,2026-03-13T03:10:12.243130,2.95,0.0,0.0,0.0,10.02,0.0,0.0,30.37,10.57,0.0,0.0,STRAIGHT,1.456,1.454,"CMD,0.0,1.45",4.0,0.0,4.0,0.0,1,0.7647,0,NORMAL,51.071,-0.206,1,1,1,1,5,225.0,0,0,dijkstra,template,0.64473,0.9552,0.0493,0,0.0448,straight_center,straight,0.9458,0.7455,9.6804,0.2347,0,,,,,,0,,,,265706,192720,0
30,3.112847328186035,2026-03-13T03:10:12.295665,0.0,0.0,0.0,0.0,10.06,0.0,0.0,30.15,10.95,0.0,0.0,STRAIGHT,1.451,1.454,"CMD,0.0,1.45",4.0,0.0,4.0,0.0,1,0.7647,0,NORMAL,50.971,-0.102,1,1,1,1,5,225.0,0,0,dijkstra,template,0.63591,0.9499,0.0489,0,0.0501,straight_center,straight,0.9365,0.7636,9.6804,0.275,0,,,,,,0,,,,265706,191431,0
31,3.1621105670928955,2026-03-13T03:10:12.344929,0.0,0.0,0.0,0.0,8.21,0.0,0.0,30.94,11.24,0.0,0.0,STRAIGHT,1.452,1.454,"CMD,0.0,1.45",4.0,0.0,4.0,0.0,1,0.7647,0,NORMAL,50.835,-0.057,1,1,1,1,5,225.0,0,0,dijkstra,template,0.62636,0.951,0.0482,0,0.049,straight_center,straight,0.9374,0.7455,9.4977,0.2715,0,,,,,,0,,,,265706,188567,0
32,3.345126152038574,2026-03-13T03:10:12.527944,121.67,0.0,10.26,0.0,4.21,0.0,0.0,162.62,10.91,0.0,0.0,STRAIGHT,1.467,1.456,"CMD,0.0,1.46",4.0,0.0,4.0,0.0,1,0.8786,0,NORMAL,50.621,-0.039,1,1,1,1,5,225.0,0,0,dijkstra,template,0.62789,0.9661,0.0653,0,0.0339,straight_center,straight,0.9506,0.7455,9.6804,0.2139,0,,,,,,0,,,,233917,188179,0
33,3.396078586578369,2026-03-13T03:10:12.578897,0.0,0.0,4.02,0.0,0.0,0.0,0.0,30.57,11.72,0.0,0.0,STRAIGHT,1.467,1.458,"CMD,0.0,1.46",4.0,0.0,4.0,0.0,1,0.8786,0,NORMAL,50.381,-0.054,1,1,1,1,5,225.0,0,0,dijkstra,template,0.62926,0.9661,0.0634,0,0.0339,straight_center,straight,0.9514,0.7636,9.6804,0.2107,0,,,,,,0,,,,242056,188096,0
34,3.457115888595581,2026-03-13T03:10:12.639934,2.55,0.0,0.0,0.0,10.17,0.0,0.0,30.79,11.68,0.0,0.0,STRAIGHT,1.467,1.459,"CMD,0.0,1.46",4.0,0.0,4.0,0.0,1,0.8786,0,NORMAL,50.144,-0.099,1,1,1,1,5,225.0,0,0,dijkstra,template,0.62233,0.9657,0.0629,0,0.0343,straight_center,straight,0.9495,0.7636,9.6804,0.2189,0,,,,,,0,,,,242056,187270,0
35,3.5084667205810547,2026-03-13T03:10:12.691285,2.0,0.0,0.0,0.0,8.46,0.0,0.0,30.94,11.76,0.0,0.0,STRAIGHT,1.467,1.46,"CMD,0.0,1.46",4.0,0.0,4.0,0.0,1,0.8786,0,NORMAL,50.045,-0.109,1,1,1,1,5,225.0,0,0,dijkstra,template,0.6161,0.9665,0.061,0,0.0335,straight_center,straight,0.9499,0.7273,9.4977,0.2169,0,,,,,,0,,,,242056,185416,0
36,3.6875195503234863,2026-03-13T03:10:12.870338,114.92,10.12,0.0,0.0,3.92,0.0,0.0,158.53,11.18,0.0,0.0,STRAIGHT,1.466,1.462,"CMD,0.0,1.46",4.0,0.0,4.0,0.0,1,0.8679,0,NORMAL,50.0,-0.152,1,1,1,1,5,225.0,0,0,dijkstra,template,0.61469,0.9647,0.0721,0,0.0353,straight_center,straight,0.9442,0.7636,9.6804,0.2417,0,,,,,,0,,,,239634,183998,0
37,3.743104934692383,2026-03-13T03:10:12.925923,2.0,0.0,0.0,0.0,10.16,0.0,0.0,41.25,11.76,0.0,0.0,STRAIGHT,1.466,1.463,"CMD,0.0,1.46",4.0,0.0,4.0,0.0,1,0.8679,0,NORMAL,50.038,-0.135,1,1,1,1,5,225.0,0,0,dijkstra,template,0.61537,0.9648,0.0705,0,0.0352,straight_center,straight,0.9433,0.7636,9.6804,0.2458,0,,,,,,0,,,,252304,183864,0
38,3.800058603286743,2026-03-13T03:10:12.982876,0.0,0.0,4.01,0.0,5.93,0.0,0.0,36.81,11.73,0.0,0.0,STRAIGHT,1.466,1.465,"CMD,0.0,1.46",4.0,0.0,4.0,0.0,1,0.8679,0,NORMAL,50.135,-0.096,1,1,1,1,5,225.0,0,0,dijkstra,template,0.60911,0.9649,0.0705,0,0.0351,straight_center,straight,0.9439,0.7636,9.6804,0.2433,0,,,,,,0,,,,252304,183134,0
39,3.84529972076416,2026-03-13T03:10:13.028118,0.0,0.0,6.57,0.0,0.0,0.0,0.0,30.68,11.76,0.0,0.0,STRAIGHT,1.465,1.466,"CMD,0.0,1.47",4.0,0.0,4.0,0.0,1,0.8679,0,NORMAL,50.361,-0.127,1,1,1,1,5,225.0,0,0,dijkstra,template,0.60118,0.9642,0.0692,0,0.0358,straight_center,straight,0.9432,0.7455,9.4977,0.246,0,,,,,,0,,,,252304,180940,0
40,4.030017137527466,2026-03-13T03:10:13.212835,123.64,0.0,10.1,0.0,10.04,0.0,0.0,164.39,11.16,0.0,0.0,STRAIGHT,1.459,1.465,"CMD,0.0,1.47",4.0,0.0,4.0,0.0,1,0.8892,0,NORMAL,50.723,-0.141,1,1,1,1,5,225.0,0,0,dijkstra,template,0.62986,0.9579,0.0715,0,0.0421,straight_center,straight,0.9355,0.7455,9.6804,0.2796,0,,,,,,0,,,,252211,188748,0
41,4.084481477737427,2026-03-13T03:10:13.267299,0.0,0.0,0.0,0.0,3.24,0.0,0.0,33.78,11.78,0.0,0.0,STRAIGHT,1.46,1.464,"CMD,0.0,1.46",4.0,0.0,4.0,0.0,1,0.8892,0,NORMAL,50.949,-0.107,1,1,1,1,5,225.0,0,0,dijkstra,template,0.63093,0.9585,0.0726,0,0.0415,straight_center,straight,0.9354,0.7455,9.6804,0.2799,0,,,,,,0,,,,271565,188628,0
42,4.132433891296387,2026-03-13T03:10:13.315252,0.0,0.0,5.29,0.0,0.0,0.0,0.0,30.88,11.8,0.0,0.0,STRAIGHT,1.459,1.463,"CMD,0.0,1.46",4.0,0.0,4.0,0.0,1,0.8892,0,NORMAL,51.553,-0.156,1,1,1,1,5,225.0,0,0,dijkstra,template,0.625,0.9576,0.0742,0,0.0424,straight_center,straight,0.934,0.7636,9.6804,0.2859,0,,,,,,0,,,,271565,187888,0
43,4.193978309631348,2026-03-13T03:10:13.376796,3.16,0.0,0.0,0.0,10.46,0.0,0.0,30.94,11.75,0.0,0.0,STRAIGHT,1.459,1.462,"CMD,0.0,1.46",4.0,0.0,4.0,0.0,1,0.8892,0,NORMAL,51.763,0.094,1,1,1,1,5,225.0,0,0,dijkstra,template,0.61659,0.9577,0.0738,0,0.0423,straight_center,straight,0.9342,0.7273,9.4977,0.2853,0,,,,,,0,,,,271565,185599,0
44,4.366967439651489,2026-03-13T03:10:13.549785,115.76,0.0,6.04,0.0,10.49,0.0,0.0,152.82,11.21,0.0,0.0,STRAIGHT,1.461,1.462,"CMD,0.0,1.46",4.0,0.0,4.0,0.0,1,0.8685,0,NORMAL,51.825,0.185,1,1,1,1,5,225.0,0,0,dijkstra,template,0.58643,0.9605,0.071,0,0.0395,straight_center,straight,0.94,0.8,9.6804,0.26,0,,,,,,0,,,,230031,175301,0
45,4.418177366256714,2026-03-13T03:10:13.600995,0.0,0.0,0.0,0.0,0.0,0.0,0.0,30.67,11.79,0.0,0.0,STRAIGHT,1.464,1.462,"CMD,0.0,1.46",4.0,0.0,4.0,0.0,1,0.8685,0,NORMAL,52.017,0.211,1,1,1,1,5,225.0,0,0,dijkstra,template,0.58775,0.9629,0.0716,0,0.0371,straight_center,straight,0.9432,0.7818,9.6804,0.246,0,,,,,,0,,,,239952,175223,0
46,4.469593286514282,2026-03-13T03:10:13.652411,0.0,0.0,0.0,0.0,0.0,0.0,0.0,31.0,11.84,0.0,0.0,STRAIGHT,1.462,1.461,"CMD,0.0,1.46",4.0,0.0,4.0,0.0,1,0.8685,0,NORMAL,52.263,0.219,1,1,1,1,5,225.0,0,0,dijkstra,template,0.5807,0.9612,0.0737,0,0.0388,straight_center,straight,0.94,0.7818,9.6804,0.26,0,,,,,,0,,,,239952,174408,0
47,4.523200988769531,2026-03-13T03:10:13.706019,0.0,0.0,0.0,0.0,2.0,0.0,0.0,33.01,11.83,0.0,0.0,STRAIGHT,1.462,1.461,"CMD,0.0,1.46",4.0,0.0,4.0,0.0,1,0.8685,0,NORMAL,52.2,0.246,1,1,1,1,5,225.0,0,0,dijkstra,template,0.57248,0.9608,0.0753,0,0.0392,straight_center,straight,0.9394,0.7818,9.4977,0.2628,0,,,,,,0,,,,239952,172085,0
48,4.695293188095093,2026-03-13T03:10:13.878111,113.17,0.0,10.25,0.0,10.17,0.0,0.0,153.84,11.27,0.0,0.0,STRAIGHT,1.457,1.46,"CMD,0.0,1.46",4.0,0.0,4.0,0.0,1,0.8848,0,NORMAL,52.353,0.217,1,1,1,1,5,225.0,0,0,dijkstra,template,0.6336,0.9554,0.069,0,0.0446,straight_center,straight,0.9335,0.7455,9.6804,0.2882,0,,,,,,0,,,,251393,189793,0
49,4.747248888015747,2026-03-13T03:10:13.930067,0.0,0.0,0.0,0.0,8.37,0.0,0.0,31.25,11.88,0.0,0.0,STRAIGHT,1.458,1.46,"CMD,0.0,1.46",4.0,0.0,4.0,0.0,1,0.8848,0,NORMAL,52.286,0.278,1,1,1,1,5,225.0,0,0,dijkstra,template,0.63479,0.9565,0.0705,0,0.0435,straight_center,straight,0.934,0.7455,9.6804,0.2859,0,,,,,,0,,,,264015,189640,0
50,4.802424192428589,2026-03-13T03:10:13.985242,0.0,0.0,5.6,0.0,4.05,0.0,0.0,34.73,11.91,0.0,0.0,STRAIGHT,1.456,1.46,"CMD,0.0,1.46",4.0,0.0,4.0,0.0,1,0.8848,0,NORMAL,53.423,0.215,1,1,1,1,5,225.0,0,0,dijkstra,template,0.62773,0.9545,0.0715,0,0.0455,straight_center,straight,0.9304,0.7455,9.6804,0.3014,0,,,,,,0,,,,264015,188844,0
51,4.8490283489227295,2026-03-13T03:10:14.031846,0.0,0.0,6.28,0.0,0.0,0.0,0.0,30.24,11.98,0.0,0.0,STRAIGHT,1.456,1.459,"CMD,0.0,1.46",4.0,0.0,4.0,0.0,1,0.8848,0,NORMAL,53.6,0.207,1,1,1,1,5,225.0,0,0,dijkstra,template,0.61946,0.9553,0.0723,0,0.0447,straight_center,straight,0.9321,0.7273,9.4977,0.2941,0,,,,,,0,,,,264015,186451,0
52,5.0333778858184814,2026-03-13T03:10:14.216196,122.96,0.0,10.14,0.0,10.49,0.0,0.0,153.74,11.36,0.0,0.0,STRAIGHT,1.451,1.458,"CMD,0.0,1.46",4.0,0.0,4.0,0.0,1,0.9119,0,NORMAL,53.761,0.238,1,1,1,1,5,225.0,0,0,dijkstra,template,0.64833,0.9498,0.0671,0,0.0502,straight_center,straight,0.928,0.7273,9.6804,0.3122,0,,,,,,0,,,,260851,194400,0
53,5.084484577178955,2026-03-13T03:10:14.267302,2.0,0.0,4.02,0.0,0.0,0.0,0.0,30.75,12.03,0.0,0.0,STRAIGHT,1.45,1.456,"CMD,0.0,1.46",4.0,0.0,4.0,0.0,1,0.9119,0,NORMAL,54.071,0.234,1,1,1,1,5,225.0,0,0,dijkstra,template,0.65277,0.9485,0.0679,0,0.0515,straight_center,straight,0.9237,0.7273,9.863,0.3306,0,,,,,,0,,,,277950,195026,0
54,5.135109186172485,2026-03-13T03:10:14.317927,0.0,0.0,4.61,0.0,0.0,0.0,0.0,30.58,12.02,0.0,0.0,STRAIGHT,1.451,1.455,"CMD,0.0,1.45",4.0,0.0,4.0,0.0,1,0.9119,0,NORMAL,54.128,0.248,1,1,1,1,5,225.0,0,0,dijkstra,template,0.64492,0.9494,0.0696,0,0.0506,straight_center,straight,0.9254,0.7091,9.6804,0.3235,0,,,,,,0,,,,277950,194181,0
55,5.195952892303467,2026-03-13T03:10:14.378771,1.74,0.0,0.0,0.0,9.64,0.0,0.0,29.97,11.97,0.0,0.0,STRAIGHT,1.451,1.454,"CMD,0.0,1.45",4.0,0.0,4.0,0.0,1,0.9119,0,NORMAL,54.229,0.282,1,1,1,1,5,225.0,0,0,dijkstra,template,0.63455,0.9496,0.0712,0,0.0504,straight_center,straight,0.9268,0.7091,9.4977,0.3173,0,,,,,,0,,,,277950,191118,0
56,5.378880500793457,2026-03-13T03:10:14.561698,122.04,0.0,10.47,0.0,10.14,0.0,0.0,162.82,11.35,0.0,0.0,STRAIGHT,1.449,1.453,"CMD,0.0,1.45",4.0,0.0,4.0,0.0,1,0.9376,0,NORMAL,54.511,0.254,1,1,1,1,5,225.0,0,0,dijkstra,template,0.65207,0.9474,0.0661,0,0.0526,straight_center,straight,0.9242,0.6909,9.6804,0.3285,0,,,,,,0,,,,261233,195277,0
57,5.431405782699585,2026-03-13T03:10:14.614224,0.0,0.0,0.0,0.0,2.0,0.0,0.0,32.43,11.97,0.0,0.0,STRAIGHT,1.449,1.452,"CMD,0.0,1.45",4.0,0.0,4.0,0.0,1,0.9376,0,NORMAL,55.749,0.24,1,1,1,1,5,225.0,0,0,dijkstra,template,0.65669,0.9481,0.0666,0,0.0519,straight_center,straight,0.9252,0.7091,9.863,0.3242,0,,,,,,0,,,,276005,195915,0
58,5.480735540390015,2026-03-13T03:10:14.663554,0.0,0.0,6.12,0.0,0.0,0.0,0.0,30.94,11.98,0.0,0.0,STRAIGHT,1.449,1.451,"CMD,0.0,1.45",4.0,0.0,4.0,0.0,1,0.9376,0,NORMAL,55.951,0.23,1,1,1,1,5,225.0,0,0,dijkstra,template,0.64649,0.9474,0.0683,0,0.0526,straight_center,straight,0.9241,0.6909,9.6804,0.3289,0,,,,,,0,,,,276005,194413,0
59,5.542386293411255,2026-03-13T03:10:14.725204,2.84,0.0,0.0,0.0,10.36,0.0,0.0,31.1,11.93,0.0,0.0,STRAIGHT,1.446,1.449,"CMD,0.0,1.45",4.0,0.0,4.0,0.0,1,0.9376,0,NORMAL,55.703,0.236,1,1,1,1,5,225.0,0,0,dijkstra,template,0.63791,0.9445,0.0678,0,0.0555,straight_center,straight,0.9218,0.6909,9.4977,0.3387,0,,,,,,0,,,,276005,192086,0
60,5.726374864578247,2026-03-13T03:10:14.909193,123.08,0.0,10.03,0.0,0.0,0.0,0.0,163.74,11.31,0.0,0.0,STRAIGHT,1.446,1.449,"CMD,0.0,1.45",4.0,0.0,4.0,0.0,1,0.9405,0,NORMAL,54.838,0.218,1,1,1,1,5,225.0,0,0,dijkstra,template,0.64349,0.9451,0.0599,0,0.0549,straight_center,straight,0.9236,0.6364,9.6804,0.3312,0,,,,,,0,,,,263145,192818,0
61,5.776740789413452,2026-03-13T03:10:14.959559,2.0,0.0,4.01,0.0,4.17,0.0,0.0,30.19,11.93,0.0,0.0,STRAIGHT,1.446,1.448,"CMD,0.0,1.45",4.0,0.0,4.0,0.0,1,0.9405,0,NORMAL,54.205,0.203,1,1,1,1,5,225.0,0,0,dijkstra,template,0.645,0.9446,0.0611,0,0.0554,straight_center,straight,0.9233,0.6364,9.6804,0.3324,0,,,,,,0,,,,276592,192791,0
62,5.82974910736084,2026-03-13T03:10:15.012567,0.0,0.0,0.0,0.0,12.15,0.0,0.0,28.49,11.92,0.0,0.0,STRAIGHT,1.445,1.448,"CMD,0.0,1.45",4.0,0.0,4.0,0.0,1,0.9405,0,NORMAL,53.225,0.192,1,1,1,1,5,225.0,0,0,dijkstra,template,0.63754,0.9437,0.0623,0,0.0563,straight_center,straight,0.9203,0.6364,9.6804,0.3455,0,,,,,,0,,,,276592,191932,0
63,5.878033638000488,2026-03-13T03:10:15.060851,0.0,0.0,0.0,0.0,10.02,0.0,0.0,29.8,11.98,0.0,0.0,STRAIGHT,1.445,1.447,"CMD,0.0,1.45",4.0,0.0,4.0,0.0,1,0.9405,0,NORMAL,53.334,0.166,1,1,1,1,5,225.0,0,0,dijkstra,template,0.62909,0.9432,0.0579,0,0.0568,straight_center,straight,0.9246,0.6182,9.4977,0.3269,0,,,,,,0,,,,276592,189601,0
64,6.066319704055786,2026-03-13T03:10:15.249138,128.45,0.0,3.41,0.0,2.0,0.0,0.0,168.14,11.34,0.0,0.0,STRAIGHT,1.444,1.446,"CMD,0.0,1.45",4.0,0.0,4.0,0.0,1,0.934,0,NORMAL,52.688,0.138,1,1,1,1,5,225.0,0,0,dijkstra,template,0.62599,0.9429,0.0605,0,0.0571,straight_center,straight,0.9234,0.8364,9.6804,0.3321,0,,,,,,0,,,,260573,187625,0
65,6.121342182159424,2026-03-13T03:10:15.304160,0.0,0.0,4.27,0.0,2.26,0.0,0.0,30.73,11.92,0.0,0.0,STRAIGHT,1.443,1.446,"CMD,0.0,1.45",4.0,0.0,4.0,0.0,1,0.934,0,NORMAL,52.614,0.109,1,1,1,1,5,225.0,0,0,dijkstra,template,0.63012,0.9417,0.0608,0,0.0583,straight_center,straight,0.9201,0.8727,9.863,0.3462,0,,,,,,0,,,,274527,188215,0
66,6.172684669494629,2026-03-13T03:10:15.355503,0.0,0.0,0.0,0.0,10.32,0.0,0.0,31.07,11.94,0.0,0.0,STRAIGHT,1.441,1.445,"CMD,0.0,1.44",4.0,0.0,4.0,0.0,1,0.934,0,NORMAL,53.96,0.045,1,1,1,1,5,225.0,0,0,dijkstra,template,0.62041,0.9398,0.059,0,0.0602,straight_center,straight,0.9195,0.8364,9.6804,0.3487,0,,,,,,0,,,,274527,186828,0
67,6.223102807998657,2026-03-13T03:10:15.405921,0.0,0.0,0.0,0.0,10.23,0.0,0.0,30.07,11.97,0.0,0.0,STRAIGHT,1.441,1.444,"CMD,0.0,1.44",4.0,0.0,4.0,0.0,1,0.934,0,NORMAL,55.299,0.012,1,1,1,1,5,225.0,0,0,dijkstra,template,0.61233,0.9394,0.0585,0,0.0606,straight_center,straight,0.9221,0.8182,9.4977,0.3377,0,,,,,,0,,,,274527,184453,0
68,6.406979560852051,2026-03-13T03:10:15.589797,122.48,0.0,10.37,0.0,5.53,0.0,0.0,163.37,11.32,0.0,0.0,STRAIGHT,1.448,1.444,"CMD,0.0,1.44",4.0,0.0,4.0,0.0,1,0.893,0,NORMAL,54.364,-0.011,1,1,1,1,5,225.0,0,0,dijkstra,template,0.61202,0.9468,0.0594,0,0.0532,straight_center,straight,0.9327,0.8364,9.6804,0.2918,0,,,,,,0,,,,267739,183420,0
69,6.458127498626709,2026-03-13T03:10:15.640945,1.74,0.0,0.0,0.0,10.24,0.0,0.0,30.93,11.94,0.0,0.0,STRAIGHT,1.447,1.444,"CMD,0.0,1.44",4.0,0.0,4.0,0.0,1,0.893,0,NORMAL,53.449,-0.034,1,1,1,1,5,225.0,0,0,dijkstra,template,0.61411,0.9456,0.0569,0,0.0544,straight_center,straight,0.9328,0.8364,9.6804,0.2913,0,,,,,,0,,,,282709,183523,0
70,6.5086634159088135,2026-03-13T03:10:15.691481,0.0,0.0,0.0,0.0,0.0,0.0,0.0,30.44,11.96,0.0,0.0,STRAIGHT,1.446,1.444,"CMD,0.0,1.44",4.0,0.0,4.0,0.0,1,0.893,0,NORMAL,52.244,-0.041,1,1,1,1,5,225.0,0,0,dijkstra,template,0.60692,0.9444,0.0578,0,0.0556,straight_center,straight,0.9297,0.8545,9.6804,0.3045,0,,,,,,0,,,,282709,182671,0
71,6.560446262359619,2026-03-13T03:10:15.743264,0.0,0.0,0.0,0.0,0.0,0.0,0.0,30.91,11.94,0.0,0.0,STRAIGHT,1.445,1.444,"CMD,0.0,1.44",4.0,0.0,4.0,0.0,1,0.893,0,NORMAL,51.169,-0.066,1,1,1,1,5,225.0,0,0,dijkstra,template,0.59843,0.9438,0.0573,0,0.0562,straight_center,straight,0.932,0.8182,9.4977,0.2949,0,,,,,,0,,,,282709,180308,0
72,6.73486590385437,2026-03-13T03:10:15.917684,123.0,0.0,10.31,0.0,0.0,0.0,0.0,153.74,11.41,0.0,0.0,STRAIGHT,1.435,1.443,"CMD,0.0,1.44",4.0,0.0,4.0,0.0,1,0.8953,0,NORMAL,50.087,-0.095,1,1,1,1,5,225.0,0,0,dijkstra,template,0.605,0.9334,0.0522,0,0.0666,straight_center,straight,0.9139,0.7455,9.6804,0.3733,0,,,,,,0,,,,284753,181413,0
73,6.7962517738342285,2026-03-13T03:10:15.979070,3.71,0.0,0.0,0.0,0.0,0.0,0.0,30.8,11.94,0.0,0.0,STRAIGHT,1.434,1.442,"CMD,0.0,1.44",4.0,0.0,4.0,0.0,1,0.8953,0,NORMAL,49.005,-0.12,1,1,1,1,5,225.0,0,0,dijkstra,template,0.6086,0.9327,0.0529,0,0.0673,straight_center,straight,0.913,0.7455,9.863,0.3769,0,,,,,,0,,,,299274,181873,0
74,6.846696615219116,2026-03-13T03:10:16.029515,0.0,0.0,0.0,0.0,0.0,0.0,0.0,30.27,11.94,0.0,0.0,STRAIGHT,1.433,1.441,"CMD,0.0,1.44",4.0,0.0,4.0,0.0,1,0.8953,0,NORMAL,48.356,-0.15,1,1,1,1,5,225.0,0,0,dijkstra,template,0.60118,0.9315,0.0544,0,0.0685,straight_center,straight,0.9108,0.7455,9.6804,0.3865,0,,,,,,0,,,,299274,181089,0
75,6.9032769203186035,2026-03-13T03:10:16.086095,0.0,0.0,3.29,0.0,5.87,0.0,0.0,26.42,11.92,0.0,0.0,STRAIGHT,1.432,1.44,"CMD,0.0,1.44",4.0,0.0,4.0,0.0,1,0.8953,0,NORMAL,48.314,-0.155,1,1,1,1,5,225.0,0,0,dijkstra,template,0.59376,0.9302,0.0531,0,0.0698,straight_center,straight,0.9129,0.7273,9.4977,0.3776,0,,,,,,0,,,,299274,178723,0
76,7.079139947891235,2026-03-13T03:10:16.261958,122.37,0.0,8.18,0.0,10.11,0.0,0.0,151.09,11.35,0.0,0.0,STRAIGHT,1.443,1.439,"CMD,0.0,1.44",4.0,0.0,4.0,0.0,1,0.9188,0,NORMAL,47.832,-0.145,1,1,1,1,5,225.0,0,0,dijkstra,template,0.56921,0.9411,0.0519,0,0.0589,straight_center,straight,0.9324,0.6364,8.5845,0.2929,0,,,,,,0,,,,285044,170619,0
77,7.13014030456543,2026-03-13T03:10:16.312958,3.39,0.0,0.0,0.0,0.0,0.0,0.0,30.35,11.91,0.0,0.0,STRAIGHT,1.439,1.438,"CMD,0.0,1.44",4.0,0.0,4.0,0.0,1,0.9188,0,NORMAL,47.074,-0.062,1,1,1,1,5,225.0,0,0,dijkstra,template,0.57366,0.9378,0.0528,0,0.0622,straight_center,straight,0.9234,0.6727,8.7671,0.3317,0,,,,,,0,,,,301442,171186,0
78,7.191154479980469,2026-03-13T03:10:16.373973,2.61,0.0,0.0,0.0,10.02,0.0,0.0,30.36,11.87,0.0,0.0,STRAIGHT,1.44,1.438,"CMD,0.0,1.44",4.0,0.0,4.0,0.0,1,0.9188,0,NORMAL,50.439,-0.084,1,1,1,1,5,225.0,0,0,dijkstra,template,0.56607,0.9388,0.0519,0,0.0612,straight_center,straight,0.9294,0.6364,8.5845,0.3059,0,,,,,,0,,,,301442,170370,0
79,7.241646766662598,2026-03-13T03:10:16.424465,0.0,0.0,5.46,0.0,0.0,0.0,0.0,30.19,11.89,0.0,0.0,STRAIGHT,1.439,1.437,"CMD,0.0,1.44",4.0,0.0,4.0,0.0,1,0.9188,0,NORMAL,49.855,-0.065,1,1,1,1,5,225.0,0,0,dijkstra,template,0.55678,0.9371,0.0502,0,0.0629,straight_center,straight,0.9312,0.6182,8.4018,0.2979,0,,,,,,0,,,,301442,167491,0
80,7.424176931381226,2026-03-13T03:10:16.606995,121.92,0.0,10.12,0.0,10.21,0.0,0.0,162.33,11.26,0.0,0.0,STRAIGHT,1.434,1.437,"CMD,0.0,1.44",4.0,0.0,4.0,0.0,1,0.9183,0,NORMAL,49.438,-0.045,1,1,1,1,5,225.0,0,0,dijkstra,template,0.56196,0.9321,0.0541,0,0.0679,straight_center,straight,0.9094,0.6364,8.4018,0.3927,0,,,,,,0,,,,292460,168443,0
81,7.479586362838745,2026-03-13T03:10:16.662404,0.0,0.0,0.0,0.0,4.01,0.0,0.0,34.76,11.86,0.0,0.0,STRAIGHT,1.433,1.437,"CMD,0.0,1.44",4.0,0.0,4.0,0.0,1,0.9183,0,NORMAL,48.202,-0.008,1,1,1,1,5,225.0,0,0,dijkstra,template,0.56614,0.9308,0.0523,0,0.0692,straight_center,straight,0.9104,0.6182,8.4018,0.3884,0,,,,,,0,,,,303098,169030,0
82,7.534249782562256,2026-03-13T03:10:16.717068,0.0,0.0,4.43,0.0,7.45,0.0,0.0,38.64,11.84,0.0,0.0,STRAIGHT,1.431,1.436,"CMD,0.0,1.44",4.0,0.0,4.0,0.0,1,0.9183,0,NORMAL,47.408,0.042,1,1,1,1,5,225.0,0,0,dijkstra,template,0.55921,0.9294,0.0512,0,0.0706,straight_center,straight,0.9121,0.6,8.2192,0.3811,0,,,,,,0,,,,303098,168185,0
83,7.588586091995239,2026-03-13T03:10:16.771404,0.0,0.0,0.0,0.0,10.44,0.0,0.0,31.1,11.82,0.0,0.0,STRAIGHT,1.429,1.436,"CMD,0.0,1.44",4.0,0.0,4.0,0.0,1,0.9183,0,NORMAL,46.879,0.083,1,1,1,1,5,225.0,0,0,dijkstra,template,0.5495,0.9274,0.0521,0,0.0726,straight_center,straight,0.9073,0.6182,8.2192,0.4018,0,,,,,,0,,,,303098,165437,0
84,7.764463186264038,2026-03-13T03:10:16.947281,122.45,0.0,10.47,0.0,2.38,0.0,0.0,155.53,11.29,0.0,0.0,STRAIGHT,1.447,1.437,"CMD,0.0,1.44",4.0,0.0,4.0,0.0,1,0.9194,0,NORMAL,45.453,0.129,1,1,1,1,5,225.0,0,0,dijkstra,template,0.60058,0.9461,0.051,0,0.0539,straight_center,straight,0.9483,0.6,8.5845,0.2242,0,,,,,,0,,,,301145,179651,0
85,7.823891639709473,2026-03-13T03:10:17.006710,2.85,0.0,0.0,0.0,0.0,0.0,0.0,31.03,11.86,0.0,0.0,STRAIGHT,1.443,1.437,"CMD,0.0,1.44",4.0,0.0,4.0,0.0,1,0.9194,0,NORMAL,44.344,0.138,1,1,1,1,5,225.0,0,0,dijkstra,template,0.60372,0.9419,0.0498,0,0.0581,straight_center,straight,0.9425,0.6,8.7671,0.2491,0,,,,,,0,,,,313454,179793,0
86,7.865058898925781,2026-03-13T03:10:17.047877,0.0,0.0,3.62,0.0,0.0,0.0,0.0,20.59,11.92,0.0,0.0,STRAIGHT,1.444,1.438,"CMD,0.0,1.44",4.0,0.0,4.0,0.0,1,0.9194,0,NORMAL,43.282,0.193,1,1,1,1,5,225.0,0,0,dijkstra,template,0.59519,0.9426,0.0484,0,0.0574,straight_center,straight,0.9477,0.5818,8.5845,0.2264,0,,,,,,0,,,,313454,178826,0
87,7.926219940185547,2026-03-13T03:10:17.109038,2.37,0.0,0.0,0.0,10.16,0.0,0.0,30.45,11.86,0.0,0.0,STRAIGHT,1.443,1.438,"CMD,0.0,1.44",4.0,0.0,4.0,0.0,1,0.9194,0,NORMAL,42.323,0.234,1,1,1,1,5,225.0,0,0,dijkstra,template,0.58723,0.9416,0.0497,0,0.0584,straight_center,straight,0.9464,0.5818,8.4018,0.2321,0,,,,,,0,,,,313454,176403,0
88,8.112847805023193,2026-03-13T03:10:17.295666,122.96,0.0,10.41,0.0,0.0,0.0,0.0,165.91,11.28,0.0,0.0,STRAIGHT,1.437,1.439,"CMD,0.0,1.44",4.0,0.0,4.0,0.0,1,0.9054,0,NORMAL,41.473,0.248,1,1,1,1,5,225.0,0,0,dijkstra,template,0.67254,0.9358,0.0503,0,0.0642,straight_center,straight,0.9325,0.7091,9.6804,0.2927,0,,,,,,0,,,,305537,201221,0
89,8.162473201751709,2026-03-13T03:10:17.345291,0.0,0.0,0.0,0.0,0.0,0.0,0.0,31.06,11.9,0.0,0.0,STRAIGHT,1.434,1.439,"CMD,0.0,1.44",4.0,0.0,4.0,0.0,1,0.9054,0,NORMAL,40.747,0.213,1,1,1,1,5,225.0,0,0,dijkstra,template,0.67702,0.9322,0.0496,0,0.0678,straight_center,straight,0.9286,0.7273,9.863,0.3093,0,,,,,,0,,,,316057,201784,0
90,8.214516401290894,2026-03-13T03:10:17.397334,0.0,0.0,4.04,0.0,0.0,0.0,0.0,20.89,11.9,0.0,0.0,STRAIGHT,1.432,1.439,"CMD,0.0,1.44",4.0,0.0,4.0,0.0,1,0.9054,0,NORMAL,40.117,0.168,1,1,1,1,5,225.0,0,0,dijkstra,template,0.66886,0.9304,0.0482,0,0.0696,straight_center,straight,0.9294,0.6909,9.6804,0.3059,0,,,,,,0,,,,316057,200956,0
91,8.265661001205444,2026-03-13T03:10:17.448479,2.0,0.0,3.01,0.0,0.0,0.0,0.0,20.83,11.91,0.0,0.0,STRAIGHT,1.432,1.439,"CMD,0.0,1.44",4.0,0.0,4.0,0.0,1,0.9054,0,NORMAL,38.962,0.103,1,1,1,1,5,225.0,0,0,dijkstra,template,0.65903,0.9303,0.0495,0,0.0697,straight_center,straight,0.9292,0.6909,9.4977,0.307,0,,,,,,0,,,,316057,198010,0
92,8.452008247375488,2026-03-13T03:10:17.634826,132.16,0.0,10.13,0.0,3.22,0.0,0.0,155.6,11.27,0.0,0.0,STRAIGHT,1.436,1.438,"CMD,0.0,1.44",4.0,0.0,4.0,0.0,1,0.8865,0,NORMAL,38.096,0.061,1,1,1,1,5,225.0,0,0,dijkstra,template,0.73178,0.9348,0.0496,0,0.0652,straight_center,straight,0.9369,0.6545,9.6804,0.2734,0,,,,,,0,,,,318617,219204,0
93,8.509844303131104,2026-03-13T03:10:17.692662,3.74,0.0,0.0,0.0,8.0,0.0,0.0,30.33,11.87,0.0,0.0,STRAIGHT,1.433,1.436,"CMD,0.0,1.44",4.0,0.0,4.0,0.0,1,0.8865,0,NORMAL,37.897,0.012,1,1,1,1,5,225.0,0,0,dijkstra,template,0.73568,0.9311,0.0491,0,0.0689,straight_center,straight,0.9332,0.6727,9.863,0.2894,0,,,,,,0,,,,332025,219755,0
94,8.561163663864136,2026-03-13T03:10:17.743982,0.0,0.0,7.74,0.0,0.0,0.0,0.0,30.77,11.89,0.0,0.0,STRAIGHT,1.432,1.435,"CMD,0.0,1.44",4.0,0.0,4.0,0.0,1,0.8865,0,NORMAL,37.198,-0.02,1,1,1,1,5,225.0,0,0,dijkstra,template,0.728,0.9307,0.0485,0,0.0693,straight_center,straight,0.9352,0.6545,9.6804,0.2809,0,,,,,,0,,,,332025,218937,0
95,8.62245488166809,2026-03-13T03:10:17.805273,0.0,0.0,6.7,0.0,4.01,0.0,1.5,40.68,11.84,0.0,0.0,STRAIGHT,1.432,1.434,"CMD,0.0,1.43",4.0,0.0,4.0,0.0,1,0.8865,0,NORMAL,36.701,-0.066,1,1,1,1,5,225.0,0,0,dijkstra,template,0.71864,0.9301,0.0488,0,0.0699,straight_center,straight,0.9348,0.6545,9.4977,0.2825,0,,,,,,0,,,,332025,216012,0
96,8.806526899337769,2026-03-13T03:10:17.989345,122.13,0.0,13.79,0.0,4.01,0.0,0.0,163.51,11.23,0.0,0.0,STRAIGHT,1.432,1.433,"CMD,0.0,1.43",4.0,0.0,4.0,0.0,1,0.9354,0,NORMAL,35.81,-0.101,1,1,1,1,5,225.0,0,0,dijkstra,template,0.77839,0.9299,0.0473,0,0.0701,straight_center,straight,0.9344,0.4545,9.6804,0.2842,0,,,,,,0,,,,320419,232803,0
97,8.86088252067566,2026-03-13T03:10:18.043701,2.0,0.0,4.05,0.0,3.36,0.0,0.0,34.11,11.82,0.0,0.0,STRAIGHT,1.427,1.432,"CMD,0.0,1.43",4.0,0.0,4.0,0.0,1,0.9354,0,NORMAL,34.964,-0.147,1,1,1,1,5,225.0,0,0,dijkstra,template,0.78194,0.9252,0.0474,0,0.0748,straight_center,straight,0.9285,0.4545,9.863,0.3097,0,,,,,,0,,,,326776,233342,0
98,8.908674478530884,2026-03-13T03:10:18.091492,0.0,0.0,3.4,0.0,0.0,0.0,0.0,30.55,11.83,0.0,0.0,STRAIGHT,1.43,1.432,"CMD,0.0,1.43",4.0,0.0,4.0,0.0,1,0.9354,0,NORMAL,32.221,-0.187,1,1,1,1,5,225.0,0,0,dijkstra,template,0.77395,0.9287,0.0488,0,0.0713,straight_center,straight,0.9353,0.4364,9.6804,0.2803,0,,,,,,0,,,,326776,232542,0
99,8.970134258270264,2026-03-13T03:10:18.152952,3.06,0.0,0.0,0.0,6.61,0.0,0.0,30.53,11.78,0.0,0.0,STRAIGHT,1.429,1.431,"CMD,0.0,1.43",4.0,0.0,4.0,0.0,1,0.9354,0,NORMAL,31.254,-0.227,1,1,1,1,5,225.0,0,0,dijkstra,template,0.76463,0.9268,0.0501,0,0.0732,straight_center,straight,0.9325,0.4364,9.4977,0.2924,0,,,,,,0,,,,326776,229673,0
100,9.145493507385254,2026-03-13T03:10:18.328311,119.37,3.01,10.01,0.0,2.49,0.0,0.0,155.08,11.22,0.0,0.0,STRAIGHT,1.424,1.43,"CMD,0.0,1.43",4.0,0.0,4.0,0.0,1,0.9094,0,NORMAL,30.331,-0.261,1,1,1,1,5,225.0,0,0,dijkstra,template,0.77455,0.9221,0.0457,0,0.0779,straight_center,straight,0.9294,0.4182,9.6804,0.3061,0,,,,,,0,,,,332827,231908,0
101,9.204542875289917,2026-03-13T03:10:18.387361,2.54,0.0,0.0,0.0,10.03,0.0,0.0,30.84,11.74,0.0,0.0,STRAIGHT,1.424,1.429,"CMD,0.0,1.43",4.0,0.0,4.0,0.0,1,0.9094,0,NORMAL,29.913,-0.271,1,1,1,1,5,225.0,0,0,dijkstra,template,0.77789,0.9225,0.0477,0,0.0775,straight_center,straight,0.9267,0.4545,9.863,0.3176,0,,,,,,0,,,,335588,232434,0
102,9.261655807495117,2026-03-13T03:10:18.444474,0.0,0.0,4.2,0.0,6.38,0.0,0.0,36.86,11.76,0.0,0.0,STRAIGHT,1.422,1.428,"CMD,0.0,1.43",4.0,0.0,4.0,0.0,1,0.9094,0,NORMAL,29.768,-0.268,1,1,1,1,5,225.0,0,0,dijkstra,template,0.77068,0.9201,0.0469,0,0.0799,straight_center,straight,0.9271,0.4182,9.6804,0.316,0,,,,,,0,,,,335588,231652,0
103,9.316715717315674,2026-03-13T03:10:18.499534,0.0,0.0,0.0,0.0,10.46,0.0,0.0,30.75,11.74,0.0,0.0,STRAIGHT,1.42,1.426,"CMD,0.0,1.43",4.0,0.0,4.0,0.0,1,0.9094,0,NORMAL,29.113,-0.285,1,1,1,1,5,225.0,0,0,dijkstra,template,0.76153,0.9175,0.0466,0,0.0825,straight_center,straight,0.9265,0.4,9.4977,0.3185,0,,,,,,0,,,,335588,228867,0
104,9.50050950050354,2026-03-13T03:10:18.683328,122.14,0.0,10.12,0.0,0.0,0.0,0.0,163.01,11.17,0.0,0.0,STRAIGHT,1.411,1.423,"CMD,0.0,1.42",4.0,0.0,4.0,0.0,1,0.8925,0,NORMAL,28.662,-0.282,1,1,1,1,5,225.0,0,0,dijkstra,template,0.79081,0.9084,0.0478,0,0.0916,straight_center,straight,0.9194,0.4,9.6804,0.3492,0,,,,,,0,,,,364507,237017,0
105,9.555135011672974,2026-03-13T03:10:18.737953,0.0,0.0,4.06,0.0,0.0,0.0,0.0,24.19,11.71,0.0,0.0,STRAIGHT,1.408,1.421,"CMD,0.0,1.42",4.0,0.0,4.0,0.0,1,0.8925,0,NORMAL,28.534,-0.313,1,1,1,1,5,225.0,0,0,dijkstra,template,0.79444,0.9058,0.0484,0,0.0942,straight_center,straight,0.9178,0.4,9.863,0.356,0,,,,,,0,,,,366280,237522,0
106,9.614405870437622,2026-03-13T03:10:18.797224,0.0,0.0,0.0,0.0,2.0,0.0,0.0,32.29,11.67,0.0,0.0,STRAIGHT,1.407,1.418,"CMD,0.0,1.42",4.0,0.0,4.0,0.0,1,0.8925,0,NORMAL,28.976,-0.263,1,1,1,1,5,225.0,0,0,dijkstra,template,0.78729,0.9051,0.0458,0,0.0949,straight_center,straight,0.92,0.3818,9.6804,0.3467,0,,,,,,0,,,,366280,236772,0
107,9.672785520553589,2026-03-13T03:10:18.855604,0.0,0.0,0.0,0.0,10.09,0.0,0.0,29.87,11.69,0.0,0.0,STRAIGHT,1.407,1.415,"CMD,0.0,1.42",4.0,0.0,4.0,0.0,1,0.8925,0,NORMAL,29.225,-0.305,1,1,1,1,5,225.0,0,0,dijkstra,template,0.78074,0.9041,0.0472,0,0.0959,straight_center,straight,0.9171,0.3818,9.4977,0.3592,0,,,,,,0,,,,366280,234651,0
108,9.846400260925293,2026-03-13T03:10:19.029218,111.86,0.0,10.5,0.0,0.0,0.0,0.0,153.29,11.13,0.0,0.0,STRAIGHT,1.227,1.391,"CMD,0.0,1.39",4.0,0.0,4.0,0.0,1,0.94,0,NORMAL,30.408,-0.212,1,1,1,1,5,225.0,0,0,dijkstra,template,0.78659,0.72,0.0467,0,0.28,straight_center,straight,0.9175,0.3455,9.6804,0.3576,0,,,,,,0,,,,371944,235527,0
109,9.900054216384888,2026-03-13T03:10:19.082872,0.0,0.0,0.0,0.0,2.75,0.0,0.0,33.15,11.71,0.0,0.0,STRAIGHT,1.227,1.366,"CMD,0.0,1.37",4.0,0.0,4.0,0.0,1,0.94,0,NORMAL,31.484,-0.193,1,1,1,1,5,225.0,0,0,dijkstra,template,0.78376,0.72,0.0482,0,0.28,straight_center,straight,0.9079,0.3636,9.6804,0.3989,0,,,,,,0,,,,371948,235449,0
110,9.958741903305054,2026-03-13T03:10:19.141560,1.74,0.0,2.0,0.0,8.38,0.0,0.0,30.69,11.7,0.0,0.0,STRAIGHT,1.227,1.342,"CMD,0.0,1.34",4.0,0.0,4.0,0.0,1,0.94,0,NORMAL,32.449,-0.181,1,1,1,1,5,225.0,0,0,dijkstra,template,0.78322,0.72,0.0483,0,0.28,straight_center,straight,0.9142,0.3636,9.6804,0.372,0,,,,,,0,,,,371948,235374,0
111,10.009993314743042,2026-03-13T03:10:19.192811,0.0,0.0,0.0,0.0,10.39,0.0,0.0,31.03,11.71,0.0,0.0,STRAIGHT,1.227,1.318,"CMD,0.0,1.32",4.0,0.0,4.0,0.0,1,0.94,0,NORMAL,33.465,-0.11,1,1,1,1,5,225.0,0,0,dijkstra,template,0.77698,0.72,0.0487,0,0.28,straight_center,straight,0.9107,0.3455,9.4977,0.3868,0,,,,,,0,,,,371948,233628,0
112,10.183074474334717,2026-03-13T03:10:19.365892,119.96,0.0,2.0,0.0,0.0,0.0,0.0,152.94,11.18,0.0,0.0,STRAIGHT,1.227,1.295,"CMD,0.0,1.29",4.0,0.0,4.0,0.0,1,0.9524,0,NORMAL,35.481,0.02,1,1,1,1,5,225.0,0,0,dijkstra,template,0.80638,0.72,0.0474,0,0.28,straight_center,straight,0.9279,0.3273,9.6804,0.3126,0,,,,,,0,,,,384848,241599,0
113,10.247647285461426,2026-03-13T03:10:19.430465,0.0,0.0,6.38,0.0,3.64,0.0,0.0,34.33,11.68,0.0,0.0,STRAIGHT,1.227,1.272,"CMD,0.0,1.27",4.0,0.0,4.0,0.0,1,0.9524,0,NORMAL,37.666,0.182,1,1,1,1,5,225.0,0,0,dijkstra,template,0.80426,0.72,0.0482,0,0.28,straight_center,straight,0.9151,0.3273,9.6804,0.368,0,,,,,,0,,,,385420,241503,0
114,10.3046236038208,2026-03-13T03:10:19.487442,0.0,0.0,5.59,0.0,0.0,0.0,0.0,30.51,11.69,0.0,0.0,STRAIGHT,1.227,1.249,"CMD,0.0,1.25",4.0,0.0,4.0,0.0,1,0.9524,0,NORMAL,39.696,0.274,1,1,1,1,5,225.0,0,0,dijkstra,template,0.80357,0.72,0.0482,0,0.28,straight_center,straight,0.9249,0.3273,9.6804,0.3255,0,,,,,,0,,,,385420,241437,0
115,10.366250991821289,2026-03-13T03:10:19.549069,1.74,0.0,0.0,0.0,10.08,0.0,0.0,28.85,11.59,0.0,0.0,STRAIGHT,1.227,1.227,"CMD,0.0,1.23",4.0,0.0,4.0,0.0,1,0.9524,0,NORMAL,40.601,0.289,1,1,1,1,5,225.0,0,0,dijkstra,template,0.79717,0.72,0.0487,0,0.28,straight_center,straight,0.918,0.3091,9.4977,0.3554,0,,,,,,0,,,,385420,239772,0
116,10.589196920394897,2026-03-13T03:10:19.772015,112.25,0.0,10.16,19.92,20.07,0.0,0.0,202.78,10.89,-1.336,0.0,STRAIGHT,0.592,1.148,"CMD,0.0,1.15",2.008,-0.0973,1.868,-0.171,1,0.9243,0,NORMAL,40.98,0.315,1,1,1,1,2,223.5,61,11,dijkstra,graph,0.83415,0.2879,0.0488,1,0.7121,straight_center,straight,0.9182,0.2727,9.6804,0.3544,0,,,,,,0,,,,415716,249944,5108
117,10.826305866241455,2026-03-13T03:10:20.009124,117.02,0.0,10.3,16.03,30.81,0.0,0.0,216.92,10.69,-1.032,-1.032,STRAIGHT,0.582,1.067,"CMD,-1.0,1.07",1.704,-0.0103,1.583,-0.013,1,0.978,0,NORMAL,42.068,0.283,1,1,1,1,1,542.1,52,11,dijkstra,fallback_skeleton,0.83428,0.28,0.0006,1,0.72,straight_center,straight,0.9252,0.2545,9.6804,0.3241,0,,,,,,0,,,,417601,250030,5044
118,11.055350065231323,2026-03-13T03:10:20.238168,120.45,0.0,8.05,18.02,27.32,0.0,0.0,207.02,10.02,-1.262,-1.262,STRAIGHT,0.583,0.987,"CMD,-1.3,0.99",1.748,-0.0418,1.644,-0.057,1,0.9823,0,NORMAL,43.325,0.285,1,1,1,1,1,540.7,65,11,dijkstra,fallback_skeleton,0.83213,0.2809,0.0006,1,0.7191,straight_center,straight,0.9187,0.2727,9.6804,0.3524,0,,,,,,0,,,,418270,249305,4789
119,11.293771982192993,2026-03-13T03:10:20.476590,128.33,0.0,4.3,20.37,30.62,0.0,0.0,214.25,9.42,-1.388,-1.262,STRAIGHT,0.583,0.906,"CMD,-1.3,0.91",1.767,-0.0397,1.671,-0.055,1,0.9847,0,NORMAL,44.687,0.321,1,1,1,1,1,553.3,76,12,dijkstra,fallback_skeleton,0.84267,0.2804,0.0006,1,0.7196,straight_center,straight,0.9149,0.2545,9.6804,0.3687,0,,,,,,0,,,,424342,252462,4933
120,11.539233684539795,2026-03-13T03:10:20.722052,125.94,0.0,10.22,20.28,30.31,0.0,0.0,214.77,8.86,-1.737,-1.388,STRAIGHT,0.584,0.826,"CMD,-1.4,0.83",1.854,-0.0591,1.78,-0.094,1,0.9821,0,NORMAL,46.314,0.294,1,1,1,1,1,605.2,111,12,dijkstra,fallback_skeleton,0.83969,0.2817,0.0007,1,0.7183,straight_center,straight,0.918,0.2545,9.6804,0.3555,0,,,,,,0,,,,426373,251548,4915
121,11.773457050323486,2026-03-13T03:10:20.956275,126.2,0.0,10.33,20.44,30.5,0.0,0.0,203.64,8.73,-1.649,-1.649,STRAIGHT,0.586,0.746,"CMD,-1.6,0.75",1.798,-0.0357,1.708,-0.052,1,0.981,0,NORMAL,46.509,0.303,1,1,1,1,1,541.3,52,12,dijkstra,fallback_skeleton,0.84535,0.2833,0.0007,1,0.7167,straight_center,straight,0.9216,0.2364,9.6804,0.3399,0,,,,,,0,,,,434033,253205,5058
122,11.999748468399048,2026-03-13T03:10:21.182566,116.86,0.0,10.13,10.43,30.72,0.0,0.0,195.33,8.31,-1.221,-1.649,STRAIGHT,0.587,0.666,"CMD,-1.6,0.67",1.781,-0.0088,1.687,-0.013,1,0.9755,0,NORMAL,47.657,0.281,1,1,1,1,1,539.6,59,11,dijkstra,fallback_skeleton,0.85502,0.2839,0.0007,1,0.7161,straight_center,straight,0.9095,0.2364,9.6804,0.3924,0,,,,,,0,,,,444608,256164,5035
123,12.234694242477417,2026-03-13T03:10:21.417512,122.54,0.0,10.4,20.02,30.61,0.0,0.0,204.05,7.89,-0.37,-1.221,STRAIGHT,0.589,0.586,"CMD,-1.2,0.59",1.765,0.0323,1.664,0.045,1,0.9699,0,NORMAL,49.44,0.259,1,1,1,1,1,671.4,47,11,dijkstra,fallback_skeleton,0.86099,0.2853,0.0198,1,0.7147,straight_center,straight,0.9026,0.2182,9.6804,0.422,0,,,,,,0,,,,457193,257897,4857
124,12.459619045257568,2026-03-13T03:10:21.642437,115.73,0.0,10.33,10.45,30.62,0.0,0.0,194.51,7.56,-0.458,-0.458,STRAIGHT,0.588,0.585,"CMD,-0.5,0.59",2.677,-0.0153,2.668,-0.055,1,0.8997,0,NORMAL,49.513,0.428,1,1,1,1,1,668.0,30,7,dijkstra,fallback_skeleton,0.79492,0.2846,0.0393,1,0.7154,straight_center,straight,0.8673,0.1818,8.7671,0.5752,0,,,,,,0,,,,417354,238288,3820
125,12.551567077636719,2026-03-13T03:10:21.734385,2.0,0.0,1.5,26.52,14.44,0.0,0.0,61.42,7.74,-0.732,-0.458,STRAIGHT,0.549,0.581,"CMD,-0.5,0.58",2.752,-0.031,2.739,-0.117,1,0.8997,0,NORMAL,48.869,0.399,1,1,1,1,1,210.6,70,9,dijkstra,fallback_centerline,0.77537,0.2543,0.0393,1,0.7457,straight_center,straight,0.8604,0.1818,8.7671,0.6048,0,,,,,,0,,,,417354,233082,3820
126,12.745997428894043,2026-03-13T03:10:21.928815,133.12,0.0,10.19,0.0,4.02,0.0,0.0,163.84,7.46,-0.881,-0.732,STRAIGHT,0.584,0.581,"CMD,-0.7,0.58",2.874,-0.0286,2.863,-0.117,1,0.8589,0,NORMAL,48.271,0.402,1,1,1,1,6,210.1,0,0,dijkstra,fallback_hold,0.88153,0.2814,0.0427,1,0.7186,straight_center,straight,0.8516,0.1818,9.6804,0.4439,0,,,,,,0,,,,485826,264039,0
127,12.868204355239868,2026-03-13T03:10:22.051022,0.0,0.0,5.95,40.77,30.21,0.0,0.0,101.79,7.32,-0.981,-0.881,STRAIGHT,0.545,0.577,"CMD,-0.9,0.58",2.874,-0.0286,2.863,-0.117,1,0.8589,0,NORMAL,48.465,0.394,1,1,1,1,2,198.7,214,14,dijkstra,graph,0.83043,0.2511,0.0435,1,0.7489,straight_center,straight,0.9035,0.2727,9.863,0.4183,0,,,,,,0,,,,485866,248781,0
128,13.051894664764404,2026-03-13T03:10:22.234713,122.1,0.0,10.5,0.0,10.45,0.0,0.0,155.28,7.1,-1.912,-0.981,STRAIGHT,0.39,0.552,"CMD,-1.0,0.55",2.386,-0.0916,2.345,-0.255,1,0.976,0,NORMAL,48.725,0.388,1,1,1,1,6,149.6,0,0,dijkstra,fallback_hold,0.88339,0.1298,0.0195,1,0.8702,straight_center,straight,0.7589,0.1636,9.6804,0.4035,0,,,,,,0,,,,495823,264514,0
129,13.15337586402893,2026-03-13T03:10:22.336194,0.0,0.0,4.21,30.51,20.16,0.0,0.0,70.81,7.24,-2.532,-1.912,STRAIGHT,0.559,0.549,"CMD,-1.9,0.55",2.386,-0.0916,2.345,-0.255,1,0.976,0,NORMAL,49.388,0.401,1,1,1,1,1,211.8,93,7,dijkstra,fallback_centerline,0.73196,0.2619,-0.0078,1,0.7381,straight_center,straight,0.9211,0.6727,9.863,0.3421,0,,,,,,0,,,,495827,220323,0
130,13.325398683547974,2026-03-13T03:10:22.508217,116.5,0.0,10.43,0.0,0.0,0.0,0.0,151.85,7.04,-2.946,-2.532,STRAIGHT,0.404,0.526,"CMD,-2.5,0.53",2.386,-0.0916,2.345,-0.255,1,0.9416,0,NORMAL,49.61,0.372,1,1,1,1,6,210.2,0,0,dijkstra,fallback_hold,0.87587,0.1407,-0.0097,1,0.8593,straight_center,straight,0.7575,0.1636,9.6804,0.4096,0,,,,,,0,,,,483801,262159,0
131,13.457462787628174,2026-03-13T03:10:22.640281,0.0,0.0,0.0,40.77,30.39,0.0,0.0,101.57,6.91,-7.441,-2.946,STRAIGHT,0.519,0.517,"CMD,-2.9,0.52",2.532,-0.4096,2.062,-1.134,1,0.9416,0,NORMAL,49.616,0.352,1,1,1,1,2,190.8,278,17,dijkstra,graph,0.85273,0.2306,-0.0072,1,0.7694,straight_center,straight,0.907,0.2545,9.863,0.4029,0,,,,,,0,,,,483801,255575,0
132,13.640408992767334,2026-03-13T03:10:22.823227,117.63,0.0,10.04,0.0,0.0,0.0,0.0,153.14,6.71,-5.575,-5.575,STRAIGHT,0.389,0.493,"CMD,-5.6,0.49",4.0,-0.0447,2.922,-0.192,1,0.9564,0,NORMAL,51.063,0.356,1,1,1,1,6,153.2,0,0,dijkstra,fallback_hold,0.88686,0.1288,0.0195,1,0.8712,straight_center,straight,0.7528,0.1636,9.6804,0.4303,0,,,,,,0,,,,505524,265479,0
133,13.702028751373291,2026-03-13T03:10:22.884847,2.0,0.0,0.0,0.0,8.4,0.0,0.0,31.05,6.9,-4.276,-5.575,STRAIGHT,0.48,0.484,"CMD,-5.6,0.48",4.0,-0.0407,2.922,-0.175,1,0.9564,0,NORMAL,51.385,0.372,1,1,1,1,6,151.6,0,0,dijkstra,fallback_hold,0.88488,0.1998,-0.0097,1,0.8002,straight_center,straight,0.879,0.1818,9.863,0.3255,0,,,,,,0,,,,505561,264383,0
134,13.757731676101685,2026-03-13T03:10:22.940550,0.0,0.0,6.03,0.0,3.99,0.0,0.0,35.16,6.9,-3.357,-4.276,STRAIGHT,0.537,0.478,"CMD,-4.3,0.48",4.0,-0.0368,2.922,-0.158,1,0.9564,0,NORMAL,52.622,0.34,1,1,1,1,6,150.4,0,0,dijkstra,fallback_hold,0.87824,0.2448,-0.0072,1,0.7552,straight_center,straight,0.8562,0.2,9.863,0.4242,0,,,,,,0,,,,505561,263093,0
135,13.815442562103271,2026-03-13T03:10:22.998260,0.0,0.0,0.0,0.0,0.0,0.0,0.0,30.8,6.9,-2.653,-3.357,STRAIGHT,0.552,0.479,"CMD,-3.4,0.48",4.0,-0.0302,2.922,-0.129,1,0.9564,0,NORMAL,53.137,0.381,1,1,1,1,6,149.4,0,0,dijkstra,fallback_hold,0.87128,0.2567,-0.0017,1,0.7433,straight_center,straight,0.8535,0.2,9.6804,0.4359,0,,,,,,0,,,,505561,261342,0
136,13.99791693687439,2026-03-13T03:10:23.180735,123.77,0.0,8.14,0.0,5.08,0.0,0.0,152.17,6.7,-2.14,-2.653,STRAIGHT,0.413,0.482,"CMD,-2.7,0.48",4.0,-0.027,2.922,-0.115,1,0.9972,0,NORMAL,53.67,0.395,1,1,1,1,6,148.7,0,0,dijkstra,fallback_hold,0.88506,0.1478,0.003,1,0.8522,straight_center,straight,0.7629,0.1636,9.6804,0.3862,0,,,,,,0,,,,505011,264892,0
137,14.048765659332275,2026-03-13T03:10:23.231583,0.0,0.0,7.05,0.0,0.0,0.0,0.0,30.46,6.9,-1.757,-2.14,STRAIGHT,0.424,0.465,"CMD,-2.1,0.46",4.0,-0.024,2.922,-0.103,1,0.9972,0,NORMAL,54.217,0.429,1,1,1,1,6,148.1,0,0,dijkstra,fallback_hold,0.88545,0.1562,0.0073,1,0.8438,straight_center,straight,0.8116,0.1636,9.863,0.1753,0,,,,,,0,,,,505011,264113,0
138,14.10995364189148,2026-03-13T03:10:23.292772,2.3,0.0,0.0,0.0,2.0,0.0,0.0,30.69,6.89,-1.464,-1.757,STRAIGHT,0.543,0.482,"CMD,-1.8,0.48",4.0,-0.0213,2.922,-0.091,1,0.9972,0,NORMAL,54.412,0.454,1,1,1,1,6,147.7,0,0,dijkstra,fallback_hold,0.87866,0.2494,0.011,1,0.7506,straight_center,straight,0.8517,0.2,9.863,0.4437,0,,,,,,0,,,,505011,263052,0
139,14.171276330947876,2026-03-13T03:10:23.354094,0.0,0.0,0.0,0.0,8.45,0.0,0.0,30.8,6.88,-1.236,-1.464,STRAIGHT,0.535,0.484,"CMD,-1.5,0.48",4.0,-0.0189,2.922,-0.081,1,0.9972,0,NORMAL,55.408,0.435,1,1,1,1,6,147.3,0,0,dijkstra,fallback_hold,0.87231,0.243,0.0143,1,0.757,straight_center,straight,0.7632,0.1818,9.6804,0.3851,0,,,,,,0,,,,505011,261415,0
140,14.354393243789673,2026-03-13T03:10:23.537211,121.99,0.0,10.3,0.0,0.0,0.0,0.0,163.04,6.68,-1.054,-1.236,STRAIGHT,0.419,0.488,"CMD,-1.2,0.49",4.0,-0.0167,2.922,-0.071,1,0.9926,0,NORMAL,55.122,0.465,1,1,1,1,6,147.0,0,0,dijkstra,fallback_hold,0.88411,0.1523,0.0172,1,0.8477,straight_center,straight,0.7724,0.1636,9.6804,0.3452,0,,,,,,0,,,,505565,264660,0
141,14.407470464706421,2026-03-13T03:10:23.590288,0.0,0.0,0.0,0.0,1.79,0.0,0.0,32.56,6.86,-0.906,-1.054,STRAIGHT,0.404,0.478,"CMD,-1.1,0.48",4.0,-0.0148,2.922,-0.063,1,0.9926,0,NORMAL,54.929,0.461,1,1,1,1,6,146.8,0,0,dijkstra,fallback_hold,0.88316,0.1402,0.0197,1,0.8598,straight_center,straight,0.6894,0.1455,1.2785,0.0954,0,,,,,,0,,,,505565,264304,0
142,14.456699132919312,2026-03-13T03:10:23.639517,0.0,0.0,4.38,0.0,0.0,0.0,0.0,20.43,6.89,-0.783,-0.906,STRAIGHT,0.522,0.477,"CMD,-0.9,0.48",4.0,-0.013,2.922,-0.056,1,0.9926,0,NORMAL,55.872,0.47,1,1,1,1,6,146.7,0,0,dijkstra,fallback_hold,0.88283,0.2326,0.022,1,0.7674,straight_center,straight,0.8,0.1818,9.863,0.2255,0,,,,,,0,,,,505565,263936,0
143,14.523719787597656,2026-03-13T03:10:23.706538,2.0,0.0,4.01,0.0,5.73,0.0,0.0,36.3,6.87,-0.68,-0.783,STRAIGHT,0.549,0.476,"CMD,-0.8,0.48",4.0,-0.0115,2.922,-0.049,1,0.9926,0,NORMAL,56.263,0.496,1,1,1,1,6,146.5,0,0,dijkstra,fallback_hold,0.87789,0.2544,0.0239,1,0.7456,straight_center,straight,0.7677,0.1818,9.6804,0.3655,0,,,,,,0,,,,505565,262895,0
144,14.700408697128296,2026-03-13T03:10:23.883227,119.82,2.0,10.01,0.0,0.0,0.0,0.0,152.03,6.69,-0.593,-0.68,STRAIGHT,0.422,0.477,"CMD,-0.7,0.48",4.0,-0.0101,2.922,-0.043,1,0.9929,0,NORMAL,56.758,0.465,1,1,1,1,6,146.5,0,0,dijkstra,fallback_hold,0.88849,0.1548,0.0256,1,0.8452,straight_center,straight,0.7767,0.1636,9.6804,0.3264,0,,,,,,0,,,,505177,265937,0
145,14.761440753936768,2026-03-13T03:10:23.944259,0.0,0.0,0.0,0.0,8.19,0.0,0.0,28.35,6.95,-0.518,-0.593,STRAIGHT,0.406,0.475,"CMD,-0.6,0.48",4.0,-0.0089,2.922,-0.038,1,0.9929,0,NORMAL,56.375,0.487,1,1,1,1,6,146.4,0,0,dijkstra,fallback_hold,0.88645,0.1423,0.0272,1,0.8577,straight_center,straight,0.6924,0.1455,1.2785,0.0824,0,,,,,,0,,,,505201,265754,0
146,14.822734594345093,2026-03-13T03:10:24.005552,3.01,0.0,0.0,0.0,0.0,0.0,0.0,30.95,7.26,-0.454,-0.518,STRAIGHT,0.424,0.46,"CMD,-0.5,0.46",4.0,-0.0079,2.922,-0.034,1,0.9929,0,NORMAL,56.559,0.398,1,1,1,1,6,146.3,0,0,dijkstra,fallback_hold,0.88814,0.1563,0.029,1,0.8437,straight_center,straight,0.7824,0.1818,9.863,0.3019,0,,,,,,0,,,,505201,265520,0
147,14.873475313186646,2026-03-13T03:10:24.056293,2.0,0.0,0.0,0.0,0.0,0.0,0.0,30.64,7.6,-0.398,-0.454,STRAIGHT,0.556,0.463,"CMD,-0.5,0.46",4.0,-0.0069,2.922,-0.03,1,0.9929,0,NORMAL,56.336,0.354,1,1,1,1,6,146.3,0,0,dijkstra,fallback_hold,0.88663,0.26,0.0313,1,0.74,straight_center,straight,0.7819,0.1636,9.6804,0.304,0,,,,,,0,,,,505201,265084,0
148,15.047081708908081,2026-03-13T03:10:24.229900,111.9,0.0,10.18,0.0,0.0,0.0,0.0,143.06,7.73,-0.349,-0.398,STRAIGHT,0.425,0.464,"CMD,-0.4,0.46",4.0,-0.0061,2.922,-0.026,1,0.992,0,NORMAL,56.3,0.465,1,1,1,1,6,146.2,0,0,dijkstra,fallback_hold,0.89597,0.1569,0.0334,1,0.8431,straight_center,straight,0.7836,0.1636,9.6804,0.2967,0,,,,,,0,,,,509245,268110,0
149,15.107806921005249,2026-03-13T03:10:24.290625,0.0,0.0,0.0,0.0,0.0,0.0,0.0,30.21,8.13,-0.307,-0.349,STRAIGHT,0.407,0.464,"CMD,-0.3,0.46",4.0,-0.0054,2.922,-0.023,1,0.992,0,NORMAL,57.938,0.44,1,1,1,1,6,146.2,0,0,dijkstra,fallback_hold,0.89384,0.1429,0.0352,1,0.8571,straight_center,straight,0.69,0.1455,1.2785,0.0925,0,,,,,,0,,,,509451,267992,0
150,15.178697109222412,2026-03-13T03:10:24.361515,3.75,0.0,0.0,0.0,10.18,0.0,0.0,40.65,8.52,-0.27,-0.307,STRAIGHT,0.425,0.452,"CMD,-0.3,0.45",4.0,-0.0047,2.922,-0.02,1,0.992,0,NORMAL,57.582,0.472,1,1,1,1,6,146.2,0,0,dijkstra,fallback_hold,0.89531,0.1567,0.0369,1,0.8433,straight_center,straight,0.7788,0.1818,9.863,0.3173,0,,,,,,0,,,,509451,267802,0
151,15.229103326797485,2026-03-13T03:10:24.411921,0.0,0.0,0.0,0.0,0.0,0.0,0.0,30.16,8.98,-0.237,-0.27,STRAIGHT,0.551,0.452,"CMD,-0.3,0.45",4.0,-0.0042,2.922,-0.018,1,0.992,0,NORMAL,55.614,0.549,1,1,1,1,6,146.2,0,0,dijkstra,fallback_hold,0.89541,0.256,0.0383,1,0.744,straight_center,straight,0.7817,0.1636,9.6804,0.3049,0,,,,,,0,,,,509451,267662,0
152,15.41335415840149,2026-03-13T03:10:24.596172,123.08,0.0,10.03,0.0,10.47,0.0,0.0,153.82,9.12,-0.209,-0.237,STRAIGHT,0.427,0.453,"CMD,-0.2,0.45",4.0,-0.0037,2.922,-0.016,1,0.9949,0,NORMAL,51.762,0.516,1,1,1,1,6,146.2,0,0,dijkstra,fallback_hold,0.89469,0.1584,0.0395,1,0.8416,straight_center,straight,0.7893,0.1636,9.6804,0.2717,0,,,,,,0,,,,509107,267784,0
153,15.474944353103638,2026-03-13T03:10:24.657762,0.0,0.0,0.0,0.0,0.0,0.0,0.0,30.57,9.62,-0.184,-0.209,STRAIGHT,0.409,0.453,"CMD,-0.2,0.45",4.0,-0.0032,2.922,-0.014,1,0.9949,0,NORMAL,49.495,0.576,1,1,1,1,6,146.2,0,0,dijkstra,fallback_hold,0.89535,0.1441,0.0406,1,0.8559,straight_center,straight,0.6945,0.1455,1.2785,0.0731,0,,,,,,0,,,,509440,267702,0
154,15.530482053756714,2026-03-13T03:10:24.713300,2.0,0.0,3.51,0.0,4.66,0.0,0.0,35.19,9.74,-0.161,-0.184,STRAIGHT,0.408,0.451,"CMD,-0.2,0.45",4.0,-0.0028,2.922,-0.012,1,0.9949,0,NORMAL,48.939,0.585,1,1,1,1,6,146.1,0,0,dijkstra,fallback_hold,0.89262,0.1434,0.0416,1,0.8566,straight_center,straight,0.6893,0.1636,1.4612,0.2405,0,,,,,,0,,,,509440,267614,0
155,15.586743354797363,2026-03-13T03:10:24.769561,0.0,0.0,0.0,0.0,8.06,0.0,0.0,28.73,10.21,-0.142,-0.161,STRAIGHT,0.534,0.448,"CMD,-0.2,0.45",4.0,-0.0025,2.922,-0.011,1,0.9949,0,NORMAL,48.571,0.588,1,1,1,1,6,146.1,0,0,dijkstra,fallback_hold,0.89457,0.2422,0.0424,1,0.7578,straight_center,straight,0.8005,0.1818,9.863,0.2234,0,,,,,,0,,,,509440,267520,0
156,15.770572900772095,2026-03-13T03:10:24.953391,122.16,0.0,10.2,0.0,6.83,0.0,0.0,153.1,9.99,-0.125,-0.142,STRAIGHT,0.428,0.449,"CMD,-0.1,0.45",4.0,-0.0022,2.922,-0.009,1,0.9879,0,NORMAL,48.259,0.557,1,1,1,1,6,146.1,0,0,dijkstra,fallback_hold,0.88004,0.1589,0.0432,1,0.8411,straight_center,straight,0.7897,0.2,9.6804,0.2701,0,,,,,,0,,,,506127,263295,0
157,15.82192063331604,2026-03-13T03:10:25.004739,0.0,0.0,5.14,0.0,0.0,0.0,0.0,20.73,10.47,-0.11,-0.125,STRAIGHT,0.411,0.449,"CMD,-0.1,0.45",4.0,-0.0019,2.922,-0.008,1,0.9879,0,NORMAL,47.597,0.538,1,1,1,1,6,146.1,0,0,dijkstra,fallback_hold,0.88167,0.1457,0.0438,1,0.8543,straight_center,straight,0.7024,0.1818,1.6438,0.2062,0,,,,,,0,,,,506381,263365,0
158,15.883094072341919,2026-03-13T03:10:25.065912,0.0,0.0,0.0,0.0,10.39,0.0,0.0,30.73,10.62,-0.097,-0.11,STRAIGHT,0.41,0.447,"CMD,-0.1,0.45",4.0,-0.0017,2.922,-0.007,1,0.9879,0,NORMAL,47.482,0.422,1,1,1,1,6,146.1,0,0,dijkstra,fallback_hold,0.87791,0.1449,0.0444,1,0.8551,straight_center,straight,0.6967,0.2,1.8265,0.2311,0,,,,,,0,,,,506381,263273,0
159,15.938302755355835,2026-03-13T03:10:25.121121,0.0,0.0,5.1,0.0,4.54,0.0,0.0,35.08,11.1,-0.085,-0.097,STRAIGHT,0.431,0.432,"CMD,-0.1,0.43",4.0,-0.0015,2.922,-0.006,1,0.9879,0,NORMAL,47.199,0.368,1,1,1,1,6,146.1,0,0,dijkstra,fallback_hold,0.88039,0.1612,0.0449,1,0.8388,straight_center,straight,0.803,0.2182,9.863,0.2124,0,,,,,,0,,,,506381,263260,0
160,16.116155862808228,2026-03-13T03:10:25.298974,131.78,0.0,10.07,0.0,0.0,0.0,0.0,152.14,10.91,-0.075,-0.085,STRAIGHT,0.43,0.432,"CMD,-0.1,0.43",4.0,-0.0013,2.922,-0.006,1,0.9789,0,NORMAL,47.149,0.362,1,1,1,1,6,146.1,0,0,dijkstra,fallback_hold,0.85496,0.1607,0.0454,1,0.8393,straight_center,straight,0.7999,0.2364,9.6804,0.226,0,,,,,,0,,,,497150,255872,0
161,16.177993297576904,2026-03-13T03:10:25.360811,0.0,0.0,2.5,0.0,7.53,0.0,0.0,30.73,11.43,-0.066,-0.075,STRAIGHT,0.41,0.433,"CMD,-0.1,0.43",4.0,-0.0012,2.922,-0.005,1,0.9789,0,NORMAL,47.946,0.391,1,1,1,1,6,146.1,0,0,dijkstra,fallback_hold,0.857,0.1452,0.0458,1,0.8548,straight_center,straight,0.6982,0.2364,2.1918,0.2246,0,,,,,,0,,,,497391,255891,0
162,16.22914719581604,2026-03-13T03:10:25.411965,3.35,0.0,0.0,0.0,0.0,0.0,0.0,20.4,11.48,-0.058,-0.066,STRAIGHT,0.411,0.433,"CMD,-0.1,0.43",4.0,-0.001,2.922,-0.004,1,0.9789,0,NORMAL,49.255,0.384,1,1,1,1,6,146.1,0,0,dijkstra,fallback_hold,0.85233,0.1458,0.0461,1,0.8542,straight_center,straight,0.7013,0.2364,2.1918,0.2108,0,,,,,,0,,,,497391,255998,0
163,16.290555238723755,2026-03-13T03:10:25.473373,2.0,0.0,5.49,0.0,0.0,0.0,0.0,30.38,11.45,-0.051,-0.058,STRAIGHT,0.415,0.418,"CMD,-0.1,0.42",4.0,-0.0009,2.922,-0.004,1,0.9789,0,NORMAL,50.201,0.379,1,1,1,1,6,146.1,0,0,dijkstra,fallback_hold,0.8526,0.1491,0.0464,1,0.8509,straight_center,straight,0.7228,0.2364,2.1918,0.1179,0,,,,,,0,,,,497391,255999,0
164,16.49414896965027,2026-03-13T03:10:25.676967,134.05,8.01,10.16,0.0,2.0,0.0,0.0,173.0,10.83,-0.045,-0.051,STRAIGHT,0.431,0.418,"CMD,-0.1,0.42",4.0,-0.0008,2.922,-0.003,1,0.9775,0,NORMAL,50.28,0.347,1,1,1,1,6,146.1,0,0,dijkstra,fallback_hold,0.82651,0.1612,0.0467,1,0.8388,straight_center,straight,0.8026,0.2909,9.6804,0.2142,0,,,,,,0,,,,486901,247281,0
165,16.55644464492798,2026-03-13T03:10:25.739262,0.0,0.0,0.0,0.0,2.0,0.0,0.0,41.83,11.33,-0.04,-0.045,STRAIGHT,0.416,0.419,"CMD,-0.0,0.42",4.0,-0.0007,2.922,-0.003,1,0.9775,0,NORMAL,50.024,0.327,1,1,1,1,6,146.1,0,0,dijkstra,fallback_hold,0.8286,0.1501,0.0469,1,0.8499,straight_center,straight,0.7294,0.2727,2.5571,0.0892,0,,,,,,0,,,,487526,247256,0
166,16.61789107322693,2026-03-13T03:10:25.800709,3.74,0.0,0.0,0.0,2.0,0.0,0.0,32.86,11.29,-0.035,-0.04,STRAIGHT,0.417,0.42,"CMD,-0.0,0.42",4.0,-0.0006,2.922,-0.003,1,0.9775,0,NORMAL,50.124,0.32,1,1,1,1,6,146.1,0,0,dijkstra,fallback_hold,0.8239,0.1503,0.0471,1,0.8497,straight_center,straight,0.7302,0.2727,2.5571,0.0859,0,,,,,,0,,,,487526,247448,0
167,16.676984786987305,2026-03-13T03:10:25.859803,0.0,0.0,0.0,0.0,0.0,0.0,0.0,30.77,11.3,-0.031,-0.035,STRAIGHT,0.415,0.418,"CMD,-0.0,0.42",4.0,-0.0005,2.922,-0.002,1,0.9775,0,NORMAL,50.032,0.293,1,1,1,1,6,146.1,0,0,dijkstra,fallback_hold,0.8245,0.149,0.0473,1,0.851,straight_center,straight,0.7217,0.2909,2.7397,0.1226,0,,,,,,0,,,,487526,247377,0
168,16.871469497680664,2026-03-13T03:10:26.054288,132.85,0.0,10.31,0.0,0.0,0.0,0.0,163.93,10.74,-0.027,-0.031,STRAIGHT,0.432,0.418,"CMD,-0.0,0.42",4.0,-0.0005,2.922,-0.002,1,0.9726,0,NORMAL,50.007,0.292,1,1,1,1,6,146.1,0,0,dijkstra,fallback_hold,0.80052,0.1622,0.0475,1,0.8378,straight_center,straight,0.8086,0.3455,9.6804,0.1881,0,,,,,,0,,,,474805,239479,0
169,16.93289303779602,2026-03-13T03:10:26.115711,0.0,0.0,0.0,0.0,10.33,0.0,0.0,31.1,11.25,-0.024,-0.027,STRAIGHT,0.417,0.419,"CMD,-0.0,0.42",4.0,-0.0004,2.922,-0.002,1,0.9726,0,NORMAL,50.153,0.354,1,1,1,1,6,146.1,0,0,dijkstra,fallback_hold,0.80254,0.1507,0.0476,1,0.8493,straight_center,straight,0.7327,0.3273,3.105,0.075,0,,,,,,0,,,,477281,239449,0
170,16.993558645248413,2026-03-13T03:10:26.176377,1.74,0.0,0.0,0.0,10.19,0.0,0.0,40.23,11.21,-0.021,-0.024,STRAIGHT,0.413,0.419,"CMD,-0.0,0.42",4.0,-0.0004,2.922,-0.002,1,0.9726,0,NORMAL,50.009,0.31,1,1,1,1,6,146.1,0,0,dijkstra,fallback_hold,0.7974,0.1475,0.0477,1,0.8525,straight_center,straight,0.7116,0.3455,3.2877,0.1663,0,,,,,,0,,,,477281,239541,0
171,17.054652214050293,2026-03-13T03:10:26.237470,0.0,0.0,0.0,0.0,10.12,0.0,0.0,28.7,11.16,-0.018,-0.021,STRAIGHT,0.413,0.419,"CMD,-0.0,0.42",4.0,-0.0003,2.922,-0.001,1,0.9726,0,NORMAL,50.023,0.249,1,1,1,1,6,146.1,0,0,dijkstra,fallback_hold,0.79812,0.1478,0.0478,1,0.8522,straight_center,straight,0.7132,0.3455,3.2877,0.1595,0,,,,,,0,,,,477281,239563,0
172,17.23625612258911,2026-03-13T03:10:26.419074,120.42,0.0,15.8,0.0,4.81,0.0,0.0,161.51,10.69,-0.016,-0.018,STRAIGHT,0.432,0.419,"CMD,-0.0,0.42",4.0,-0.0003,2.922,-0.001,1,0.9582,0,NORMAL,50.107,0.218,1,1,1,1,6,146.1,0,0,dijkstra,fallback_hold,0.7632,0.1627,0.0479,1,0.8373,straight_center,straight,0.8111,0.4182,9.6804,0.1774,0,,,,,,0,,,,455794,228181,0
173,17.28711462020874,2026-03-13T03:10:26.469933,0.0,0.0,4.55,0.0,0.0,0.0,0.0,30.71,11.21,-0.014,-0.016,STRAIGHT,0.417,0.42,"CMD,-0.0,0.42",4.0,-0.0003,2.922,-0.001,1,0.9582,0,NORMAL,50.229,0.173,1,1,1,1,6,146.1,0,0,dijkstra,fallback_hold,0.76523,0.1507,0.048,1,0.8493,straight_center,straight,0.7322,0.4,3.8356,0.0771,0,,,,,,0,,,,458266,228151,0
174,17.348122119903564,2026-03-13T03:10:26.530940,2.0,0.0,0.0,0.0,10.01,0.0,0.0,30.4,11.21,-0.013,-0.014,STRAIGHT,0.417,0.42,"CMD,-0.0,0.42",4.0,-0.0002,2.922,-0.001,1,0.9582,0,NORMAL,50.335,0.174,1,1,1,1,6,146.1,0,0,dijkstra,fallback_hold,0.76,0.1507,0.0481,1,0.8493,straight_center,straight,0.7326,0.4,3.8356,0.0753,0,,,,,,0,,,,458266,228121,0
175,17.400991916656494,2026-03-13T03:10:26.583810,2.0,0.0,0.0,0.0,2.0,0.0,0.0,32.59,11.25,-0.011,-0.013,STRAIGHT,0.412,0.419,"CMD,-0.0,0.42",4.0,-0.0002,2.922,-0.001,1,0.9582,0,NORMAL,50.575,0.116,1,1,1,1,6,146.1,0,0,dijkstra,fallback_hold,0.76095,0.1469,0.0482,1,0.8531,straight_center,straight,0.7076,0.4182,4.0183,0.1837,0,,,,,,0,,,,458266,228252,0
176,17.581961393356323,2026-03-13T03:10:26.764779,121.69,0.0,10.23,0.0,0.0,0.0,0.0,162.61,10.71,-0.01,-0.011,STRAIGHT,0.433,0.419,"CMD,-0.0,0.42",4.0,-0.0002,2.922,-0.001,1,0.9605,0,NORMAL,50.846,0.069,1,1,1,1,6,146.1,0,0,dijkstra,fallback_hold,0.73097,0.1633,0.0482,1,0.8367,straight_center,straight,0.8151,0.4727,9.6804,0.1602,0,,,,,,0,,,,438832,218560,0
177,17.64288568496704,2026-03-13T03:10:26.825704,0.0,0.0,0.0,0.0,10.05,0.0,0.0,30.52,11.17,-0.009,-0.01,STRAIGHT,0.413,0.419,"CMD,-0.0,0.42",4.0,-0.0002,2.922,-0.001,1,0.9605,0,NORMAL,51.318,0.01,1,1,1,1,6,146.1,0,0,dijkstra,fallback_hold,0.73306,0.1477,0.0483,1,0.8523,straight_center,straight,0.7124,0.4727,4.5662,0.1631,0,,,,,,0,,,,439795,218530,0
178,17.69408369064331,2026-03-13T03:10:26.876902,3.76,0.0,1.0,0.0,0.0,0.0,0.0,30.51,11.21,-0.008,-0.009,STRAIGHT,0.417,0.42,"CMD,-0.0,0.42",4.0,-0.0001,2.922,-0.001,1,0.9605,0,NORMAL,51.574,-0.003,1,1,1,1,6,146.1,0,0,dijkstra,fallback_hold,0.72822,0.1508,0.0483,1,0.8492,straight_center,straight,0.7332,0.4727,4.5662,0.0728,0,,,,,,0,,,,439795,218500,0
179,17.756103038787842,2026-03-13T03:10:26.938921,0.0,0.0,0.0,0.0,10.41,0.0,0.0,31.18,11.25,-0.007,-0.008,STRAIGHT,0.417,0.42,"CMD,-0.0,0.42",4.0,-0.0001,2.922,-0.0,1,0.9605,0,NORMAL,51.74,0.015,1,1,1,1,6,146.1,0,0,dijkstra,fallback_hold,0.72895,0.1509,0.0484,1,0.8491,straight_center,straight,0.7335,0.4727,4.5662,0.0714,0,,,,,,0,,,,439795,218641,0
180,17.95068883895874,2026-03-13T03:10:27.133507,131.94,0.0,10.05,0.0,12.34,0.0,0.0,174.48,10.66,-0.006,-0.007,STRAIGHT,0.434,0.42,"CMD,-0.0,0.42",4.0,-0.0001,2.922,-0.0,1,0.9542,0,NORMAL,52.045,0.01,1,1,1,1,6,146.1,0,0,dijkstra,fallback_hold,0.70335,0.1636,0.0484,1,0.8364,straight_center,straight,0.8167,0.5455,9.6804,0.1531,0,,,,,,0,,,,419904,210312,0
181,18.01024627685547,2026-03-13T03:10:27.193064,2.0,0.0,0.0,0.0,0.0,0.0,0.0,30.7,11.17,-0.005,-0.006,STRAIGHT,0.417,0.42,"CMD,-0.0,0.42",4.0,-0.0001,2.922,-0.0,1,0.9542,0,NORMAL,52.843,-0.062,1,1,1,1,6,146.1,0,0,dijkstra,fallback_hold,0.70535,0.1508,0.0484,1,0.8492,straight_center,straight,0.7331,0.5273,5.1142,0.0731,0,,,,,,0,,,,420283,210282,0
182,18.066102266311646,2026-03-13T03:10:27.248920,0.0,0.0,3.82,0.0,4.71,0.0,0.0,35.49,11.19,-0.005,-0.005,STRAIGHT,0.418,0.42,"CMD,-0.0,0.42",4.0,-0.0001,2.922,-0.0,1,0.9542,0,NORMAL,53.169,-0.121,1,1,1,1,6,146.1,0,0,dijkstra,fallback_hold,0.7,0.151,0.0484,1,0.849,straight_center,straight,0.7341,0.5273,5.1142,0.0689,0,,,,,,0,,,,420283,210252,0
183,18.122775077819824,2026-03-13T03:10:27.305593,2.94,0.0,0.0,0.0,10.31,0.0,0.0,30.85,11.19,-0.004,-0.005,STRAIGHT,0.418,0.421,"CMD,-0.0,0.42",4.0,-0.0001,2.922,-0.0,1,0.9542,0,NORMAL,53.095,-0.052,1,1,1,1,6,146.1,0,0,dijkstra,fallback_hold,0.7005,0.1511,0.0485,1,0.8489,straight_center,straight,0.7345,0.5273,5.1142,0.067,0,,,,,,0,,,,420283,210352,0
184,18.345240116119385,2026-03-13T03:10:27.528058,121.84,0.0,10.09,20.05,20.02,0.0,0.0,202.34,10.51,0.108,-0.004,STRAIGHT,0.586,0.44,"CMD,-0.0,0.44",4.0,0.008,2.329,0.022,1,0.9589,0,NORMAL,53.155,-0.034,1,1,1,1,2,116.5,43,10,dijkstra,graph,0.68196,0.2828,0.0611,1,0.7172,straight_center,straight,0.81,0.6,9.6804,0.1824,0,,,,,,0,,,,403909,203831,4281
185,18.456230401992798,2026-03-13T03:10:27.639048,0.0,0.0,7.18,32.17,28.29,0.0,0.0,90.75,10.8,-0.665,-0.004,STRAIGHT,0.558,0.458,"CMD,-0.0,0.46",2.119,-0.0536,2.094,-0.118,1,0.9589,0,NORMAL,54.056,-0.09,1,1,1,1,2,117.2,174,15,dijkstra,graph,0.67938,0.2613,0.0188,1,0.7387,straight_center,straight,0.9257,0.6182,9.863,0.123,0,,,,,,0,,,,404662,203064,4281
186,18.6729896068573,2026-03-13T03:10:27.855808,110.85,0.0,10.08,10.34,30.48,0.0,2.0,196.36,10.17,-0.331,-0.331,STRAIGHT,0.578,0.478,"CMD,-0.3,0.48",4.0,0.0082,2.283,0.021,1,0.9613,0,NORMAL,54.6,-0.124,1,1,1,1,2,114.2,59,11,dijkstra,graph,0.66868,0.2765,0.0363,1,0.7235,straight_center,straight,0.8125,0.6364,9.6804,0.1715,0,,,,,,0,,,,390114,199923,4427
187,18.780644178390503,2026-03-13T03:10:27.963462,0.0,0.0,3.71,30.39,30.37,0.0,0.0,83.26,10.01,-1.018,-0.665,STRAIGHT,0.57,0.497,"CMD,-0.7,0.50",2.273,-0.0581,2.237,-0.146,1,0.9613,0,NORMAL,54.736,-0.167,1,1,1,1,2,116.5,196,15,dijkstra,graph,0.66688,0.2702,0.0213,1,0.7298,straight_center,straight,0.9212,0.6545,9.863,0.1423,0,,,,,,0,,,,391419,199291,4427
188,18.995331525802612,2026-03-13T03:10:28.178149,119.93,0.0,2.0,7.87,30.71,0.0,0.0,193.83,9.49,-0.56,-0.56,STRAIGHT,0.579,0.515,"CMD,-0.6,0.52",4.0,0.0086,2.237,0.022,1,0.9639,0,NORMAL,55.202,-0.189,1,1,1,1,2,111.9,59,11,dijkstra,graph,0.65409,0.2775,0.0256,1,0.7225,straight_center,straight,0.8137,0.6727,9.6804,0.1663,0,,,,,,0,,,,376966,195560,4270
189,19.107417821884155,2026-03-13T03:10:28.290236,3.29,0.0,2.04,26.76,30.44,0.0,0.0,91.5,9.69,-0.515,-0.56,STRAIGHT,0.576,0.535,"CMD,-0.6,0.54",3.258,-0.0103,2.237,-0.026,1,0.9639,0,NORMAL,55.919,-0.114,1,1,1,1,2,113.4,167,12,dijkstra,graph,0.6531,0.2756,0.0209,1,0.7244,straight_center,straight,0.9257,0.6909,9.863,0.1231,0,,,,,,0,,,,377770,195096,4270
190,19.21939206123352,2026-03-13T03:10:28.402210,0.0,0.0,10.26,41.0,20.08,0.0,0.0,91.87,9.54,2.0,-0.515,STRAIGHT,0.6,0.558,"CMD,-0.5,0.56",1.93,0.1712,1.778,0.277,1,0.9639,0,NORMAL,56.324,-0.129,1,1,1,1,1,191.1,238,15,dijkstra,fallback_centerline,0.65017,0.2944,0.0265,1,0.7056,straight_center,straight,0.9169,0.7091,9.863,0.1613,0,,,,,,0,,,,377770,194479,4270
191,19.45414447784424,2026-03-13T03:10:28.636962,128.81,0.0,13.28,20.13,28.21,0.0,0.0,204.5,8.99,1.455,1.455,STRAIGHT,0.577,0.578,"CMD,1.5,0.58",4.0,0.0089,2.192,0.021,1,0.9326,0,NORMAL,56.436,-0.075,1,1,1,1,2,109.6,67,11,dijkstra,graph,0.62961,0.2762,0.032,1,0.7238,left_near,left,0.8152,0.7273,9.6804,0.1599,0,,,,,,0,,,,352704,188142,4374
192,19.563410997390747,2026-03-13T03:10:28.746229,0.0,0.0,7.46,29.74,30.61,0.0,0.0,90.81,8.86,0.603,1.455,STRAIGHT,0.581,0.577,"CMD,1.5,0.58",2.702,-0.0267,2.192,-0.064,1,0.9326,0,NORMAL,56.425,-0.009,1,1,1,1,2,112.0,173,14,dijkstra,graph,0.62752,0.2794,0.022,1,0.7206,straight_center,straight,0.9266,0.7455,9.863,0.1192,0,,,,,,0,,,,353771,187678,4374
193,19.654750108718872,2026-03-13T03:10:28.837568,0.0,0.0,0.0,20.25,20.09,0.0,0.0,71.04,9.18,1.556,1.455,STRAIGHT,0.583,0.581,"CMD,1.5,0.58",2.491,0.084,2.461,0.257,1,0.9326,0,NORMAL,56.164,0.037,1,1,1,1,1,212.5,125,10,dijkstra,fallback_centerline,0.6262,0.281,0.0248,1,0.719,straight_center,straight,0.8284,0.7273,9.863,0.1026,0,,,,,,0,,,,353771,187483,4374
194,19.83742880821228,2026-03-13T03:10:29.020247,121.54,0.0,10.21,0.0,10.15,0.0,0.0,151.95,8.84,2.183,1.556,STRAIGHT,1.361,0.679,"CMD,1.6,0.68",2.605,0.0834,2.577,0.28,1,0.9227,0,NORMAL,55.665,0.124,1,1,1,1,5,231.3,0,0,dijkstra,template,0.60785,0.8578,0.0468,0,0.1422,left_near,left,0.8247,0.7636,9.6804,0.1183,0,,,,,,0,,,,328194,181662,0
195,19.888578176498413,2026-03-13T03:10:29.071396,0.0,0.0,5.67,0.0,0.0,0.0,0.0,30.74,8.87,2.631,2.183,STRAIGHT,1.417,0.784,"CMD,2.2,0.78",2.795,0.0856,2.76,0.331,1,0.9227,0,NORMAL,54.695,0.192,1,1,1,1,5,231.3,0,0,dijkstra,template,0.59657,0.9144,0.0455,0,0.0856,left_near,left,0.9013,0.8364,9.863,0.2289,0,,,,,,0,,,,328791,179384,0
196,20.072996616363525,2026-03-13T03:10:29.255814,112.52,0.0,10.17,0.0,10.14,0.0,0.0,153.48,8.54,2.933,2.631,STRAIGHT,1.387,0.885,"CMD,2.6,0.89",2.825,0.0858,2.788,0.339,1,0.8985,0,NORMAL,54.838,0.2,1,1,1,1,5,231.3,0,0,dijkstra,template,0.58438,0.8842,0.0363,0,0.1158,left_near,left,0.825,0.8364,9.6804,0.117,0,,,,,,0,,,,298384,174520,0
197,20.12840747833252,2026-03-13T03:10:29.311225,2.0,0.0,3.39,0.0,3.72,0.0,0.0,34.44,8.9,3.132,2.933,STRAIGHT,1.422,0.991,"CMD,2.9,0.99",2.809,0.0857,2.773,0.334,1,0.8985,0,NORMAL,54.822,0.25,1,1,1,1,5,231.3,0,0,dijkstra,template,0.57448,0.9198,0.0426,0,0.0802,left_near,left,0.9057,0.8909,9.863,0.2096,0,,,,,,0,,,,299226,172671,0
198,20.309068202972412,2026-03-13T03:10:29.491886,118.95,0.0,10.48,0.0,0.0,0.0,0.0,158.94,8.59,3.267,3.132,STRAIGHT,1.44,1.096,"CMD,3.1,1.10",2.827,0.0859,2.791,0.339,1,0.8551,0,NORMAL,54.843,0.249,1,1,1,1,5,231.3,0,0,dijkstra,template,0.57357,0.938,0.0315,0,0.062,left_near,left,0.9265,0.8727,9.6804,0.1194,0,,,,,,0,,,,263186,171534,0
199,20.3658447265625,2026-03-13T03:10:29.548663,0.0,0.0,6.64,0.0,5.18,0.0,0.0,36.09,8.6,3.358,3.267,STRAIGHT,1.447,1.205,"CMD,3.3,1.20",2.837,0.0859,2.8,0.342,1,0.8551,0,NORMAL,55.257,0.222,1,1,1,1,5,231.3,0,0,dijkstra,template,0.56386,0.9461,0.0341,0,0.0539,left_near,left,0.9475,0.9636,9.863,0.2277,0,,,,,,0,,,,264324,169538,0
200,20.544074535369873,2026-03-13T03:10:29.726893,116.88,0.0,10.41,0.0,10.08,0.0,0.0,158.21,8.31,3.42,3.358,STRAIGHT,1.227,1.286,"CMD,3.4,1.29",2.841,0.086,2.804,0.343,1,0.8566,0,NORMAL,54.902,0.212,1,1,1,1,5,231.3,0,0,dijkstra,template,0.54128,0.72,0.0263,0,0.28,left_near,left,0.9789,0.9818,9.6804,0.0916,0,,,,,,0,,,,231540,161753,0
201,20.596901178359985,2026-03-13T03:10:29.779719,0.0,0.0,0.0,0.0,2.0,0.0,0.0,32.58,8.63,3.445,3.42,STRAIGHT,1.455,1.394,"CMD,3.4,1.39",2.725,0.0848,2.692,0.312,1,0.8566,0,NORMAL,50.824,0.137,1,1,1,1,5,231.3,0,0,dijkstra,template,0.53541,0.9538,0.037,0,0.0462,left_near,left,0.96,1.0,9.863,0.1734,0,,,,,,0,,,,232418,160847,0
202,20.77964162826538,2026-03-13T03:10:29.962460,114.64,0.0,8.09,0.0,0.0,0.0,0.0,153.42,8.3,3.478,3.445,STRAIGHT,1.227,1.378,"CMD,3.4,1.38",2.845,0.086,2.808,0.344,1,0.8779,0,NORMAL,50.204,0.1,1,1,1,1,5,231.3,0,0,dijkstra,template,0.50709,0.72,0.0249,0,0.28,left_near,left,0.9822,0.9818,9.6804,0.077,0,,,,,,0,,,,203856,151642,0
203,20.836935997009277,2026-03-13T03:10:30.019754,0.0,0.0,6.64,0.0,4.23,0.0,0.0,32.8,8.32,3.484,3.478,STRAIGHT,1.452,1.382,"CMD,3.5,1.38",2.725,0.0848,2.692,0.312,1,0.8779,0,NORMAL,50.282,0.073,1,1,1,1,5,231.3,0,0,dijkstra,template,0.50188,0.9509,0.0385,0,0.0491,left_near,left,0.9624,1.0,9.863,0.1631,0,,,,,,0,,,,204052,150797,0
204,21.0144522190094,2026-03-13T03:10:30.197270,125.56,0.0,4.04,0.0,10.05,0.0,0.0,160.72,8.03,3.504,3.484,STRAIGHT,1.227,1.362,"CMD,3.5,1.36",2.843,0.086,2.806,0.344,1,0.9633,0,NORMAL,50.346,0.047,1,1,1,1,5,231.3,0,0,dijkstra,template,0.51329,0.72,0.0243,0,0.28,left_near,left,0.9813,0.9818,9.6804,0.081,0,,,,,,0,,,,203409,153445,0
205,21.06584072113037,2026-03-13T03:10:30.248659,0.0,0.0,0.0,0.0,8.4,0.0,0.0,24.91,8.32,3.501,3.501,STRAIGHT,1.452,1.366,"CMD,3.5,1.37",2.725,0.0848,2.692,0.312,1,0.9633,0,NORMAL,50.163,-0.002,1,1,1,1,5,231.3,0,0,dijkstra,template,0.50785,0.9503,0.0379,0,0.0497,left_near,left,0.9622,1.0,9.863,0.1639,0,,,,,,0,,,,203578,152578,0
206,21.248709201812744,2026-03-13T03:10:30.431527,121.93,0.0,10.15,0.0,0.0,0.0,10.18,162.39,8.04,3.515,3.504,STRAIGHT,1.227,1.339,"CMD,3.5,1.34",2.843,0.086,2.806,0.344,1,0.8831,0,NORMAL,50.108,0.016,1,1,1,1,5,231.3,0,0,dijkstra,template,0.51603,0.72,0.0222,0,0.28,left_near,left,0.9611,0.9818,9.6804,0.1685,0,,,,,,0,,,,187161,154481,0
207,21.289738416671753,2026-03-13T03:10:30.472556,3.48,0.0,0.0,0.0,0.0,0.0,0.0,30.98,8.07,3.509,3.509,STRAIGHT,1.409,1.334,"CMD,3.5,1.33",2.725,0.0848,2.692,0.312,1,0.8831,0,NORMAL,50.12,0.077,1,1,1,1,5,231.3,0,0,dijkstra,template,0.51188,0.9068,0.0366,0,0.0932,left_near,left,0.9513,1.0,9.863,0.211,0,,,,,,0,,,,187294,153793,0
208,21.473518133163452,2026-03-13T03:10:30.656336,117.51,0.0,10.3,0.0,0.0,0.0,0.0,163.05,7.8,3.517,3.515,STRAIGHT,1.227,1.334,"CMD,3.5,1.33",2.821,0.0858,2.785,0.338,1,0.8214,0,NORMAL,50.178,0.102,1,1,1,1,5,231.3,0,0,dijkstra,template,0.56833,0.72,0.0139,0,0.28,left_near,left,0.9692,0.9818,9.6804,0.1335,0,,,,,,0,,,,225072,169973,0
209,21.52480912208557,2026-03-13T03:10:30.707627,2.01,0.0,0.0,0.0,8.46,0.0,0.0,30.74,8.11,3.51,3.51,STRAIGHT,1.452,1.334,"CMD,3.5,1.33",2.725,0.0848,2.692,0.312,1,0.8214,0,NORMAL,50.267,0.081,1,1,1,1,5,231.3,0,0,dijkstra,template,0.56223,0.9505,0.032,0,0.0495,left_near,left,0.9532,1.0,9.863,0.2026,0,,,,,,0,,,,226418,168936,0
210,21.69779133796692,2026-03-13T03:10:30.880609,121.24,0.0,0.0,0.0,0.0,0.0,0.0,152.39,7.86,3.521,3.517,STRAIGHT,1.227,1.334,"CMD,3.5,1.33",2.843,0.086,2.806,0.344,1,0.9429,0,NORMAL,50.277,0.047,1,1,1,1,5,231.3,0,0,dijkstra,template,0.54614,0.72,0.0197,0,0.28,left_near,left,0.9802,0.9818,9.6804,0.086,0,,,,,,0,,,,216317,163455,0
211,21.749152660369873,2026-03-13T03:10:30.931971,0.0,0.0,0.0,0.0,0.0,0.0,0.0,31.15,7.87,3.513,3.513,STRAIGHT,1.456,1.335,"CMD,3.5,1.33",2.725,0.0848,2.692,0.312,1,0.9429,0,NORMAL,50.002,0.033,1,1,1,1,5,231.3,0,0,dijkstra,template,0.54118,0.955,0.0364,0,0.045,left_near,left,0.9602,1.0,9.863,0.1725,0,,,,,,0,,,,217320,162624,0
212,21.932324647903442,2026-03-13T03:10:31.115143,111.57,0.0,10.14,0.0,10.29,0.0,0.0,152.53,7.61,3.523,3.521,STRAIGHT,1.227,1.335,"CMD,3.5,1.33",2.845,0.086,2.808,0.344,1,0.9373,0,NORMAL,50.015,0.068,1,1,1,1,5,231.3,0,0,dijkstra,template,0.56486,0.72,0.0074,0,0.28,left_near,left,0.9757,0.9818,9.6804,0.1054,0,,,,,,0,,,,225498,168992,0
213,21.98526406288147,2026-03-13T03:10:31.168082,0.0,0.0,0.0,0.0,10.22,0.0,0.0,32.54,7.97,3.514,3.514,STRAIGHT,1.227,1.307,"CMD,3.5,1.31",2.725,0.0848,2.692,0.312,1,0.9373,0,NORMAL,50.059,0.057,1,1,1,1,5,231.3,0,0,dijkstra,template,0.55822,0.72,0.0282,0,0.28,left_near,left,0.9584,1.0,9.863,0.1801,0,,,,,,0,,,,228593,167730,0
214,22.166836738586426,2026-03-13T03:10:31.349655,117.74,0.0,10.27,0.0,10.29,0.0,0.0,158.41,7.82,3.508,3.514,STRAIGHT,1.227,1.307,"CMD,3.5,1.31",2.725,0.0848,2.692,0.312,1,0.9423,0,NORMAL,50.099,0.055,1,1,1,1,5,231.3,0,0,dijkstra,template,0.55329,0.72,-0.0015,0,0.28,left_near,left,0.9799,0.9818,9.6804,0.087,0,,,,,,0,,,,218605,165344,0
215,22.21981906890869,2026-03-13T03:10:31.402637,0.0,0.0,0.0,0.0,1.93,0.0,0.0,32.52,8.18,3.504,3.508,STRAIGHT,1.227,1.284,"CMD,3.5,1.28",2.725,0.0848,2.692,0.312,1,0.9423,0,NORMAL,50.038,0.043,1,1,1,1,5,231.3,0,0,dijkstra,template,0.54719,0.72,0.022,0,0.28,left_near,left,0.9605,1.0,9.863,0.1711,0,,,,,,0,,,,219333,164380,0
216,22.401287317276,2026-03-13T03:10:31.584105,118.23,0.0,10.1,0.0,0.0,0.0,0.0,162.77,8.01,3.501,3.504,STRAIGHT,1.227,1.284,"CMD,3.5,1.28",2.725,0.0848,2.692,0.312,1,0.9614,0,NORMAL,50.09,0.101,1,1,1,1,5,231.3,0,0,dijkstra,template,0.5536,0.72,-0.005,0,0.28,left_near,left,0.9772,0.9818,9.6804,0.0987,0,,,,,,0,,,,215474,165627,0
217,22.454558610916138,2026-03-13T03:10:31.637377,2.0,0.0,0.0,0.0,9.99,0.0,0.0,32.5,8.38,3.499,3.501,STRAIGHT,1.227,1.256,"CMD,3.5,1.26",2.725,0.0848,2.692,0.312,1,0.9614,0,NORMAL,50.022,0.383,1,1,1,1,5,231.3,0,0,dijkstra,template,0.54845,0.72,0.0148,0,0.28,left_near,left,0.9582,1.0,9.863,0.1812,0,,,,,,0,,,,215557,164851,0
218,22.637720584869385,2026-03-13T03:10:31.820538,121.02,0.0,10.34,0.0,10.17,0.0,0.0,164.61,8.21,3.498,3.499,STRAIGHT,1.227,1.256,"CMD,3.5,1.26",2.725,0.0848,2.692,0.312,1,0.8375,0,NORMAL,50.077,-0.395,1,1,1,1,5,231.3,0,0,dijkstra,template,0.59793,0.72,-0.0024,0,0.28,left_near,left,0.9622,0.9273,9.6804,0.1638,0,,,,,,0,,,,253555,178828,0
219,22.691502332687378,2026-03-13T03:10:31.874320,0.0,0.0,7.76,0.0,2.78,0.0,0.0,30.48,8.35,3.497,3.498,STRAIGHT,1.227,1.227,"CMD,3.5,1.23",2.725,0.0848,2.692,0.312,1,0.8375,0,NORMAL,50.258,-0.854,1,1,1,1,5,231.3,0,0,dijkstra,template,0.59269,0.72,0.0035,0,0.28,left_near,left,0.9475,0.9455,9.863,0.2277,0,,,,,,0,,,,255331,178055,0
