frame_id,timestamp,wall_clock,t_segmentation,t_detection,t_bev,t_skeleton,t_pathfinding,t_gps_fusion,t_command,t_total_pipeline,fps,heading_raw_deg,heading_smoothed_deg,command,gps_intent_family,planner_intent_family,turn_lock_family,speed_raw_mps,speed_smoothed_mps,serial_cmd,pp_lookahead_m,pp_kappa_cmd_m_inv,pp_target_x_m,pp_target_y_m,pp_valid_path,seg_iou,seg_unstable_frames,stability_mode,stab_corr_px,stab_corr_deg,has_candidate_path,has_model_path,has_control_path,has_path,num_paths,best_path_length_px,num_graph_nodes,num_graph_edges,planner_mode,planner_family,path_source,bev_mask_occ_ratio,approval_confidence,approval_margin,planner_low_confidence,planner_slowdown,selected_template_id,selected_template_family,corridor_confidence,corridor_valid_ratio,corridor_forward_span_m,corridor_width_cv,num_detections,min_obstacle_dist_m,detection_classes,detection_distances,gps_lat,gps_lon,gps_fix_quality,gps_wp_name,gps_wp_dist_m,gps_correction_deg,sidewalk_mask_pixels,bev_mask_pixels,skeleton_pixels
0,0.6303462982177734,2026-03-24T03:27:54.525566,344.23,0.0,0.0,0.0,0.0,0.0,0.0,386.88,0.0,0.0,0.0,STRAIGHT,right,right,,0.16,0.16,"CMD,0.0,0.16",1.2,0.0,1.2,0.0,0,1.0,0,NORMAL,0.0,0.0,0,0,0,0,0,0.0,0,0,dijkstra,,none,0.85723,0.0,0.0,1,1.0,,right,0.9551,0.9744,10.6405,0.1945,0,,,,,,0,,,,916103,203059,0
1,0.6917223930358887,2026-03-24T03:27:54.586942,44.09,0.0,0.0,0.0,7.05,0.0,0.0,61.38,16.29,0.0,0.0,STRAIGHT,right,right,,0.16,0.16,"CMD,0.0,0.16",1.2,0.0,1.2,0.0,0,1.0,0,NORMAL,0.0,0.0,0,0,0,0,0,0.0,0,0,dijkstra,,none,0.85377,0.0,0.0,1,1.0,,right,0.9555,0.9744,10.6405,0.193,0,,,,,,0,,,,910756,202231,0
2,0.7331061363220215,2026-03-24T03:27:54.628325,41.38,0.0,0.0,0.0,0.0,0.0,0.0,41.38,19.46,0.0,0.0,STRAIGHT,right,right,,0.16,0.16,"CMD,0.0,0.16",1.2,0.0,1.2,0.0,0,1.0,0,NORMAL,0.0,0.0,0,0,0,0,0,0.0,0,0,dijkstra,,none,0.84968,0.0,0.0,1,1.0,,right,0.955,0.9744,10.6405,0.1949,0,,,,,,0,,,,911446,201366,0
3,0.7839295864105225,2026-03-24T03:27:54.679149,40.67,0.0,0.0,0.0,10.15,0.0,0.0,50.82,19.53,0.0,0.0,STRAIGHT,right,right,,0.16,0.16,"CMD,0.0,0.16",1.2,0.0,1.2,0.0,0,1.0,0,NORMAL,0.0,0.0,0,0,0,0,0,0.0,0,0,dijkstra,,none,0.84804,0.0,0.0,1,1.0,,right,0.955,0.9744,10.6405,0.1951,0,,,,,,0,,,,909788,200861,0
4,0.8301100730895996,2026-03-24T03:27:54.725329,40.5,0.0,0.0,0.0,5.68,0.0,0.0,46.18,20.02,0.0,0.0,STRAIGHT,right,right,,0.16,0.16,"CMD,0.0,0.16",1.2,0.0,1.2,0.0,0,1.0,0,NORMAL,0.0,0.0,0,0,0,0,0,0.0,0,0,dijkstra,,none,0.84538,0.0,0.0,1,1.0,,right,0.9553,0.9744,10.6405,0.1939,0,,,,,,0,,,,907484,200334,0
5,1.4348843097686768,2026-03-24T03:27:55.330104,39.48,0.0,0.0,50.47,509.21,0.0,0.0,604.77,6.21,-0.045,0.0,STRAIGHT,right,right,,0.557,0.226,"CMD,0.0,0.23",4.0,-0.0032,3.996,-0.026,1,1.0,0,NORMAL,0.0,0.0,1,1,1,1,3,500.3,292,19,dijkstra,,dt_corridor,0.84774,0.2606,0.6765,1,0.7394,right_sharp,right,0.9554,0.9744,10.6405,0.1933,0,,,,,,0,,,,906774,200899,8716
6,2.098207473754883,2026-03-24T03:27:55.993427,31.12,0.0,0.0,50.98,550.81,0.0,0.0,663.32,4.09,-0.074,-0.045,STRAIGHT,right,right,,0.56,0.274,"CMD,-0.0,0.27",4.0,-0.0032,3.996,-0.026,1,1.0,0,NORMAL,0.0,0.0,1,1,1,1,4,500.3,297,21,dijkstra,,dt_corridor,0.83939,0.2631,0.6898,1,0.7369,right_sharp,right,0.9559,0.9744,10.6405,0.1913,0,,,,,,0,,,,906949,198769,9296
7,2.7464911937713623,2026-03-24T03:27:56.641711,37.33,0.0,3.52,46.61,556.29,0.0,0.0,648.28,3.31,-0.094,-0.074,STRAIGHT,right,right,,0.56,0.31,"CMD,-0.1,0.31",4.0,-0.0032,3.996,-0.026,1,1.0,0,NORMAL,0.0,0.0,1,1,1,1,4,500.3,288,22,dijkstra,,dt_corridor,0.83872,0.2631,0.6898,1,0.7369,right_sharp,right,0.9557,0.9744,10.6405,0.192,0,,,,,,0,,,,903277,198560,8869
8,3.3865203857421875,2026-03-24T03:27:57.281740,33.01,0.0,0.0,49.06,537.57,0.0,0.0,640.03,2.9,-0.107,-0.094,STRAIGHT,right,right,,0.561,0.36,"CMD,-0.1,0.36",4.0,-0.0032,3.996,-0.026,1,1.0,0,NORMAL,0.0,0.0,1,1,1,1,5,500.3,303,19,dijkstra,,dt_corridor,0.84335,0.2634,0.69,1,0.7366,right_sharp,right,0.9578,0.9744,10.6405,0.1827,0,,,,,,0,,,,901827,199989,8385
9,3.996339797973633,2026-03-24T03:27:57.891559,43.12,0.0,0.0,51.4,507.72,0.0,0.0,609.82,2.67,-0.116,-0.107,STRAIGHT,right,right,,0.561,0.41,"CMD,-0.1,0.41",4.0,-0.0032,3.996,-0.026,1,1.0,0,NORMAL,0.0,0.0,1,1,1,1,4,500.3,297,21,dijkstra,,dt_corridor,0.84664,0.2633,0.6901,1,0.7367,right_sharp,right,0.9573,0.9744,10.6405,0.1852,0,,,,,,0,,,,903067,200735,8911
10,4.632087707519531,2026-03-24T03:27:58.527307,31.02,0.0,0.0,50.44,534.17,0.0,0.0,635.75,2.5,-0.122,-0.116,STRAIGHT,right,right,,0.561,0.46,"CMD,-0.1,0.46",4.0,-0.0032,3.996,-0.026,1,1.0,0,NORMAL,0.0,0.0,1,1,1,1,4,500.3,289,20,dijkstra,,dt_corridor,0.84909,0.2632,0.6896,1,0.7368,right_sharp,right,0.9566,0.9744,10.6405,0.1881,0,,,,,,0,,,,908351,201442,8912
11,5.27511739730835,2026-03-24T03:27:59.170337,46.18,0.0,4.54,51.24,541.07,0.0,0.0,643.03,2.37,-0.126,-0.122,STRAIGHT,right,right,,0.56,0.51,"CMD,-0.1,0.51",4.0,-0.0032,3.996,-0.026,1,1.0,0,NORMAL,0.0,0.0,1,1,1,1,4,500.3,297,18,dijkstra,,dt_corridor,0.84584,0.263,0.6895,1,0.737,right_sharp,right,0.9559,0.9744,10.6405,0.191,0,,,,,,0,,,,906385,200723,8522
12,5.914401292800903,2026-03-24T03:27:59.809620,30.69,0.0,0.0,53.0,534.02,0.0,0.0,639.28,2.27,-0.129,-0.126,STRAIGHT,right,right,,0.56,0.56,"CMD,-0.1,0.56",4.0,-0.0032,3.996,-0.026,1,1.0,0,NORMAL,0.0,0.0,1,1,1,1,4,500.3,266,16,dijkstra,,dt_corridor,0.82168,0.2631,0.6895,1,0.7369,right_sharp,right,0.9565,0.9744,10.6405,0.1883,0,,,,,,0,,,,906572,199825,7665
13,6.585577487945557,2026-03-24T03:28:00.480797,44.29,0.0,4.02,50.55,562.12,0.0,0.0,671.18,2.18,-0.13,-0.129,STRAIGHT,right,right,,0.56,0.561,"CMD,-0.1,0.56",4.0,-0.0032,3.996,-0.026,1,1.0,0,NORMAL,0.0,0.0,1,1,1,1,4,500.3,296,21,dijkstra,,dt_corridor,0.84551,0.263,0.6894,1,0.737,right_sharp,right,0.9558,0.9744,10.6405,0.1917,0,,,,,,0,,,,901846,200464,9002
14,7.247389554977417,2026-03-24T03:28:01.142609,38.24,0.0,3.04,49.83,560.31,0.0,0.0,660.81,2.12,-0.131,-0.13,STRAIGHT,right,right,,0.56,0.561,"CMD,-0.1,0.56",4.0,-0.0032,3.996,-0.026,1,1.0,0,NORMAL,0.0,0.0,1,1,1,1,4,500.3,281,21,dijkstra,,dt_corridor,0.84213,0.2629,0.6894,1,0.7371,right_sharp,right,0.9552,0.9744,10.6405,0.1942,0,,,,,,0,,,,895820,199654,8487
15,7.9046266078948975,2026-03-24T03:28:01.799846,41.85,0.0,3.02,50.54,552.35,0.0,0.0,657.24,2.06,-0.132,-0.131,STRAIGHT,right,right,,0.56,0.561,"CMD,-0.1,0.56",4.0,-0.0032,3.996,-0.026,1,1.0,0,NORMAL,0.0,0.0,1,1,1,1,4,500.3,298,20,dijkstra,,dt_corridor,0.83669,0.2631,0.6897,1,0.7369,right_sharp,right,0.9559,0.9744,10.6405,0.1913,0,,,,,,0,,,,900543,198617,8454
16,8.56230878829956,2026-03-24T03:28:02.457528,42.86,0.0,3.01,49.69,552.84,0.0,0.0,657.68,2.02,-0.133,-0.132,STRAIGHT,right,right,,0.56,0.56,"CMD,-0.1,0.56",4.0,-0.0032,3.996,-0.026,1,1.0,0,NORMAL,0.0,0.0,1,1,1,1,4,500.3,278,16,dijkstra,,dt_corridor,0.81763,0.2631,0.6899,1,0.7369,right_sharp,right,0.9557,0.9744,10.6405,0.1918,0,,,,,,0,,,,900903,197743,7159
17,9.189499616622925,2026-03-24T03:28:03.084719,41.52,0.0,3.03,46.47,526.76,0.0,0.0,626.17,1.99,-0.133,-0.133,STRAIGHT,right,right,,0.56,0.56,"CMD,-0.1,0.56",4.0,-0.0032,3.996,-0.026,1,1.0,0,NORMAL,0.0,0.0,1,1,1,1,4,500.3,272,16,dijkstra,,dt_corridor,0.82101,0.2631,0.6897,1,0.7369,right_sharp,right,0.9558,0.9744,10.6405,0.1915,0,,,,,,0,,,,903233,197995,7155
18,9.803039312362671,2026-03-24T03:28:03.698259,38.66,0.0,3.04,43.66,518.81,0.0,0.0,613.54,1.96,-0.133,-0.133,STRAIGHT,right,right,,0.56,0.56,"CMD,-0.1,0.56",4.0,-0.0032,3.996,-0.026,1,1.0,0,NORMAL,0.0,0.0,1,1,1,1,4,500.3,261,16,dijkstra,,dt_corridor,0.82489,0.263,0.6891,1,0.737,right_sharp,right,0.9558,0.9744,10.6405,0.1914,0,,,,,,0,,,,903362,197985,7337
19,10.426874876022339,2026-03-24T03:28:04.322094,37.46,0.0,4.02,43.76,528.14,0.0,1.0,623.84,1.94,-0.133,-0.133,STRAIGHT,right,right,,0.56,0.56,"CMD,-0.1,0.56",4.0,-0.0032,3.996,-0.026,1,1.0,0,NORMAL,0.0,0.0,1,1,1,1,4,500.3,256,14,dijkstra,,dt_corridor,0.82746,0.2631,0.6897,1,0.7369,right_sharp,right,0.9561,0.9744,10.6405,0.1903,0,,,,,,0,,,,911098,198132,7034
20,11.054105758666992,2026-03-24T03:28:04.949325,40.35,0.0,3.01,44.48,529.9,0.0,0.0,627.23,1.92,-0.134,-0.133,STRAIGHT,right,right,,0.561,0.56,"CMD,-0.1,0.56",4.0,-0.0032,3.996,-0.026,1,1.0,0,NORMAL,0.0,0.0,1,1,1,1,4,500.3,252,13,dijkstra,,dt_corridor,0.83484,0.2632,0.6895,1,0.7368,right_sharp,right,0.9568,0.9744,10.6405,0.1872,0,,,,,,0,,,,918541,199301,7152
21,11.679804801940918,2026-03-24T03:28:05.575024,39.27,1.0,3.11,48.38,524.88,0.0,0.0,625.7,1.9,-0.134,-0.134,STRAIGHT,right,right,,0.561,0.56,"CMD,-0.1,0.56",4.0,-0.0032,3.996,-0.026,1,1.0,0,NORMAL,0.0,0.0,1,1,1,1,4,500.3,285,16,dijkstra,,dt_corridor,0.83387,0.2632,0.6897,1,0.7368,right_sharp,right,0.9567,0.9744,10.6405,0.1875,0,,,,,,0,,,,918705,198839,7578
22,12.289501905441284,2026-03-24T03:28:06.184721,37.44,0.0,3.01,43.36,516.83,0.0,0.0,609.7,1.89,-0.134,-0.134,STRAIGHT,right,right,,0.561,0.56,"CMD,-0.1,0.56",4.0,-0.0032,3.996,-0.026,1,1.0,0,NORMAL,0.0,0.0,1,1,1,1,4,500.3,258,14,dijkstra,,dt_corridor,0.81797,0.2632,0.6904,1,0.7368,right_sharp,right,0.9558,0.9744,10.6405,0.1915,0,,,,,,0,,,,903792,194368,6833
23,12.899523735046387,2026-03-24T03:28:06.794743,39.79,0.0,3.01,45.53,511.59,0.0,1.0,609.02,1.87,-0.134,-0.134,STRAIGHT,right,right,,0.561,0.56,"CMD,-0.1,0.56",4.0,-0.0032,3.996,-0.026,1,1.0,0,NORMAL,0.0,0.0,1,1,1,1,4,500.3,265,16,dijkstra,,dt_corridor,0.81818,0.2632,0.6905,1,0.7368,right_sharp,right,0.9557,0.9744,10.6405,0.1919,0,,,,,,0,,,,897763,194574,7307
24,12.94428539276123,2026-03-24T03:28:06.839505,35.55,0.0,3.01,0.0,3.19,0.0,0.0,44.76,1.95,-0.134,-0.134,STRAIGHT,right,right,,1.248,0.646,"CMD,-0.1,0.65",4.0,-0.0032,3.996,-0.026,1,1.0,0,NORMAL,0.0,0.0,1,1,1,1,1,418.5,0,0,dijkstra,,waypoint_turn,0.81582,0.7418,0.0,0,0.2582,,right,0.9556,0.9744,10.6405,0.1926,0,,,,,,0,,,,894931,194144,0
25,12.98913836479187,2026-03-24T03:28:06.884358,34.76,0.0,3.05,0.0,2.01,0.0,0.0,42.83,2.02,-0.134,-0.134,STRAIGHT,right,right,,1.252,0.733,"CMD,-0.1,0.73",4.0,-0.0032,3.996,-0.026,1,1.0,0,NORMAL,0.0,0.0,1,1,1,1,1,418.5,0,0,dijkstra,,waypoint_turn,0.8165,0.7461,0.0,0,0.2539,,right,0.9561,0.9744,10.6405,0.1902,0,,,,,,0,,,,899785,194652,0
26,13.03591513633728,2026-03-24T03:28:06.931134,37.41,0.0,3.05,0.0,2.3,0.0,0.0,45.77,2.1,0.696,-0.134,STRAIGHT,right,right,,0.225,0.691,"CMD,-0.1,0.69",3.077,0.0572,3.052,0.268,1,1.0,0,NORMAL,0.0,0.0,1,1,1,1,1,362.8,0,0,dijkstra,,waypoint_turn_hold,0.81877,0.047,0.0,1,1.0,,right,0.9563,0.9744,10.6405,0.1892,0,,,,,,0,,,,900832,195115,0
27,13.079604148864746,2026-03-24T03:28:06.974824,34.28,0.0,3.01,0.0,2.35,0.0,1.0,43.69,2.17,1.173,0.696,STRAIGHT,right,right,,0.225,0.649,"CMD,0.7,0.65",3.039,0.0515,3.02,0.236,1,1.0,0,NORMAL,0.0,0.0,1,1,1,1,1,362.1,0,0,dijkstra,,waypoint_turn_hold,0.82033,0.0361,0.0,1,1.0,,right,0.9566,0.9744,10.6405,0.188,0,,,,,,0,,,,902807,195587,0
28,13.126549243927002,2026-03-24T03:28:07.021768,36.66,0.0,3.01,0.0,2.21,0.0,1.01,46.95,2.24,1.351,1.173,STRAIGHT,right,right,,0.225,0.607,"CMD,1.2,0.61",3.165,0.0414,3.15,0.206,1,1.0,0,NORMAL,0.0,0.0,1,1,1,1,1,361.7,0,0,dijkstra,,waypoint_turn_hold,0.81915,0.0452,0.0,1,1.0,,right,0.9566,0.9744,10.6405,0.188,0,,,,,,0,,,,898470,195619,0
29,13.170995712280273,2026-03-24T03:28:07.066215,35.21,0.0,3.02,0.0,2.21,0.0,0.0,44.45,2.31,1.359,1.351,STRAIGHT,right,right,,0.225,0.565,"CMD,1.4,0.57",3.292,0.0334,3.281,0.18,1,1.0,0,NORMAL,0.0,0.0,1,1,1,1,1,361.3,0,0,dijkstra,,waypoint_turn_hold,0.82446,0.0452,0.0,1,1.0,,right,0.9569,0.9744,10.6405,0.1869,0,,,,,,0,,,,897457,196494,0
30,13.217692136764526,2026-03-24T03:28:07.112911,37.62,0.0,3.03,0.0,2.04,0.0,0.0,46.7,2.32,1.276,1.351,STRAIGHT,right,right,,0.225,0.523,"CMD,1.4,0.52",3.418,0.0269,3.409,0.157,1,1.0,0,NORMAL,0.0,0.0,1,1,1,1,1,361.0,0,0,dijkstra,,waypoint_turn_hold,0.82931,0.0398,0.0,1,1.0,,right,0.9571,0.9744,10.6405,0.1857,0,,,,,,0,,,,901652,197854,0
31,13.266850233078003,2026-03-24T03:28:07.162069,36.95,0.0,3.03,0.0,5.16,0.0,0.0,48.15,2.31,2.235,1.359,STRAIGHT,right,right,,1.227,0.607,"CMD,1.4,0.61",3.103,0.1008,3.049,0.48,1,1.0,0,NORMAL,0.0,0.0,1,1,1,1,4,480.0,0,0,dijkstra,,template,0.83749,0.72,0.7181,0,0.28,right_sharp,right,0.9573,0.9744,10.6405,0.185,0,,,,,,0,,,,913252,199423,0
32,13.315589189529419,2026-03-24T03:28:07.210809,37.43,1.0,2.04,0.0,4.24,0.0,0.0,48.74,2.31,2.887,2.235,STRAIGHT,right,right,,1.227,0.604,"CMD,2.2,0.60",3.265,0.1018,3.201,0.536,1,1.0,0,NORMAL,0.0,0.0,1,1,1,1,4,480.0,0,0,dijkstra,,template,0.84555,0.72,0.7455,0,0.28,right_sharp,right,0.9575,0.9744,10.6405,0.1842,0,,,,,,0,,,,923531,200612,0
33,13.368175029754639,2026-03-24T03:28:07.263394,39.29,1.0,3.01,0.0,4.25,0.0,0.0,52.59,2.31,3.322,2.887,STRAIGHT,right,right,,1.227,0.601,"CMD,2.9,0.60",3.265,0.1018,3.201,0.536,1,1.0,0,NORMAL,0.0,0.0,1,1,1,1,4,480.0,0,0,dijkstra,,template,0.84196,0.72,0.746,0,0.28,right_sharp,right,0.9565,0.9744,10.6405,0.1886,0,,,,,,0,,,,914979,199768,0
34,13.417044878005981,2026-03-24T03:28:07.312264,37.4,0.0,3.03,0.0,4.35,0.0,0.0,48.87,2.42,3.611,3.322,STRAIGHT,right,right,,1.227,0.726,"CMD,3.3,0.73",3.265,0.1018,3.201,0.536,1,1.0,0,NORMAL,0.0,0.0,1,1,1,1,4,480.0,0,0,dijkstra,,template,0.83859,0.72,0.7467,0,0.28,right_sharp,right,0.9565,0.9744,10.6405,0.1884,0,,,,,,0,,,,908678,199127,0
35,13.465003252029419,2026-03-24T03:28:07.360223,36.55,0.0,3.01,0.0,4.37,0.0,0.0,47.96,2.55,3.805,3.611,STRAIGHT,right,right,,1.227,0.851,"CMD,3.6,0.85",3.265,0.1018,3.201,0.536,1,1.0,0,NORMAL,0.0,0.0,1,1,1,1,4,480.0,0,0,dijkstra,,template,0.84146,0.72,0.7464,0,0.28,right_sharp,right,0.9562,0.9744,10.6405,0.19,0,,,,,,0,,,,910487,199872,0
36,13.514177083969116,2026-03-24T03:28:07.409397,36.91,1.01,2.01,0.0,4.24,0.0,0.0,49.17,2.69,3.933,3.805,STRAIGHT,right,right,,1.227,0.976,"CMD,3.8,0.98",3.265,0.1018,3.201,0.536,1,1.0,0,NORMAL,0.0,0.0,1,1,1,1,4,480.0,0,0,dijkstra,,template,0.84483,0.72,0.7464,0,0.28,right_sharp,right,0.9563,0.9744,10.6405,0.1893,0,,,,,,0,,,,911388,200362,0
37,13.563944816589355,2026-03-24T03:28:07.459164,36.29,1.0,3.03,0.0,5.43,0.0,0.0,49.77,2.85,4.019,3.933,STRAIGHT,right,right,,1.227,1.102,"CMD,3.9,1.10",3.265,0.1018,3.201,0.536,1,1.0,0,NORMAL,0.0,0.0,1,1,1,1,4,480.0,0,0,dijkstra,,template,0.84597,0.72,0.747,0,0.28,right_sharp,right,0.9555,0.9744,10.6405,0.1926,0,,,,,,0,,,,920906,200582,0
38,13.617406368255615,2026-03-24T03:28:07.512626,41.33,0.0,3.01,0.0,4.1,0.0,0.0,53.46,3.01,4.077,4.019,STRAIGHT,right,right,,1.227,1.227,"CMD,4.0,1.23",3.265,0.1018,3.201,0.536,1,1.0,0,NORMAL,0.0,0.0,1,1,1,1,4,480.0,0,0,dijkstra,,template,0.85824,0.72,0.7457,0,0.28,right_sharp,right,0.9565,0.9744,10.6405,0.1886,0,,,,,,0,,,,927305,203308,0
39,13.668041229248047,2026-03-24T03:28:07.563260,38.44,1.0,2.01,0.0,4.1,0.0,0.0,50.63,3.21,4.115,4.077,STRAIGHT,right,right,,1.227,1.227,"CMD,4.1,1.23",3.265,0.1018,3.201,0.536,1,1.0,0,NORMAL,0.0,0.0,1,1,1,1,4,480.0,0,0,dijkstra,,template,0.86047,0.72,0.7454,0,0.28,right_sharp,right,0.9567,0.9744,10.6405,0.1877,0,,,,,,0,,,,930279,203955,0
40,13.721138715744019,2026-03-24T03:28:07.616358,40.69,1.0,2.01,0.0,5.38,0.0,1.0,53.1,3.43,4.14,4.115,STRAIGHT,right,right,,1.227,1.227,"CMD,4.1,1.23",3.265,0.1018,3.201,0.536,1,1.0,0,NORMAL,0.0,0.0,1,1,1,1,4,480.0,0,0,dijkstra,,template,0.85204,0.72,0.7464,0,0.28,right_sharp,right,0.9567,0.9744,10.6405,0.1878,0,,,,,,0,,,,916455,201994,0
41,13.774595260620117,2026-03-24T03:28:07.669815,41.37,0.0,3.02,0.0,4.03,0.0,0.0,53.46,3.69,4.157,4.14,STRAIGHT,right,right,,1.227,1.227,"CMD,4.1,1.23",3.265,0.1018,3.201,0.536,1,1.0,0,NORMAL,0.0,0.0,1,1,1,1,4,480.0,0,0,dijkstra,,template,0.85255,0.72,0.7463,0,0.28,right_sharp,right,0.9567,0.9744,10.6405,0.1878,0,,,,,,0,,,,922831,201871,0
42,13.828221559524536,2026-03-24T03:28:07.723441,41.44,0.0,3.04,0.0,5.12,0.0,0.0,53.63,4.0,4.168,4.157,STRAIGHT,right,right,,1.227,1.227,"CMD,4.2,1.23",3.265,0.1018,3.201,0.536,1,1.0,0,NORMAL,0.0,0.0,1,1,1,1,4,480.0,0,0,dijkstra,,template,0.84985,0.72,0.7462,0,0.28,right_sharp,right,0.9566,0.9744,10.6405,0.1879,0,,,,,,0,,,,921066,201550,0
43,13.882993221282959,2026-03-24T03:28:07.778213,43.63,0.0,3.02,0.0,4.11,0.0,0.0,54.77,4.37,4.176,4.168,STRAIGHT,right,right,,1.227,1.227,"CMD,4.2,1.23",3.265,0.1018,3.201,0.536,1,1.0,0,NORMAL,0.0,0.0,1,1,1,1,4,480.0,0,0,dijkstra,,template,0.84799,0.72,0.7463,0,0.28,right_sharp,right,0.9568,0.9744,10.6405,0.1872,0,,,,,,0,,,,911803,201173,0
44,13.933551788330078,2026-03-24T03:28:07.828771,37.37,0.0,3.05,0.0,5.02,0.0,0.0,49.56,4.81,4.181,4.176,STRAIGHT,right,right,,1.227,1.227,"CMD,4.2,1.23",3.265,0.1018,3.201,0.536,1,1.0,0,NORMAL,0.0,0.0,1,1,1,1,4,480.0,0,0,dijkstra,,template,0.8439,0.72,0.7466,0,0.28,right_sharp,right,0.9572,0.9744,10.6405,0.1855,0,,,,,,0,,,,895681,200118,0
45,13.988184928894043,2026-03-24T03:28:07.883404,42.56,0.0,3.03,0.0,5.03,0.0,1.0,54.63,5.34,4.184,4.181,STRAIGHT,right,right,,1.227,1.227,"CMD,4.2,1.23",3.265,0.1018,3.201,0.536,1,1.0,0,NORMAL,0.0,0.0,1,1,1,1,4,480.0,0,0,dijkstra,,template,0.8466,0.72,0.7467,0,0.28,right_sharp,right,0.9574,0.9744,10.6405,0.1845,0,,,,,,0,,,,895372,200811,0
46,14.040663957595825,2026-03-24T03:28:07.935883,39.29,0.0,4.01,0.0,5.04,0.0,0.0,52.48,5.98,4.187,4.184,STRAIGHT,right,right,,1.227,1.227,"CMD,4.2,1.23",3.265,0.1018,3.201,0.536,1,1.0,0,NORMAL,0.0,0.0,1,1,1,1,4,480.0,0,0,dijkstra,,template,0.85031,0.72,0.7462,0,0.28,right_sharp,right,0.9576,0.9744,10.6405,0.1839,0,,,,,,0,,,,879803,201752,0
47,14.095643520355225,2026-03-24T03:28:07.990863,42.67,0.0,3.01,0.0,5.28,0.0,0.0,54.98,6.76,4.188,4.187,STRAIGHT,right,right,,1.227,1.227,"CMD,4.2,1.23",3.265,0.1018,3.201,0.536,1,1.0,0,NORMAL,0.0,0.0,1,1,1,1,4,480.0,0,0,dijkstra,,template,0.84534,0.72,0.7461,0,0.28,right_sharp,right,0.9574,0.9744,10.6405,0.1846,0,,,,,,0,,,,867808,200549,0
48,14.148500919342041,2026-03-24T03:28:08.043720,40.42,0.0,3.01,0.0,4.41,0.0,0.0,51.85,7.79,4.189,4.188,STRAIGHT,right,right,,1.227,1.227,"CMD,4.2,1.23",3.265,0.1018,3.201,0.536,1,1.0,0,NORMAL,0.0,0.0,1,1,1,1,4,480.0,0,0,dijkstra,,template,0.84251,0.72,0.7465,0,0.28,right_sharp,right,0.9571,0.9744,10.6405,0.1857,0,,,,,,0,,,,857370,199824,0
49,14.20223093032837,2026-03-24T03:28:08.097450,41.32,0.0,3.02,0.0,5.38,0.0,0.0,53.73,9.21,4.19,4.189,STRAIGHT,right,right,,1.227,1.227,"CMD,4.2,1.23",3.265,0.1018,3.201,0.536,1,1.0,0,NORMAL,0.0,0.0,1,1,1,1,4,480.0,0,0,dijkstra,,template,0.83939,0.72,0.7465,0,0.28,right_sharp,right,0.9578,0.9744,10.6405,0.183,0,,,,,,0,,,,862451,199384,0
50,14.254020929336548,2026-03-24T03:28:08.149240,38.52,0.0,3.01,0.0,5.23,0.0,1.0,51.79,11.27,4.19,4.19,STRAIGHT,right,right,,1.227,1.227,"CMD,4.2,1.23",3.265,0.1018,3.201,0.536,1,1.0,0,NORMAL,0.0,0.0,1,1,1,1,4,480.0,0,0,dijkstra,,template,0.84209,0.72,0.7464,0,0.28,right_sharp,right,0.9576,0.9744,10.6405,0.1837,0,,,,,,0,,,,855519,199761,0
51,14.304313659667969,2026-03-24T03:28:08.199533,37.76,0.0,3.02,0.0,5.48,0.0,0.0,50.29,14.39,4.19,4.19,STRAIGHT,right,right,,1.227,1.227,"CMD,4.2,1.23",3.265,0.1018,3.201,0.536,1,1.0,0,NORMAL,0.0,0.0,1,1,1,1,4,480.0,0,0,dijkstra,,template,0.85116,0.72,0.7455,0,0.28,right_sharp,right,0.9571,0.9744,10.6405,0.1859,0,,,,,,0,,,,855771,201736,0
52,14.361395120620728,2026-03-24T03:28:08.256614,44.94,0.0,3.03,0.0,5.09,0.0,1.0,57.08,19.84,4.191,4.19,STRAIGHT,right,right,,1.227,1.227,"CMD,4.2,1.23",3.265,0.1018,3.201,0.536,1,1.0,0,NORMAL,0.0,0.0,1,1,1,1,4,480.0,0,0,dijkstra,,template,0.84087,0.72,0.7458,0,0.28,right_sharp,right,0.9573,0.9744,10.6405,0.1851,0,,,,,,0,,,,851504,199583,0
53,14.415905714035034,2026-03-24T03:28:08.311125,40.43,1.01,3.01,0.0,6.05,0.0,0.0,54.51,19.71,4.191,4.191,STRAIGHT,right,right,,1.227,1.227,"CMD,4.2,1.23",3.265,0.1018,3.201,0.536,1,1.0,0,NORMAL,0.0,0.0,1,1,1,1,4,480.0,0,0,dijkstra,,template,0.83349,0.72,0.746,0,0.28,right_sharp,right,0.9576,0.9744,10.6405,0.1839,0,,,,,,0,,,,839223,198148,0
54,14.470893144607544,2026-03-24T03:28:08.366113,42.94,0.0,3.01,0.0,4.01,0.0,0.0,54.99,19.56,4.191,4.191,STRAIGHT,right,right,,1.227,1.227,"CMD,4.2,1.23",3.265,0.1018,3.201,0.536,1,1.0,0,NORMAL,0.0,0.0,1,1,1,1,4,480.0,0,0,dijkstra,,template,0.83433,0.72,0.746,0,0.28,right_sharp,right,0.9576,0.9744,10.6405,0.1838,0,,,,,,0,,,,831014,198211,0
55,14.521297931671143,2026-03-24T03:28:08.416517,37.85,0.0,3.01,0.0,5.45,0.0,1.01,50.4,19.51,4.191,4.191,STRAIGHT,right,right,,1.227,1.227,"CMD,4.2,1.23",3.265,0.1018,3.201,0.536,1,1.0,0,NORMAL,0.0,0.0,1,1,1,1,4,480.0,0,0,dijkstra,,template,0.8485,0.72,0.7457,0,0.28,right_sharp,right,0.9564,0.9744,10.6405,0.1888,0,,,,,,0,,,,848127,201389,0
56,14.57168197631836,2026-03-24T03:28:08.466901,38.3,1.0,2.03,0.0,4.04,0.0,0.0,50.38,19.44,4.191,4.191,STRAIGHT,right,right,,1.227,1.227,"CMD,4.2,1.23",3.265,0.1018,3.201,0.536,1,1.0,0,NORMAL,0.0,0.0,1,1,1,1,4,480.0,0,0,dijkstra,,template,0.85103,0.72,0.7455,0,0.28,right_sharp,right,0.9563,0.9744,10.6405,0.1895,0,,,,,,0,,,,868416,201800,0
57,14.618144989013672,2026-03-24T03:28:08.513364,35.27,0.0,3.01,0.0,4.17,0.0,0.0,46.46,19.44,4.191,4.191,STRAIGHT,right,right,,1.227,1.227,"CMD,4.2,1.23",3.265,0.1018,3.201,0.536,1,1.0,0,NORMAL,0.0,0.0,1,1,1,1,4,480.0,0,0,dijkstra,,template,0.85402,0.72,0.7455,0,0.28,right_sharp,right,0.9566,0.9744,10.6405,0.1881,0,,,,,,0,,,,888124,202449,0
58,14.665732145309448,2026-03-24T03:28:08.560952,35.51,1.0,2.01,0.0,4.04,0.0,0.0,47.59,19.4,4.191,4.191,STRAIGHT,right,right,,1.227,1.227,"CMD,4.2,1.23",3.265,0.1018,3.201,0.536,1,1.0,0,NORMAL,0.0,0.0,1,1,1,1,4,480.0,0,0,dijkstra,,template,0.85364,0.72,0.7457,0,0.28,right_sharp,right,0.9565,0.9744,10.6405,0.1884,0,,,,,,0,,,,885264,202420,0
59,14.715471029281616,2026-03-24T03:28:08.610690,38.29,0.0,3.03,0.0,4.4,0.0,0.0,49.74,19.36,4.191,4.191,STRAIGHT,right,right,,1.227,1.227,"CMD,4.2,1.23",3.265,0.1018,3.201,0.536,1,1.0,0,NORMAL,0.0,0.0,1,1,1,1,4,480.0,0,0,dijkstra,,template,0.85643,0.72,0.7456,0,0.28,right_sharp,right,0.9563,0.9744,10.6405,0.1894,0,,,,,,0,,,,893203,203048,0
60,14.764097452163696,2026-03-24T03:28:08.659317,36.55,1.01,2.03,0.0,4.02,0.0,0.0,48.63,19.36,4.191,4.191,STRAIGHT,right,right,,1.227,1.227,"CMD,4.2,1.23",3.265,0.1018,3.201,0.536,1,1.0,0,NORMAL,0.0,0.0,1,1,1,1,4,480.0,0,0,dijkstra,,template,0.85499,0.72,0.7454,0,0.28,right_sharp,right,0.9564,0.9744,10.6405,0.1887,0,,,,,,0,,,,893961,202749,0
61,14.813413619995117,2026-03-24T03:28:08.708633,37.27,1.0,2.01,0.0,5.02,0.0,0.0,49.32,19.36,4.191,4.191,STRAIGHT,right,right,,1.227,1.227,"CMD,4.2,1.23",3.265,0.1018,3.201,0.536,1,1.0,0,NORMAL,0.0,0.0,1,1,1,1,4,480.0,0,0,dijkstra,,template,0.8571,0.72,0.7453,0,0.28,right_sharp,right,0.9565,0.9744,10.6405,0.1884,0,,,,,,0,,,,916909,203172,0
62,14.862286567687988,2026-03-24T03:28:08.757506,36.71,0.0,3.01,0.0,4.13,0.0,0.0,48.87,19.41,4.191,4.191,STRAIGHT,right,right,,1.227,1.227,"CMD,4.2,1.23",3.265,0.1018,3.201,0.536,1,1.0,0,NORMAL,0.0,0.0,1,1,1,1,4,480.0,0,0,dijkstra,,template,0.85731,0.72,0.7453,0,0.28,right_sharp,right,0.9567,0.9744,10.6405,0.1878,0,,,,,,0,,,,917822,203234,0
63,14.91023325920105,2026-03-24T03:28:08.805453,35.49,0.0,3.01,0.0,5.37,0.0,1.02,47.95,19.42,4.191,4.191,STRAIGHT,right,right,,1.227,1.227,"CMD,4.2,1.23",3.265,0.1018,3.201,0.536,1,1.0,0,NORMAL,0.0,0.0,1,1,1,1,4,480.0,0,0,dijkstra,,template,0.85727,0.72,0.7453,0,0.28,right_sharp,right,0.9565,0.9744,10.6405,0.1883,0,,,,,,0,,,,904170,203232,0
64,14.958980560302734,2026-03-24T03:28:08.854200,37.42,0.0,2.01,0.0,4.28,0.0,0.0,48.75,19.41,4.191,4.191,STRAIGHT,right,right,,1.227,1.227,"CMD,4.2,1.23",3.265,0.1018,3.201,0.536,1,1.0,0,NORMAL,0.0,0.0,1,1,1,1,4,480.0,0,0,dijkstra,,template,0.85773,0.72,0.7454,0,0.28,right_sharp,right,0.9568,0.9744,10.6405,0.1872,0,,,,,,0,,,,894202,203302,0
65,15.007025241851807,2026-03-24T03:28:08.902245,36.81,0.0,3.02,0.0,4.2,0.0,0.0,48.04,19.43,4.191,4.191,STRAIGHT,right,right,,1.227,1.227,"CMD,4.2,1.23",3.265,0.1018,3.201,0.536,1,1.0,0,NORMAL,0.0,0.0,1,1,1,1,4,480.0,0,0,dijkstra,,template,0.85756,0.72,0.7456,0,0.28,right_sharp,right,0.9569,0.9744,10.6405,0.187,0,,,,,,0,,,,893172,203294,0
66,15.060758113861084,2026-03-24T03:28:08.955978,40.29,0.0,3.08,0.0,5.35,0.0,0.0,52.73,19.37,4.191,4.191,STRAIGHT,right,right,,1.227,1.227,"CMD,4.2,1.23",3.265,0.1018,3.201,0.536,1,1.0,0,NORMAL,0.0,0.0,1,1,1,1,4,480.0,0,0,dijkstra,,template,0.85714,0.72,0.7455,0,0.28,right_sharp,right,0.9567,0.9744,10.6405,0.1877,0,,,,,,0,,,,908497,203219,0
67,15.113109350204468,2026-03-24T03:28:09.008329,39.28,1.01,2.03,0.0,5.02,0.0,0.0,52.35,19.39,4.191,4.191,STRAIGHT,right,right,,1.227,1.227,"CMD,4.2,1.23",3.265,0.1018,3.201,0.536,1,1.0,0,NORMAL,0.0,0.0,1,1,1,1,4,480.0,0,0,dijkstra,,template,0.85769,0.72,0.7455,0,0.28,right_sharp,right,0.9568,0.9744,10.6405,0.1874,0,,,,,,0,,,,906993,203389,0
68,15.162821292877197,2026-03-24T03:28:09.058041,38.35,0.0,3.02,0.0,4.3,0.0,0.0,49.71,19.4,4.191,4.191,STRAIGHT,right,right,,1.227,1.227,"CMD,4.2,1.23",3.265,0.1018,3.201,0.536,1,1.0,0,NORMAL,0.0,0.0,1,1,1,1,4,480.0,0,0,dijkstra,,template,0.85786,0.72,0.7462,0,0.28,right_sharp,right,0.9568,0.9744,10.6405,0.1871,0,,,,,,0,,,,907075,203359,0
69,15.214506149291992,2026-03-24T03:28:09.109726,38.59,0.0,3.01,0.0,5.02,0.0,1.0,51.68,19.42,4.191,4.191,STRAIGHT,right,right,,1.227,1.227,"CMD,4.2,1.23",3.265,0.1018,3.201,0.536,1,1.0,0,NORMAL,0.0,0.0,1,1,1,1,4,480.0,0,0,dijkstra,,template,0.85761,0.72,0.7462,0,0.28,right_sharp,right,0.9568,0.9744,10.6405,0.1873,0,,,,,,0,,,,906376,203324,0
70,15.269047737121582,2026-03-24T03:28:09.164267,42.3,0.0,3.01,0.0,4.19,0.0,0.0,53.52,19.42,4.191,4.191,STRAIGHT,right,right,,1.227,1.227,"CMD,4.2,1.23",3.265,0.1018,3.201,0.536,1,1.0,0,NORMAL,0.0,0.0,1,1,1,1,4,480.0,0,0,dijkstra,,template,0.85794,0.72,0.7462,0,0.28,right_sharp,right,0.9568,0.9744,10.6405,0.187,0,,,,,,0,,,,906655,203363,0
71,15.321556329727173,2026-03-24T03:28:09.216776,39.36,0.0,3.03,0.0,6.1,0.0,1.0,52.51,19.42,4.191,4.191,STRAIGHT,right,right,,1.227,1.227,"CMD,4.2,1.23",3.265,0.1018,3.201,0.536,1,1.0,0,NORMAL,0.0,0.0,1,1,1,1,4,480.0,0,0,dijkstra,,template,0.85773,0.72,0.7461,0,0.28,right_sharp,right,0.9568,0.9744,10.6405,0.1871,0,,,,,,0,,,,905414,203332,0
72,15.376310110092163,2026-03-24T03:28:09.271530,42.57,0.0,3.01,0.0,4.03,0.0,0.0,54.75,19.42,4.191,4.191,STRAIGHT,right,right,,1.227,1.227,"CMD,4.2,1.23",3.265,0.1018,3.201,0.536,1,1.0,0,NORMAL,0.0,0.0,1,1,1,1,4,480.0,0,0,dijkstra,,template,0.85811,0.72,0.7461,0,0.28,right_sharp,right,0.9569,0.9744,10.6405,0.1869,0,,,,,,0,,,,905741,203405,0
73,15.429028511047363,2026-03-24T03:28:09.324248,40.44,1.0,2.01,0.0,4.17,0.0,0.0,52.72,19.39,4.191,4.191,STRAIGHT,right,right,,1.227,1.227,"CMD,4.2,1.23",3.265,0.1018,3.201,0.536,1,1.0,0,NORMAL,0.0,0.0,1,1,1,1,4,480.0,0,0,dijkstra,,template,0.85773,0.72,0.7461,0,0.28,right_sharp,right,0.9569,0.9744,10.6405,0.1868,0,,,,,,0,,,,905302,203283,0
74,15.482516050338745,2026-03-24T03:28:09.377735,41.42,0.0,3.01,0.0,4.03,0.0,0.0,53.49,19.41,4.191,4.191,STRAIGHT,right,right,,1.227,1.227,"CMD,4.2,1.23",3.265,0.1018,3.201,0.536,1,1.0,0,NORMAL,0.0,0.0,1,1,1,1,4,480.0,0,0,dijkstra,,template,0.85719,0.72,0.7461,0,0.28,right_sharp,right,0.957,0.9744,10.6405,0.1863,0,,,,,,0,,,,905403,203197,0
75,15.53027057647705,2026-03-24T03:28:09.425490,35.3,1.0,2.01,0.0,5.42,0.0,1.01,47.75,19.47,4.191,4.191,STRAIGHT,right,right,,1.227,1.227,"CMD,4.2,1.23",3.265,0.1018,3.201,0.536,1,1.0,0,NORMAL,0.0,0.0,1,1,1,1,4,480.0,0,0,dijkstra,,template,0.86009,0.72,0.746,0,0.28,right_sharp,right,0.957,0.9744,10.6405,0.1862,0,,,,,,0,,,,910504,203798,0
76,15.580994606018066,2026-03-24T03:28:09.476214,36.36,0.0,3.01,0.0,6.33,0.0,1.01,50.72,19.52,4.191,4.191,STRAIGHT,right,right,,1.227,1.227,"CMD,4.2,1.23",3.265,0.1018,3.201,0.536,1,1.0,0,NORMAL,0.0,0.0,1,1,1,1,4,480.0,0,0,dijkstra,,template,0.85997,0.72,0.746,0,0.28,right_sharp,right,0.957,0.9744,10.6405,0.1863,0,,,,,,0,,,,911182,203807,0
77,15.631653308868408,2026-03-24T03:28:09.526873,38.56,0.0,10.09,0.0,0.0,0.0,0.0,50.66,19.54,4.191,4.191,STRAIGHT,right,right,,1.227,1.227,"CMD,4.2,1.23",3.265,0.1018,3.201,0.536,1,1.0,0,NORMAL,0.0,0.0,1,1,1,1,4,480.0,0,0,dijkstra,,template,0.86018,0.72,0.7461,0,0.28,right_sharp,right,0.957,0.9744,10.6405,0.1863,0,,,,,,0,,,,908584,203842,0
78,15.693129301071167,2026-03-24T03:28:09.588349,41.34,0.0,0.0,0.0,10.11,0.0,0.0,61.48,19.45,4.191,4.191,STRAIGHT,right,right,,1.227,1.227,"CMD,4.2,1.23",3.265,0.1018,3.201,0.536,1,1.0,0,NORMAL,0.0,0.0,1,1,1,1,4,480.0,0,0,dijkstra,,template,0.86022,0.72,0.7462,0,0.28,right_sharp,right,0.957,0.9744,10.6405,0.1863,0,,,,,,0,,,,907841,203834,0
79,15.75428819656372,2026-03-24T03:28:09.649508,51.0,0.0,0.0,0.0,0.0,0.0,0.0,61.16,19.33,4.191,4.191,STRAIGHT,right,right,,1.227,1.227,"CMD,4.2,1.23",3.265,0.1018,3.201,0.536,1,1.0,0,NORMAL,0.0,0.0,1,1,1,1,4,480.0,0,0,dijkstra,,template,0.86009,0.72,0.7462,0,0.28,right_sharp,right,0.957,0.9744,10.6405,0.1863,0,,,,,,0,,,,907279,203780,0
