mask_case,planner,video,frame,key,runtime_ms,planner_path_source,has_path,inside_gt_ratio,mean_gt_clearance_px,mean_center_error_px,forward_span_px,heading_deg,path_points
oracle_gt,bev_dt_full,IMG_1878,frame_000000,IMG_1878/frame_000000,1769.7792000253685,dt_ridge,1.0,1.0,264.5896911621094,75.18518518518519,358.0,-80.70902914508375,81.0
oracle_gt,bev_dt_nearfield,IMG_1878,frame_000000,IMG_1878/frame_000000,1541.770899988478,dt_ridge,1.0,1.0,127.56314086914062,196.08219178082192,394.0,-15.512048727561288,73.0
oracle_gt,bev_graph,IMG_1878,frame_000000,IMG_1878/frame_000000,1868.0266000155825,dt_corridor,1.0,1.0,273.4526672363281,76.07236842105263,340.0,-80.90972307917768,76.0
oracle_gt,img_dt,IMG_1878,frame_000000,IMG_1878/frame_000000,176.14019999746233,img_dt,1.0,1.0,213.56016540527344,50.578125,477.0,-21.38205170855186,64.0
oracle_gt,img_midpoint,IMG_1878,frame_000000,IMG_1878/frame_000000,2.5794999965000898,img_midpoint,1.0,1.0,219.66665649414062,27.359375,469.0,-43.71267105847496,32.0
baseline_raw,bev_dt_full,IMG_1878,frame_000000,IMG_1878/frame_000000,1256.937600002857,dt_ridge,1.0,1.0,250.68426513671875,218.56172839506172,306.0,-85.57302835252061,81.0
baseline_raw,bev_dt_nearfield,IMG_1878,frame_000000,IMG_1878/frame_000000,1283.896700013429,dt_ridge,1.0,1.0,250.68426513671875,218.56172839506172,306.0,-85.57302835252061,81.0
baseline_raw,bev_graph,IMG_1878,frame_000000,IMG_1878/frame_000000,1295.3534999978729,dt_corridor,1.0,1.0,265.3468322753906,221.40540540540542,272.0,-86.23066651184986,74.0
baseline_raw,img_dt,IMG_1878,frame_000000,IMG_1878/frame_000000,199.43290000082925,img_dt,1.0,1.0,206.89503479003906,122.25,431.0,-53.94412834342752,58.0
baseline_raw,img_midpoint,IMG_1878,frame_000000,IMG_1878/frame_000000,2.2917999885976315,img_midpoint,1.0,1.0,220.9917449951172,86.74137931034483,424.0,5.132554439872967,29.0
candidate_confhold,bev_dt_full,IMG_1878,frame_000000,IMG_1878/frame_000000,2717.356800014386,dt_ridge,1.0,1.0,203.24168395996094,84.32716049382717,379.0,-42.288016532555055,81.0
candidate_confhold,bev_dt_nearfield,IMG_1878,frame_000000,IMG_1878/frame_000000,4166.3782999967225,dt_ridge,1.0,1.0,118.97311401367188,209.22602739726028,393.0,-11.982913812323314,73.0
candidate_confhold,bev_graph,IMG_1878,frame_000000,IMG_1878/frame_000000,57.432000001426786,fallback_skeleton,1.0,0.9887640476226807,147.3643341064453,156.8567415730337,449.0,-62.34546152475534,178.0
candidate_confhold,img_dt,IMG_1878,frame_000000,IMG_1878/frame_000000,162.4277999799233,img_dt,1.0,1.0,222.672119140625,40.42307692307692,484.0,-28.50847369408608,65.0
candidate_confhold,img_midpoint,IMG_1878,frame_000000,IMG_1878/frame_000000,2.336200006539002,img_midpoint,1.0,1.0,216.93943786621094,24.227272727272727,484.0,-28.05738923409091,33.0
oracle_gt,bev_dt_full,IMG_1878,frame_000364,IMG_1878/frame_000364,425.4752999986522,dt_ridge,1.0,1.0,104.44169616699219,14.128571428571428,382.0,-20.90556933691551,70.0
oracle_gt,bev_dt_nearfield,IMG_1878,frame_000364,IMG_1878/frame_000364,425.3896000154782,dt_ridge,1.0,1.0,104.44169616699219,14.128571428571428,382.0,-20.90556933691551,70.0
oracle_gt,bev_graph,IMG_1878,frame_000364,IMG_1878/frame_000364,48.440199985634536,fallback_skeleton,1.0,1.0,101.82038116455078,20.013513513513512,373.0,-26.01414719785942,74.0
oracle_gt,img_dt,IMG_1878,frame_000364,IMG_1878/frame_000364,59.413199982373044,img_dt,1.0,1.0,139.74050903320312,51.754901960784316,378.0,6.048506661000621,51.0
oracle_gt,img_midpoint,IMG_1878,frame_000364,IMG_1878/frame_000364,2.4107000208459795,img_midpoint,1.0,1.0,134.29376220703125,4.74,363.0,-19.677857521204608,25.0
baseline_raw,bev_dt_full,IMG_1878,frame_000364,IMG_1878/frame_000364,387.54499997594394,dt_ridge,1.0,1.0,117.57022094726562,17.766129032258064,365.0,-21.51588470949513,62.0
baseline_raw,bev_dt_nearfield,IMG_1878,frame_000364,IMG_1878/frame_000364,410.67549999570474,dt_ridge,1.0,1.0,117.57022094726562,17.766129032258064,365.0,-21.51588470949513,62.0
baseline_raw,bev_graph,IMG_1878,frame_000364,IMG_1878/frame_000364,424.38579999725334,dt_corridor,1.0,1.0,117.15077209472656,17.532258064516128,365.0,-21.51588470949513,62.0
baseline_raw,img_dt,IMG_1878,frame_000364,IMG_1878/frame_000364,58.40040001203306,img_dt,1.0,1.0,150.32884216308594,49.15625,356.0,8.686354581236651,48.0
baseline_raw,img_midpoint,IMG_1878,frame_000364,IMG_1878/frame_000364,1.9097999902442098,img_midpoint,1.0,1.0,137.3404998779297,9.4375,348.0,-14.036243467926479,24.0
candidate_confhold,bev_dt_full,IMG_1878,frame_000364,IMG_1878/frame_000364,462.8642000025138,dt_ridge,1.0,0.9295774698257446,102.69673919677734,16.161971830985916,386.0,-20.690668513933073,71.0
candidate_confhold,bev_dt_nearfield,IMG_1878,frame_000364,IMG_1878/frame_000364,446.96979998843744,dt_ridge,1.0,0.9295774698257446,102.69673919677734,16.161971830985916,386.0,-20.690668513933073,71.0
candidate_confhold,bev_graph,IMG_1878,frame_000364,IMG_1878/frame_000364,514.8953000025358,dt_corridor,1.0,0.9295774698257446,102.34147644042969,15.971830985915492,386.0,-20.609692937532067,71.0
candidate_confhold,img_dt,IMG_1878,frame_000364,IMG_1878/frame_000364,59.116899996297434,img_dt,1.0,0.9607843160629272,139.72964477539062,52.5,378.0,6.048506661000621,51.0
candidate_confhold,img_midpoint,IMG_1878,frame_000364,IMG_1878/frame_000364,1.9603999971877784,img_midpoint,1.0,1.0,129.06732177734375,4.615384615384615,378.0,-19.677857521204608,26.0
oracle_gt,bev_dt_full,IMG_1878,frame_000728,IMG_1878/frame_000728,396.5147999988403,dt_ridge,1.0,1.0,98.87721252441406,28.9375,368.0,-21.662790935406402,64.0
oracle_gt,bev_dt_nearfield,IMG_1878,frame_000728,IMG_1878/frame_000728,427.0554999820888,dt_ridge,1.0,1.0,98.87721252441406,28.9375,368.0,-21.662790935406402,64.0
oracle_gt,bev_graph,IMG_1878,frame_000728,IMG_1878/frame_000728,469.09149998100474,endpoint_arc,1.0,1.0,106.96782684326172,49.42857142857143,281.0,-25.21716389687939,49.0
oracle_gt,img_dt,IMG_1878,frame_000728,IMG_1878/frame_000728,62.38479999592528,img_dt,1.0,0.9795918464660645,138.8396453857422,31.73469387755102,363.0,10.619655276155134,49.0
oracle_gt,img_midpoint,IMG_1878,frame_000728,IMG_1878/frame_000728,2.667499997187406,img_midpoint,1.0,1.0,131.3574676513672,17.5625,348.0,-12.43956201884655,24.0
baseline_raw,bev_dt_full,IMG_1878,frame_000728,IMG_1878/frame_000728,167.44410002138466,dt_ridge,1.0,1.0,125.30828857421875,96.33870967741936,194.0,-7.815293546766876,31.0
baseline_raw,bev_dt_nearfield,IMG_1878,frame_000728,IMG_1878/frame_000728,165.289099997608,dt_ridge,1.0,1.0,125.30828857421875,96.33870967741936,194.0,-7.815293546766876,31.0
baseline_raw,bev_graph,IMG_1878,frame_000728,IMG_1878/frame_000728,26.640099997166544,fallback_skeleton,1.0,1.0,192.4808349609375,51.0,115.0,-34.824489156956794,14.0
baseline_raw,img_dt,IMG_1878,frame_000728,IMG_1878/frame_000728,37.0946999755688,img_dt,1.0,1.0,179.46841430664062,71.36538461538461,189.0,0.0,26.0
baseline_raw,img_midpoint,IMG_1878,frame_000728,IMG_1878/frame_000728,1.6743000014685094,img_midpoint,1.0,1.0,179.3584747314453,21.23076923076923,182.0,-8.972626614896393,13.0
candidate_confhold,bev_dt_full,IMG_1878,frame_000728,IMG_1878/frame_000728,422.5574999873061,dt_ridge,1.0,1.0,99.25984191894531,27.1328125,368.0,-22.90576965841719,64.0
candidate_confhold,bev_dt_nearfield,IMG_1878,frame_000728,IMG_1878/frame_000728,426.7503999872133,dt_ridge,1.0,1.0,99.25984191894531,27.1328125,368.0,-22.90576965841719,64.0
candidate_confhold,bev_graph,IMG_1878,frame_000728,IMG_1878/frame_000728,477.26369998417795,dt_corridor,1.0,1.0,98.88494110107422,26.359375,368.0,-22.809711103877454,64.0
candidate_confhold,img_dt,IMG_1878,frame_000728,IMG_1878/frame_000728,55.39020002470352,img_dt,1.0,1.0,138.6484375,32.55102040816327,363.0,10.619655276155134,49.0
candidate_confhold,img_midpoint,IMG_1878,frame_000728,IMG_1878/frame_000728,1.9841000030282885,img_midpoint,1.0,1.0,132.03273010253906,17.104166666666668,348.0,-12.037202320365747,24.0
oracle_gt,bev_dt_full,IMG_1878,frame_001104,IMG_1878/frame_001104,447.7156999928411,dt_ridge,1.0,0.9298245906829834,93.12722778320312,63.324561403508774,322.0,-11.529035725354277,57.0
oracle_gt,bev_dt_nearfield,IMG_1878,frame_001104,IMG_1878/frame_001104,447.60970000061207,dt_ridge,1.0,0.9298245906829834,93.12722778320312,63.324561403508774,322.0,-11.529035725354277,57.0
oracle_gt,bev_graph,IMG_1878,frame_001104,IMG_1878/frame_001104,475.551399984397,dt_corridor,1.0,0.8928571343421936,93.61817169189453,64.4375,322.0,-11.529035725354277,56.0
oracle_gt,img_dt,IMG_1878,frame_001104,IMG_1878/frame_001104,93.5835000127554,img_dt,1.0,1.0,107.5511703491211,95.72093023255815,318.0,4.873896422204769,43.0
oracle_gt,img_midpoint,IMG_1878,frame_001104,IMG_1878/frame_001104,2.110100002028048,img_midpoint,1.0,1.0,112.74651336669922,38.73809523809524,303.0,58.95247776808495,21.0
baseline_raw,bev_dt_full,IMG_1878,frame_001104,IMG_1878/frame_001104,182.7206999878399,dt_ridge,1.0,1.0,136.0752716064453,124.72115384615384,192.0,43.06941255883301,52.0
baseline_raw,bev_dt_nearfield,IMG_1878,frame_001104,IMG_1878/frame_001104,180.00409999513067,dt_ridge,1.0,1.0,136.0752716064453,124.72115384615384,192.0,43.06941255883301,52.0
baseline_raw,bev_graph,IMG_1878,frame_001104,IMG_1878/frame_001104,25.418000004719943,fallback_skeleton,1.0,1.0,236.3716278076172,127.5,95.0,-61.69924423399363,12.0
baseline_raw,img_dt,IMG_1878,frame_001104,IMG_1878/frame_001104,46.998700010590255,img_dt,1.0,1.0,106.76351165771484,249.98076923076923,189.0,78.86144023381637,26.0
baseline_raw,img_midpoint,IMG_1878,frame_001104,IMG_1878/frame_001104,2.3138000105973333,img_midpoint,1.0,1.0,137.32667541503906,178.57692307692307,182.0,-11.888658039627975,13.0
candidate_confhold,bev_dt_full,IMG_1878,frame_001104,IMG_1878/frame_001104,482.5503999891225,dt_ridge,1.0,0.9180327653884888,85.93036651611328,61.15573770491803,341.0,-15.20803919063533,61.0
candidate_confhold,bev_dt_nearfield,IMG_1878,frame_001104,IMG_1878/frame_001104,482.3809999797959,dt_ridge,1.0,0.9180327653884888,85.93036651611328,61.15573770491803,341.0,-15.20803919063533,61.0
candidate_confhold,bev_graph,IMG_1878,frame_001104,IMG_1878/frame_001104,529.4289000157733,dt_corridor,1.0,0.9180327653884888,85.6114730834961,60.28688524590164,341.0,-15.466714793050297,61.0
candidate_confhold,img_dt,IMG_1878,frame_001104,IMG_1878/frame_001104,91.35140001308173,img_dt,1.0,0.9555555582046509,104.98357391357422,89.57777777777778,333.0,6.7098368077569335,45.0
candidate_confhold,img_midpoint,IMG_1878,frame_001104,IMG_1878/frame_001104,2.3179999843705446,img_midpoint,1.0,0.9090909361839294,103.9799575805664,30.40909090909091,318.0,56.954482802493075,22.0
oracle_gt,bev_dt_full,IMG_1878,frame_001456,IMG_1878/frame_001456,189.1386000206694,dt_ridge,1.0,1.0,66.53671264648438,53.287234042553195,297.0,-50.624628041445916,47.0
oracle_gt,bev_dt_nearfield,IMG_1878,frame_001456,IMG_1878/frame_001456,195.0242999882903,dt_ridge,1.0,1.0,66.53671264648438,53.287234042553195,297.0,-50.624628041445916,47.0
oracle_gt,bev_graph,IMG_1878,frame_001456,IMG_1878/frame_001456,29.19919998385012,fallback_centerline,1.0,0.5142857432365417,23.940202713012695,95.18571428571428,278.0,-18.321040862628898,35.0
oracle_gt,img_dt,IMG_1878,frame_001456,IMG_1878/frame_001456,46.159999998053536,img_dt,1.0,1.0,89.96808624267578,93.05,295.0,-5.194428907734806,40.0
oracle_gt,img_midpoint,IMG_1878,frame_001456,IMG_1878/frame_001456,2.2499999904539436,img_midpoint,1.0,1.0,57.10900115966797,31.4,288.0,-63.24428137528977,20.0
baseline_raw,bev_dt_full,IMG_1878,frame_001456,IMG_1878/frame_001456,117.00710002332926,dt_ridge,1.0,1.0,90.67901611328125,98.81818181818181,161.0,-48.12213046211571,22.0
baseline_raw,bev_dt_nearfield,IMG_1878,frame_001456,IMG_1878/frame_001456,117.55170000833459,dt_ridge,1.0,1.0,90.67901611328125,98.81818181818181,161.0,-48.12213046211571,22.0
baseline_raw,bev_graph,IMG_1878,frame_001456,IMG_1878/frame_001456,20.855999988270923,fallback_centerline,1.0,1.0,52.618221282958984,116.875,154.0,-32.08218715606604,16.0
baseline_raw,img_dt,IMG_1878,frame_001456,IMG_1878/frame_001456,28.65150000434369,img_dt,0.0,0.0,0.0,999.0,0.0,0.0,0.0
baseline_raw,img_midpoint,IMG_1878,frame_001456,IMG_1878/frame_001456,1.675199979217723,img_midpoint,0.0,0.0,0.0,999.0,0.0,0.0,0.0
candidate_confhold,bev_dt_full,IMG_1878,frame_001456,IMG_1878/frame_001456,201.44379997509532,dt_ridge,1.0,1.0,66.94102478027344,52.670212765957444,298.0,-50.31454566994475,47.0
candidate_confhold,bev_dt_nearfield,IMG_1878,frame_001456,IMG_1878/frame_001456,191.68280001031235,dt_ridge,1.0,1.0,66.94102478027344,52.670212765957444,298.0,-50.31454566994475,47.0
candidate_confhold,bev_graph,IMG_1878,frame_001456,IMG_1878/frame_001456,30.676900001708418,fallback_skeleton,1.0,1.0,72.8412094116211,57.01136363636363,273.0,-52.980113745168524,44.0
candidate_confhold,img_dt,IMG_1878,frame_001456,IMG_1878/frame_001456,45.909699983894825,img_dt,1.0,1.0,87.94564056396484,92.55,295.0,-5.194428907734806,40.0
candidate_confhold,img_midpoint,IMG_1878,frame_001456,IMG_1878/frame_001456,1.8483000167179853,img_midpoint,1.0,1.0,56.45698165893555,32.4,288.0,-63.24428137528977,20.0
oracle_gt,bev_dt_full,IMG_1878,frame_001829,IMG_1878/frame_001829,280.15889998641796,dt_ridge,1.0,0.790123462677002,45.432159423828125,37.50617283950617,314.0,-15.945395900922854,81.0
oracle_gt,bev_dt_nearfield,IMG_1878,frame_001829,IMG_1878/frame_001829,287.28119999868795,dt_ridge,1.0,0.790123462677002,45.432159423828125,37.50617283950617,314.0,-15.945395900922854,81.0
oracle_gt,bev_graph,IMG_1878,frame_001829,IMG_1878/frame_001829,43.86989999329671,fallback_skeleton,1.0,0.7200000286102295,36.914546966552734,44.745,348.0,-6.130488731240729,100.0
oracle_gt,img_dt,IMG_1878,frame_001829,IMG_1878/frame_001829,35.06480000214651,img_dt,1.0,0.9347826242446899,85.44328308105469,27.57608695652174,341.0,13.240519915187205,46.0
oracle_gt,img_midpoint,IMG_1878,frame_001829,IMG_1878/frame_001829,2.508200006559491,img_midpoint,1.0,0.9130434989929199,80.51155090332031,26.58695652173913,333.0,-10.007979801441337,23.0
baseline_raw,bev_dt_full,IMG_1878,frame_001829,IMG_1878/frame_001829,125.30229997355491,dt_ridge,1.0,1.0,96.44329071044922,47.75714285714286,266.0,-32.13289585998094,35.0
baseline_raw,bev_dt_nearfield,IMG_1878,frame_001829,IMG_1878/frame_001829,128.57540001277812,dt_ridge,1.0,1.0,96.44329071044922,47.75714285714286,266.0,-32.13289585998094,35.0
baseline_raw,bev_graph,IMG_1878,frame_001829,IMG_1878/frame_001829,146.4101000165101,dt_corridor,1.0,1.0,96.10477447509766,48.042857142857144,266.0,-32.13289585998094,35.0
baseline_raw,img_dt,IMG_1878,frame_001829,IMG_1878/frame_001829,27.75190002284944,img_dt,1.0,1.0,111.1595230102539,23.714285714285715,257.0,19.241878278024384,35.0
baseline_raw,img_midpoint,IMG_1878,frame_001829,IMG_1878/frame_001829,1.812099973903969,img_midpoint,1.0,1.0,104.3299789428711,27.055555555555557,257.0,-14.796762245057346,18.0
candidate_confhold,bev_dt_full,IMG_1878,frame_001829,IMG_1878/frame_001829,216.03910002158955,dt_ridge,1.0,0.9259259104728699,46.66615295410156,34.23456790123457,325.0,-16.09483682316408,81.0
candidate_confhold,bev_dt_nearfield,IMG_1878,frame_001829,IMG_1878/frame_001829,215.69599999929778,dt_ridge,1.0,0.9259259104728699,46.66615295410156,34.23456790123457,325.0,-16.09483682316408,81.0
candidate_confhold,bev_graph,IMG_1878,frame_001829,IMG_1878/frame_001829,259.5629999996163,endpoint_arc,1.0,1.0,103.38462829589844,44.232142857142854,226.0,-29.10473162741869,28.0
candidate_confhold,img_dt,IMG_1878,frame_001829,IMG_1878/frame_001829,35.23219999624416,img_dt,1.0,0.97826087474823,85.85609436035156,22.565217391304348,341.0,15.219464831173802,46.0
candidate_confhold,img_midpoint,IMG_1878,frame_001829,IMG_1878/frame_001829,2.127699990523979,img_midpoint,1.0,0.9130434989929199,81.31849670410156,27.52173913043478,333.0,-9.598903068541803,23.0
oracle_gt,bev_dt_full,IMG_1878,frame_002193,IMG_1878/frame_002193,188.24230000609532,dt_ridge,1.0,0.9333333373069763,89.30828094482422,12.766666666666667,308.0,-27.2812111225484,45.0
oracle_gt,bev_dt_nearfield,IMG_1878,frame_002193,IMG_1878/frame_002193,189.64409999898635,dt_ridge,1.0,0.9333333373069763,89.30828094482422,12.766666666666667,308.0,-27.2812111225484,45.0
oracle_gt,bev_graph,IMG_1878,frame_002193,IMG_1878/frame_002193,222.54759998759255,dt_corridor,1.0,0.9545454382896423,90.87902069091797,12.556818181818182,308.0,-27.914702055512706,44.0
oracle_gt,img_dt,IMG_1878,frame_002193,IMG_1878/frame_002193,36.75279999151826,img_dt,1.0,1.0,108.81465911865234,30.353658536585368,303.0,12.578935237493054,41.0
oracle_gt,img_midpoint,IMG_1878,frame_002193,IMG_1878/frame_002193,2.390799985732883,img_midpoint,1.0,1.0,105.33369445800781,5.5,288.0,-15.694924143420016,20.0
baseline_raw,bev_dt_full,IMG_1878,frame_002193,IMG_1878/frame_002193,165.45339999720454,dt_ridge,1.0,1.0,102.8397445678711,13.807692307692308,282.0,-30.256437163529263,39.0
baseline_raw,bev_dt_nearfield,IMG_1878,frame_002193,IMG_1878/frame_002193,166.46519998903386,dt_ridge,1.0,1.0,102.8397445678711,13.807692307692308,282.0,-30.256437163529263,39.0
baseline_raw,bev_graph,IMG_1878,frame_002193,IMG_1878/frame_002193,196.45869999658316,dt_corridor,1.0,1.0,102.55867767333984,13.23076923076923,282.0,-30.256437163529263,39.0
baseline_raw,img_dt,IMG_1878,frame_002193,IMG_1878/frame_002193,35.168000002158806,img_dt,1.0,1.0,116.71600341796875,33.4078947368421,280.0,13.324531261890785,38.0
baseline_raw,img_midpoint,IMG_1878,frame_002193,IMG_1878/frame_002193,2.0831000001635402,img_midpoint,1.0,1.0,110.12628173828125,6.184210526315789,272.0,-17.292449399877686,19.0
candidate_confhold,bev_dt_full,IMG_1878,frame_002193,IMG_1878/frame_002193,171.60399997374043,dt_ridge,1.0,0.9767441749572754,93.2056884765625,12.965116279069768,303.0,-27.914702055512706,43.0
candidate_confhold,bev_dt_nearfield,IMG_1878,frame_002193,IMG_1878/frame_002193,176.55139998532832,dt_ridge,1.0,0.9767441749572754,93.2056884765625,12.965116279069768,303.0,-27.914702055512706,43.0
candidate_confhold,bev_graph,IMG_1878,frame_002193,IMG_1878/frame_002193,204.9125999910757,dt_corridor,1.0,0.9767441749572754,92.8626937866211,12.581395348837209,303.0,-27.914702055512706,43.0
candidate_confhold,img_dt,IMG_1878,frame_002193,IMG_1878/frame_002193,36.17750000557862,img_dt,1.0,1.0,111.94517517089844,31.4875,295.0,12.578935237493054,40.0
candidate_confhold,img_midpoint,IMG_1878,frame_002193,IMG_1878/frame_002193,1.8788000161293894,img_midpoint,1.0,1.0,106.03462219238281,4.45,288.0,-16.568829179599057,20.0
oracle_gt,bev_dt_full,IMG_1878,frame_002598,IMG_1878/frame_002598,427.1076000004541,dt_ridge,1.0,0.9230769276618958,91.53018188476562,53.54807692307692,331.0,-11.607415675794945,52.0
oracle_gt,bev_dt_nearfield,IMG_1878,frame_002598,IMG_1878/frame_002598,424.72179999458604,dt_ridge,1.0,0.9230769276618958,91.53018188476562,53.54807692307692,331.0,-11.607415675794945,52.0
oracle_gt,bev_graph,IMG_1878,frame_002598,IMG_1878/frame_002598,43.88829998788424,fallback_centerline,1.0,1.0,86.65723419189453,50.63636363636363,316.0,-8.3929251873925,44.0
oracle_gt,img_dt,IMG_1878,frame_002598,IMG_1878/frame_002598,60.72360000689514,img_dt,1.0,1.0,114.84028625488281,82.17045454545455,325.0,20.409882833803987,44.0
oracle_gt,img_midpoint,IMG_1878,frame_002598,IMG_1878/frame_002598,2.356800017878413,img_midpoint,1.0,1.0,92.75741577148438,25.022727272727273,318.0,-24.835167555264906,22.0
baseline_raw,bev_dt_full,IMG_1878,frame_002598,IMG_1878/frame_002598,184.09969998174347,dt_ridge,1.0,1.0,127.69791412353516,58.720588235294116,261.0,-12.925999124705953,34.0
baseline_raw,bev_dt_nearfield,IMG_1878,frame_002598,IMG_1878/frame_002598,180.04069998278283,dt_ridge,1.0,1.0,127.69791412353516,58.720588235294116,261.0,-12.925999124705953,34.0
baseline_raw,bev_graph,IMG_1878,frame_002598,IMG_1878/frame_002598,33.82549999514595,fallback_centerline,1.0,1.0,114.17214965820312,52.81666666666667,249.0,-7.621071309297047,30.0
baseline_raw,img_dt,IMG_1878,frame_002598,IMG_1878/frame_002598,43.828199995914474,img_dt,1.0,1.0,138.4840850830078,64.22857142857143,257.0,33.06184950549516,35.0
baseline_raw,img_midpoint,IMG_1878,frame_002598,IMG_1878/frame_002598,2.253799990285188,img_midpoint,1.0,1.0,132.12351989746094,41.6764705882353,242.0,-12.39540683375846,17.0
candidate_confhold,bev_dt_full,IMG_1878,frame_002598,IMG_1878/frame_002598,315.5553999822587,dt_ridge,1.0,1.0,99.06771087646484,57.53125,323.0,-11.80706342159856,48.0
candidate_confhold,bev_dt_nearfield,IMG_1878,frame_002598,IMG_1878/frame_002598,317.45349999982864,dt_ridge,1.0,1.0,99.06771087646484,57.53125,323.0,-11.80706342159856,48.0
candidate_confhold,bev_graph,IMG_1878,frame_002598,IMG_1878/frame_002598,361.5047999774106,dt_corridor,1.0,1.0,98.87628936767578,57.270833333333336,323.0,-11.80706342159856,48.0
candidate_confhold,img_dt,IMG_1878,frame_002598,IMG_1878/frame_002598,57.298700005048886,img_dt,1.0,1.0,116.30164337158203,83.73255813953489,318.0,20.409882833803987,43.0
candidate_confhold,img_midpoint,IMG_1878,frame_002598,IMG_1878/frame_002598,2.156200003810227,img_midpoint,1.0,1.0,104.02640533447266,26.69047619047619,303.0,-15.694924143420016,21.0
oracle_gt,bev_dt_full,IMG_1921,frame_000064,IMG_1921/frame_000064,1237.2395999846049,dt_ridge,1.0,1.0,130.31736755371094,99.83333333333333,386.0,-42.288016532555055,81.0
oracle_gt,bev_dt_nearfield,IMG_1921,frame_000064,IMG_1921/frame_000064,1491.3850000011735,dt_ridge,1.0,1.0,108.18054962158203,117.18987341772151,395.0,-31.22402109924826,79.0
oracle_gt,bev_graph,IMG_1921,frame_000064,IMG_1921/frame_000064,41.92069999407977,fallback_skeleton,1.0,1.0,83.7220458984375,104.96464646464646,407.0,-32.103190862331324,99.0
oracle_gt,img_dt,IMG_1921,frame_000064,IMG_1921/frame_000064,92.3594000050798,img_dt,1.0,0.9491525292396545,151.33680725097656,91.83050847457628,439.0,-7.2060570013832725,59.0
oracle_gt,img_midpoint,IMG_1921,frame_000064,IMG_1921/frame_000064,2.068900008453056,img_midpoint,1.0,1.0,140.88844299316406,7.637931034482759,424.0,-7.841703215103066,29.0
baseline_raw,bev_dt_full,IMG_1921,frame_000064,IMG_1921/frame_000064,1167.702900012955,dt_ridge,1.0,1.0,130.29287719726562,99.79629629629629,388.0,-42.288016532555055,81.0
baseline_raw,bev_dt_nearfield,IMG_1921,frame_000064,IMG_1921/frame_000064,1339.535099978093,dt_ridge,1.0,1.0,111.82676696777344,107.175,396.0,-35.12791269088652,80.0
baseline_raw,bev_graph,IMG_1921,frame_000064,IMG_1921/frame_000064,1147.6151999959257,dt_corridor,1.0,1.0,123.89795684814453,98.24698795180723,394.0,-40.309315544265154,83.0
baseline_raw,img_dt,IMG_1921,frame_000064,IMG_1921/frame_000064,90.69740000995807,img_dt,1.0,1.0,165.00503540039062,100.9245283018868,394.0,-5.74626920979624,53.0
baseline_raw,img_midpoint,IMG_1921,frame_000064,IMG_1921/frame_000064,2.0543999853543937,img_midpoint,1.0,1.0,151.3831787109375,7.462962962962963,394.0,-10.871452925854834,27.0
candidate_confhold,bev_dt_full,IMG_1921,frame_000064,IMG_1921/frame_000064,1182.8323000227101,dt_ridge,1.0,1.0,130.1538543701172,99.08024691358025,387.0,-42.288016532555055,81.0
candidate_confhold,bev_dt_nearfield,IMG_1921,frame_000064,IMG_1921/frame_000064,1487.1770999743603,dt_ridge,1.0,1.0,108.18054962158203,117.18987341772151,395.0,-31.22402109924826,79.0
candidate_confhold,bev_graph,IMG_1921,frame_000064,IMG_1921/frame_000064,1266.9525000092108,dt_corridor,1.0,1.0,129.48080444335938,91.78915662650603,390.0,-40.309315544265154,83.0
candidate_confhold,img_dt,IMG_1921,frame_000064,IMG_1921/frame_000064,98.81049999967217,img_dt,1.0,1.0,162.35047912597656,95.92727272727272,409.0,-7.504732450611963,55.0
candidate_confhold,img_midpoint,IMG_1921,frame_000064,IMG_1921/frame_000064,2.243599999928847,img_midpoint,1.0,1.0,151.07913208007812,6.87037037037037,394.0,-11.236944259344769,27.0
oracle_gt,bev_dt_full,IMG_1921,frame_001002,IMG_1921/frame_001002,1314.5694000122603,dt_ridge,1.0,1.0,150.46665954589844,42.641975308641975,408.0,-10.974382696753661,81.0
oracle_gt,bev_dt_nearfield,IMG_1921,frame_001002,IMG_1921/frame_001002,2006.0816000041086,dt_ridge,1.0,1.0,162.78814697265625,47.863013698630134,393.0,-11.040940180323732,73.0
oracle_gt,bev_graph,IMG_1921,frame_001002,IMG_1921/frame_001002,81.66979998350143,fallback_centerline,1.0,1.0,135.37582397460938,36.86875,404.0,-8.74616226255521,80.0
oracle_gt,img_dt,IMG_1921,frame_001002,IMG_1921/frame_001002,130.32050000037998,img_dt,1.0,0.9285714030265808,162.7388916015625,27.792857142857144,522.0,2.9702306071965188,70.0
oracle_gt,img_midpoint,IMG_1921,frame_001002,IMG_1921/frame_001002,2.8501999913714826,img_midpoint,1.0,1.0,169.3070831298828,7.185714285714286,515.0,14.036243467926479,35.0
baseline_raw,bev_dt_full,IMG_1921,frame_001002,IMG_1921/frame_001002,1311.9080000033136,dt_ridge,1.0,1.0,150.44561767578125,42.73456790123457,408.0,-10.974382696753661,81.0
baseline_raw,bev_dt_nearfield,IMG_1921,frame_001002,IMG_1921/frame_001002,1886.8506999860983,dt_ridge,1.0,1.0,162.78814697265625,47.863013698630134,393.0,-11.040940180323732,73.0
baseline_raw,bev_graph,IMG_1921,frame_001002,IMG_1921/frame_001002,76.76169998012483,fallback_centerline,1.0,1.0,135.4075164794922,37.3875,403.0,-8.74616226255521,80.0
baseline_raw,img_dt,IMG_1921,frame_001002,IMG_1921/frame_001002,123.29630000749603,img_dt,1.0,1.0,188.62936401367188,25.975,447.0,3.4587243188064174,60.0
baseline_raw,img_midpoint,IMG_1921,frame_001002,IMG_1921/frame_001002,2.8677999798674136,img_midpoint,1.0,1.0,196.35447692871094,6.45,439.0,17.38986809702997,30.0
candidate_confhold,bev_dt_full,IMG_1921,frame_001002,IMG_1921/frame_001002,1257.6419999822974,dt_ridge,1.0,1.0,150.47837829589844,42.41358024691358,408.0,-10.974382696753661,81.0
candidate_confhold,bev_dt_nearfield,IMG_1921,frame_001002,IMG_1921/frame_001002,1962.6744000124745,dt_ridge,1.0,1.0,162.78814697265625,47.863013698630134,393.0,-11.040940180323732,73.0
candidate_confhold,bev_graph,IMG_1921,frame_001002,IMG_1921/frame_001002,85.63549999962561,fallback_centerline,1.0,1.0,135.52713012695312,36.45625,404.0,-8.951070641679765,80.0
candidate_confhold,img_dt,IMG_1921,frame_001002,IMG_1921/frame_001002,121.33100000210106,img_dt,1.0,1.0,165.85302734375,26.492753623188406,515.0,3.086489263781074,69.0
candidate_confhold,img_midpoint,IMG_1921,frame_001002,IMG_1921/frame_001002,2.2213000047486275,img_midpoint,1.0,0.9428571462631226,168.97030639648438,6.985714285714286,515.0,14.54383399345571,35.0
oracle_gt,bev_dt_full,IMG_1921,frame_001876,IMG_1921/frame_001876,1559.9493999907281,dt_ridge,1.0,1.0,159.61891174316406,24.833333333333332,396.0,-28.97102169372329,81.0
oracle_gt,bev_dt_nearfield,IMG_1921,frame_001876,IMG_1921/frame_001876,2268.914699991001,dt_ridge,1.0,1.0,133.76658630371094,57.108108108108105,394.0,-19.290046219188735,74.0
oracle_gt,bev_graph,IMG_1921,frame_001876,IMG_1921/frame_001876,66.81479999679141,fallback_centerline,1.0,1.0,107.2947006225586,75.97916666666667,388.0,-13.547938988000494,72.0
oracle_gt,img_dt,IMG_1921,frame_001876,IMG_1921/frame_001876,116.54219997581095,img_dt,1.0,1.0,185.33892822265625,63.2109375,477.0,-11.659292653522998,64.0
oracle_gt,img_midpoint,IMG_1921,frame_001876,IMG_1921/frame_001876,2.5529999984428287,img_midpoint,1.0,1.0,169.56686401367188,3.338709677419355,454.0,5.648247373735264,31.0
baseline_raw,bev_dt_full,IMG_1921,frame_001876,IMG_1921/frame_001876,1423.8187999872025,dt_ridge,1.0,1.0,160.2872314453125,26.487654320987655,395.0,-28.97102169372329,81.0
baseline_raw,bev_dt_nearfield,IMG_1921,frame_001876,IMG_1921/frame_001876,2061.43850000808,dt_ridge,1.0,1.0,135.61004638671875,47.98026315789474,395.0,-18.85315876441911,76.0
baseline_raw,bev_graph,IMG_1921,frame_001876,IMG_1921/frame_001876,74.47749999118969,fallback_centerline,1.0,1.0,108.83942413330078,75.21126760563381,387.0,-13.547938988000494,71.0
baseline_raw,img_dt,IMG_1921,frame_001876,IMG_1921/frame_001876,109.26050000125542,img_dt,1.0,1.0,199.83258056640625,65.54237288135593,439.0,-10.738897100905442,59.0
baseline_raw,img_midpoint,IMG_1921,frame_001876,IMG_1921/frame_001876,2.123300015227869,img_midpoint,1.0,1.0,174.8058624267578,3.5166666666666666,439.0,5.336320097391443,30.0
candidate_confhold,bev_dt_full,IMG_1921,frame_001876,IMG_1921/frame_001876,1490.086000005249,dt_ridge,1.0,1.0,159.51536560058594,24.77777777777778,396.0,-28.97102169372329,81.0
candidate_confhold,bev_dt_nearfield,IMG_1921,frame_001876,IMG_1921/frame_001876,2255.10559999384,dt_ridge,1.0,1.0,134.24415588378906,55.91891891891892,394.0,-19.290046219188735,74.0
candidate_confhold,bev_graph,IMG_1921,frame_001876,IMG_1921/frame_001876,77.03819999005646,fallback_centerline,1.0,1.0,107.54695129394531,75.78472222222223,388.0,-13.600542516658743,72.0
candidate_confhold,img_dt,IMG_1921,frame_001876,IMG_1921/frame_001876,112.27189999772236,img_dt,1.0,1.0,188.13844299316406,64.10317460317461,469.0,-11.368219106520934,63.0
candidate_confhold,img_midpoint,IMG_1921,frame_001876,IMG_1921/frame_001876,2.1806999866385013,img_midpoint,1.0,1.0,169.6829833984375,3.1129032258064515,454.0,6.271077449501146,31.0
oracle_gt,bev_dt_full,IMG_1921,frame_002814,IMG_1921/frame_002814,1376.5094999980647,dt_ridge,1.0,1.0,148.0575408935547,76.9753086419753,382.0,-7.973983450297686,81.0
oracle_gt,bev_dt_nearfield,IMG_1921,frame_002814,IMG_1921/frame_002814,1853.4214999817777,dt_ridge,1.0,1.0,138.5357666015625,78.06493506493507,391.0,-11.046303447135092,77.0
oracle_gt,bev_graph,IMG_1921,frame_002814,IMG_1921/frame_002814,77.45539999450557,fallback_centerline,1.0,0.9436619877815247,119.148193359375,81.20422535211267,385.0,-4.629234947797588,71.0
oracle_gt,img_dt,IMG_1921,frame_002814,IMG_1921/frame_002814,123.52940000710078,img_dt,1.0,1.0,181.7510986328125,112.20491803278688,454.0,34.69515353123397,61.0
oracle_gt,img_midpoint,IMG_1921,frame_002814,IMG_1921/frame_002814,2.1967999928165227,img_midpoint,1.0,1.0,152.37893676757812,6.6,439.0,1.8881880067409305,30.0
baseline_raw,bev_dt_full,IMG_1921,frame_002814,IMG_1921/frame_002814,1387.334999977611,dt_ridge,1.0,1.0,147.14495849609375,75.29629629629629,383.0,-6.931356798315828,81.0
baseline_raw,bev_dt_nearfield,IMG_1921,frame_002814,IMG_1921/frame_002814,1741.6280999896117,dt_ridge,1.0,1.0,141.10850524902344,76.31818181818181,391.0,-9.981829287733165,77.0
baseline_raw,bev_graph,IMG_1921,frame_002814,IMG_1921/frame_002814,78.01209998433478,fallback_centerline,1.0,0.9166666865348816,117.26589965820312,82.34722222222223,387.0,-4.6106493186606095,72.0
baseline_raw,img_dt,IMG_1921,frame_002814,IMG_1921/frame_002814,127.09799999720417,img_dt,1.0,1.0,186.72879028320312,110.87288135593221,439.0,34.81484015409869,59.0
baseline_raw,img_midpoint,IMG_1921,frame_002814,IMG_1921/frame_002814,2.1795999782625586,img_midpoint,1.0,1.0,157.0467529296875,5.879310344827586,424.0,0.34308439952352937,29.0
candidate_confhold,bev_dt_full,IMG_1921,frame_002814,IMG_1921/frame_002814,1433.3102999953553,dt_ridge,1.0,1.0,148.16143798828125,77.19135802469135,381.0,-7.973983450297686,81.0
candidate_confhold,bev_dt_nearfield,IMG_1921,frame_002814,IMG_1921/frame_002814,1851.0977000114508,dt_ridge,1.0,1.0,140.02774047851562,77.2987012987013,391.0,-11.046303447135092,77.0
candidate_confhold,bev_graph,IMG_1921,frame_002814,IMG_1921/frame_002814,75.03480001469143,fallback_centerline,1.0,0.9436619877815247,119.148193359375,81.19014084507042,385.0,-4.629234947797588,71.0
candidate_confhold,img_dt,IMG_1921,frame_002814,IMG_1921/frame_002814,128.37459999718703,img_dt,1.0,1.0,184.69786071777344,112.31666666666666,447.0,34.48179297817163,60.0
candidate_confhold,img_midpoint,IMG_1921,frame_002814,IMG_1921/frame_002814,2.131300017936155,img_midpoint,1.0,1.0,152.5050811767578,6.633333333333334,439.0,2.5168756569395163,30.0
oracle_gt,bev_dt_full,IMG_1921,frame_003800,IMG_1921/frame_003800,1151.7466999939643,dt_ridge,1.0,1.0,155.1700897216797,21.506172839506174,409.0,-10.974382696753661,81.0
oracle_gt,bev_dt_nearfield,IMG_1921,frame_003800,IMG_1921/frame_003800,2002.0134000224061,dt_ridge,1.0,1.0,168.23899841308594,23.602739726027398,393.0,-11.040940180323732,73.0
oracle_gt,bev_graph,IMG_1921,frame_003800,IMG_1921/frame_003800,1255.8987000084016,dt_corridor,1.0,1.0,147.5292205810547,24.405882352941177,414.0,-10.7842978675626,85.0
oracle_gt,img_dt,IMG_1921,frame_003800,IMG_1921/frame_003800,121.47789998562075,img_dt,1.0,0.9830508232116699,199.72193908691406,35.33898305084746,439.0,12.004775557721116,59.0
oracle_gt,img_midpoint,IMG_1921,frame_003800,IMG_1921/frame_003800,2.6182000001426786,img_midpoint,1.0,1.0,197.75079345703125,6.172413793103448,424.0,29.633914787176625,29.0
baseline_raw,bev_dt_full,IMG_1921,frame_003800,IMG_1921/frame_003800,1277.2196999867447,dt_ridge,1.0,1.0,154.60067749023438,23.512345679012345,407.0,-10.974382696753661,81.0
baseline_raw,bev_dt_nearfield,IMG_1921,frame_003800,IMG_1921/frame_003800,1873.2278000097722,dt_ridge,1.0,1.0,168.23899841308594,23.602739726027398,393.0,-11.040940180323732,73.0
baseline_raw,bev_graph,IMG_1921,frame_003800,IMG_1921/frame_003800,78.03119998425245,fallback_skeleton,1.0,1.0,146.28285217285156,32.33870967741935,418.0,-6.859760005525811,93.0
baseline_raw,img_dt,IMG_1921,frame_003800,IMG_1921/frame_003800,117.18200001632795,img_dt,1.0,1.0,206.00918579101562,24.887931034482758,431.0,15.42216131873867,58.0
baseline_raw,img_midpoint,IMG_1921,frame_003800,IMG_1921/frame_003800,2.0631999941542745,img_midpoint,1.0,1.0,201.29409790039062,14.793103448275861,424.0,18.228849785537886,29.0
candidate_confhold,bev_dt_full,IMG_1921,frame_003800,IMG_1921/frame_003800,1147.9799000080675,dt_ridge,1.0,1.0,154.8594512939453,22.123456790123456,409.0,-10.974382696753661,81.0
candidate_confhold,bev_dt_nearfield,IMG_1921,frame_003800,IMG_1921/frame_003800,2010.032999998657,dt_ridge,1.0,1.0,168.23899841308594,23.602739726027398,393.0,-11.040940180323732,73.0
candidate_confhold,bev_graph,IMG_1921,frame_003800,IMG_1921/frame_003800,83.76400000997819,fallback_skeleton,1.0,1.0,128.57131958007812,30.077981651376145,439.0,-7.346044834819984,109.0
candidate_confhold,img_dt,IMG_1921,frame_003800,IMG_1921/frame_003800,121.50089998613112,img_dt,1.0,1.0,206.21676635742188,29.68103448275862,431.0,13.881180843763383,58.0
candidate_confhold,img_midpoint,IMG_1921,frame_003800,IMG_1921/frame_003800,2.1183000062592328,img_midpoint,1.0,1.0,199.25506591796875,7.275862068965517,424.0,26.427651489592698,29.0
oracle_gt,bev_dt_full,IMG_1921,frame_004690,IMG_1921/frame_004690,1222.4033999955282,dt_ridge,1.0,1.0,139.43702697753906,110.1604938271605,406.0,-24.97909112190953,81.0
oracle_gt,bev_dt_nearfield,IMG_1921,frame_004690,IMG_1921/frame_004690,1628.8396999880206,dt_ridge,1.0,1.0,150.26422119140625,97.15584415584415,395.0,-27.91976642810862,77.0
oracle_gt,bev_graph,IMG_1921,frame_004690,IMG_1921/frame_004690,1288.1257999979425,dt_corridor,1.0,1.0,141.5297393798828,107.35625,402.0,-24.97909112190953,80.0
oracle_gt,img_dt,IMG_1921,frame_004690,IMG_1921/frame_004690,161.49850000510924,img_dt,1.0,1.0,166.2509765625,64.04411764705883,507.0,-1.6846843178962914,68.0
oracle_gt,img_midpoint,IMG_1921,frame_004690,IMG_1921/frame_004690,2.363399980822578,img_midpoint,1.0,1.0,154.6942901611328,24.455882352941178,500.0,-26.214979487404577,34.0
baseline_raw,bev_dt_full,IMG_1921,frame_004690,IMG_1921/frame_004690,1740.8574000000954,dt_ridge,1.0,1.0,174.2337188720703,64.70370370370371,396.0,-42.03176597012828,81.0
baseline_raw,bev_dt_nearfield,IMG_1921,frame_004690,IMG_1921/frame_004690,1529.1567999811377,dt_ridge,1.0,1.0,145.2516632080078,104.15789473684211,395.0,-26.07950534706986,76.0
baseline_raw,bev_graph,IMG_1921,frame_004690,IMG_1921/frame_004690,1829.8894000181463,dt_corridor,1.0,1.0,177.03854370117188,62.550632911392405,390.0,-42.9954659678941,79.0
baseline_raw,img_dt,IMG_1921,frame_004690,IMG_1921/frame_004690,124.6718000038527,img_dt,1.0,1.0,189.59661865234375,55.956896551724135,431.0,-3.617333136882153,58.0
baseline_raw,img_midpoint,IMG_1921,frame_004690,IMG_1921/frame_004690,2.1579999884124845,img_midpoint,1.0,1.0,180.61782836914062,34.189655172413794,424.0,3.0848123304975923,29.0
candidate_confhold,bev_dt_full,IMG_1921,frame_004690,IMG_1921/frame_004690,1162.3464000003878,dt_ridge,1.0,1.0,135.85891723632812,112.95679012345678,406.0,-24.047152052246883,81.0
candidate_confhold,bev_dt_nearfield,IMG_1921,frame_004690,IMG_1921/frame_004690,1693.8009000150487,dt_ridge,1.0,1.0,145.2516632080078,104.15789473684211,395.0,-26.07950534706986,76.0
candidate_confhold,bev_graph,IMG_1921,frame_004690,IMG_1921/frame_004690,1317.9761999926995,dt_corridor,1.0,1.0,131.201416015625,120.56875,403.0,-24.047152052246883,80.0
candidate_confhold,img_dt,IMG_1921,frame_004690,IMG_1921/frame_004690,157.3027000122238,img_dt,1.0,1.0,168.15948486328125,47.1044776119403,500.0,-1.7445098415889109,67.0
candidate_confhold,img_midpoint,IMG_1921,frame_004690,IMG_1921/frame_004690,2.3188999912235886,img_midpoint,1.0,0.9696969985961914,159.1528778076172,27.560606060606062,484.0,-15.32892172730558,33.0
oracle_gt,bev_dt_full,IMG_1921,frame_005628,IMG_1921/frame_005628,1250.5795000179205,dt_ridge,1.0,1.0,168.1116485595703,62.53086419753087,388.0,-42.288016532555055,81.0
oracle_gt,bev_dt_nearfield,IMG_1921,frame_005628,IMG_1921/frame_005628,1804.0816999855451,dt_ridge,1.0,1.0,126.05427551269531,103.8625,396.0,-35.008956579831,80.0
oracle_gt,bev_graph,IMG_1921,frame_005628,IMG_1921/frame_005628,1293.5689000005368,dt_corridor,1.0,1.0,165.02413940429688,60.433734939759034,394.0,-40.309315544265154,83.0
oracle_gt,img_dt,IMG_1921,frame_005628,IMG_1921/frame_005628,93.66109999245964,img_dt,1.0,1.0,168.950439453125,33.15942028985507,515.0,-10.280128705194585,69.0
oracle_gt,img_midpoint,IMG_1921,frame_005628,IMG_1921/frame_005628,2.4565000203438103,img_midpoint,1.0,1.0,172.0373077392578,4.588235294117647,500.0,7.518426879442183,34.0
baseline_raw,bev_dt_full,IMG_1921,frame_005628,IMG_1921/frame_005628,1321.958899992751,dt_ridge,1.0,1.0,166.54974365234375,68.92592592592592,388.0,-42.288016532555055,81.0
baseline_raw,bev_dt_nearfield,IMG_1921,frame_005628,IMG_1921/frame_005628,2431.486899993615,dt_ridge,1.0,1.0,115.96067810058594,115.72151898734177,395.0,-30.5537091576472,79.0
baseline_raw,bev_graph,IMG_1921,frame_005628,IMG_1921/frame_005628,68.1025999947451,fallback_skeleton,1.0,0.935251772403717,95.3137435913086,70.25539568345324,444.0,-34.5240083331057,139.0
baseline_raw,img_dt,IMG_1921,frame_005628,IMG_1921/frame_005628,141.1943999992218,img_dt,1.0,1.0,163.77874755859375,38.53623188405797,515.0,-8.914926957147866,69.0
baseline_raw,img_midpoint,IMG_1921,frame_005628,IMG_1921/frame_005628,2.2584999969694763,img_midpoint,1.0,1.0,175.68919372558594,21.941176470588236,500.0,-1.7445098415889109,34.0
candidate_confhold,bev_dt_full,IMG_1921,frame_005628,IMG_1921/frame_005628,1223.8692000100855,dt_ridge,1.0,1.0,168.48260498046875,63.72839506172839,388.0,-42.288016532555055,81.0
candidate_confhold,bev_dt_nearfield,IMG_1921,frame_005628,IMG_1921/frame_005628,1861.7190000077244,dt_ridge,1.0,1.0,123.9089126586914,106.05625,396.0,-34.20882801375256,80.0
candidate_confhold,bev_graph,IMG_1921,frame_005628,IMG_1921/frame_005628,28.533600008813664,fallback_centerline,1.0,1.0,61.50346374511719,156.31756756756758,391.0,-13.453235306455397,74.0
candidate_confhold,img_dt,IMG_1921,frame_005628,IMG_1921/frame_005628,97.72240000893362,img_dt,1.0,1.0,164.00546264648438,38.84057971014493,515.0,-8.914926957147866,69.0
candidate_confhold,img_midpoint,IMG_1921,frame_005628,IMG_1921/frame_005628,2.0536999800242484,img_midpoint,1.0,1.0,172.6999053955078,5.970588235294118,500.0,9.226344219776179,34.0
oracle_gt,bev_dt_full,IMG_1921,frame_006665,IMG_1921/frame_006665,568.9463999879081,dt_ridge,1.0,1.0,112.68548583984375,24.858024691358025,409.0,-10.974382696753661,81.0
oracle_gt,bev_dt_nearfield,IMG_1921,frame_006665,IMG_1921/frame_006665,704.8401000211015,dt_ridge,1.0,1.0,123.37885284423828,24.301369863013697,393.0,-11.982913812323314,73.0
oracle_gt,bev_graph,IMG_1921,frame_006665,IMG_1921/frame_006665,626.522800012026,dt_corridor,1.0,1.0,108.64103698730469,23.794117647058822,414.0,-10.7842978675626,85.0
oracle_gt,img_dt,IMG_1921,frame_006665,IMG_1921/frame_006665,66.651200002525,img_dt,1.0,1.0,158.83718872070312,6.155172413793103,431.0,13.881180843763383,58.0
oracle_gt,img_midpoint,IMG_1921,frame_006665,IMG_1921/frame_006665,2.262000023620203,img_midpoint,1.0,1.0,161.57469177246094,3.7758620689655173,424.0,-1.3720916494606148,29.0
baseline_raw,bev_dt_full,IMG_1921,frame_006665,IMG_1921/frame_006665,851.8551999877673,dt_ridge,1.0,1.0,109.60582733154297,29.895061728395063,408.0,-10.974382696753661,81.0
baseline_raw,bev_dt_nearfield,IMG_1921,frame_006665,IMG_1921/frame_006665,1418.7132000224665,dt_ridge,1.0,1.0,121.29053497314453,26.95205479452055,393.0,-11.040940180323732,73.0
baseline_raw,bev_graph,IMG_1921,frame_006665,IMG_1921/frame_006665,955.0802999874577,dt_corridor,1.0,1.0,105.60490417480469,28.958823529411763,413.0,-10.7842978675626,85.0
baseline_raw,img_dt,IMG_1921,frame_006665,IMG_1921/frame_006665,83.25610001338646,img_dt,1.0,1.0,158.93321228027344,9.201754385964913,424.0,16.667763039626976,57.0
baseline_raw,img_midpoint,IMG_1921,frame_006665,IMG_1921/frame_006665,1.9613999756984413,img_midpoint,1.0,1.0,150.8714141845703,26.107142857142858,409.0,-8.849258470701056,28.0
candidate_confhold,bev_dt_full,IMG_1921,frame_006665,IMG_1921/frame_006665,577.1611999953166,dt_ridge,1.0,1.0,112.78511047363281,24.462962962962962,409.0,-10.974382696753661,81.0
candidate_confhold,bev_dt_nearfield,IMG_1921,frame_006665,IMG_1921/frame_006665,701.4563999837264,dt_ridge,1.0,1.0,123.37885284423828,24.301369863013697,393.0,-11.982913812323314,73.0
candidate_confhold,bev_graph,IMG_1921,frame_006665,IMG_1921/frame_006665,630.0055000174325,dt_corridor,1.0,1.0,108.70794677734375,23.276470588235295,414.0,-10.7842978675626,85.0
candidate_confhold,img_dt,IMG_1921,frame_006665,IMG_1921/frame_006665,71.34910000604577,img_dt,1.0,1.0,160.48023986816406,4.5,431.0,13.881180843763383,58.0
candidate_confhold,img_midpoint,IMG_1921,frame_006665,IMG_1921/frame_006665,2.1360000246204436,img_midpoint,1.0,1.0,160.94427490234375,4.431034482758621,424.0,-0.34308439952352937,29.0
oracle_gt,bev_dt_full,IMG_1922,frame_000036,IMG_1922/frame_000036,1363.2637999835424,dt_ridge,1.0,1.0,113.8631362915039,171.19753086419752,367.0,-10.974382696753661,81.0
oracle_gt,bev_dt_nearfield,IMG_1922,frame_000036,IMG_1922/frame_000036,1349.0301999845542,dt_ridge,1.0,1.0,113.8631362915039,171.19753086419752,367.0,-10.974382696753661,81.0
oracle_gt,bev_graph,IMG_1922,frame_000036,IMG_1922/frame_000036,79.26460000453517,fallback_skeleton,1.0,0.8030303120613098,55.09302520751953,122.98484848484848,449.0,-26.819132790969228,198.0
oracle_gt,img_dt,IMG_1922,frame_000036,IMG_1922/frame_000036,160.53319998900406,img_dt,1.0,0.9677419066429138,166.88479614257812,208.91129032258064,462.0,71.01445859981227,62.0
oracle_gt,img_midpoint,IMG_1922,frame_000036,IMG_1922/frame_000036,2.447000006213784,img_midpoint,1.0,0.9032257795333862,151.63916015625,22.661290322580644,454.0,18.24585452757825,31.0
baseline_raw,bev_dt_full,IMG_1922,frame_000036,IMG_1922/frame_000036,1704.4650000170805,dt_ridge,1.0,0.3086419701576233,50.1885871887207,369.35185185185185,334.0,-83.71522001584043,81.0
baseline_raw,bev_dt_nearfield,IMG_1922,frame_000036,IMG_1922/frame_000036,1683.5759000096004,dt_ridge,1.0,0.395061731338501,51.218563079833984,349.91358024691357,362.0,-79.7186065710674,81.0
baseline_raw,bev_graph,IMG_1922,frame_000036,IMG_1922/frame_000036,1750.3984000068158,dt_corridor,1.0,0.44594594836235046,78.38017272949219,311.94594594594594,305.0,-82.6416009112463,74.0
baseline_raw,img_dt,IMG_1922,frame_000036,IMG_1922/frame_000036,238.8822000066284,img_dt,1.0,0.4385964870452881,14.471780776977539,340.0438596491228,424.0,-33.84812444783821,57.0
baseline_raw,img_midpoint,IMG_1922,frame_000036,IMG_1922/frame_000036,2.243299997644499,img_midpoint,1.0,0.9655172228813171,90.18856048583984,236.18965517241378,424.0,0.0,29.0
candidate_confhold,bev_dt_full,IMG_1922,frame_000036,IMG_1922/frame_000036,1298.729399975855,dt_ridge,1.0,1.0,112.92058563232422,150.80246913580248,369.0,-10.974382696753661,81.0
candidate_confhold,bev_dt_nearfield,IMG_1922,frame_000036,IMG_1922/frame_000036,1276.451600017026,dt_ridge,1.0,1.0,112.92058563232422,150.80246913580248,369.0,-10.974382696753661,81.0
candidate_confhold,bev_graph,IMG_1922,frame_000036,IMG_1922/frame_000036,76.53789999312721,fallback_skeleton,1.0,0.8010203838348389,55.04313278198242,124.79591836734694,449.0,-24.946956644340535,196.0
candidate_confhold,img_dt,IMG_1922,frame_000036,IMG_1922/frame_000036,164.3941999936942,img_dt,1.0,0.9677419066429138,164.7407989501953,203.16935483870967,462.0,70.64100582430528,62.0
candidate_confhold,img_midpoint,IMG_1922,frame_000036,IMG_1922/frame_000036,2.211899991380051,img_midpoint,1.0,0.9354838728904724,152.2379608154297,26.14516129032258,454.0,17.38986809702997,31.0
oracle_gt,bev_dt_full,IMG_1922,frame_001124,IMG_1922/frame_001124,1032.6405000232626,dt_ridge,1.0,1.0,128.6263427734375,28.555555555555557,401.0,-22.231315180102584,81.0
oracle_gt,bev_dt_nearfield,IMG_1922,frame_001124,IMG_1922/frame_001124,1383.34929998382,dt_ridge,1.0,1.0,125.30365753173828,44.28,394.0,-19.550054325048063,75.0
oracle_gt,bev_graph,IMG_1922,frame_001124,IMG_1922/frame_001124,79.76200000848621,fallback_centerline,1.0,0.9459459185600281,96.71946716308594,63.304054054054056,392.0,-13.50426451651494,74.0
oracle_gt,img_dt,IMG_1922,frame_001124,IMG_1922/frame_001124,86.70240000355989,img_dt,1.0,1.0,177.29928588867188,34.6271186440678,439.0,0.0,59.0
oracle_gt,img_midpoint,IMG_1922,frame_001124,IMG_1922/frame_001124,2.287099981913343,img_midpoint,1.0,1.0,174.5185546875,5.620689655172414,424.0,0.34308439952352937,29.0
baseline_raw,bev_dt_full,IMG_1922,frame_001124,IMG_1922/frame_001124,1937.1524000016507,dt_ridge,1.0,0.5185185074806213,105.94589233398438,297.61728395061726,311.0,-85.31812176360104,81.0
baseline_raw,bev_dt_nearfield,IMG_1922,frame_001124,IMG_1922/frame_001124,1586.8749000073876,dt_ridge,1.0,1.0,121.6578598022461,49.50675675675676,394.0,-18.009492933665104,74.0
baseline_raw,bev_graph,IMG_1922,frame_001124,IMG_1922/frame_001124,1832.9511000192724,dt_corridor,1.0,0.5753424763679504,117.68888092041016,302.67123287671234,271.0,-86.23066651184986,73.0
baseline_raw,img_dt,IMG_1922,frame_001124,IMG_1922/frame_001124,150.91600001323968,img_dt,1.0,0.8500000238418579,136.91366577148438,98.075,447.0,-15.653922792794607,60.0
baseline_raw,img_midpoint,IMG_1922,frame_001124,IMG_1922/frame_001124,2.670599991688505,img_midpoint,1.0,0.8666666746139526,158.52288818359375,54.03333333333333,439.0,17.102728969052375,30.0
candidate_confhold,bev_dt_full,IMG_1922,frame_001124,IMG_1922/frame_001124,1036.1310000007506,dt_ridge,1.0,1.0,128.4767303466797,29.358024691358025,402.0,-21.644435140713995,81.0
candidate_confhold,bev_dt_nearfield,IMG_1922,frame_001124,IMG_1922/frame_001124,1487.7932999806944,dt_ridge,1.0,1.0,128.23825073242188,39.4,394.0,-19.550054325048063,75.0
candidate_confhold,bev_graph,IMG_1922,frame_001124,IMG_1922/frame_001124,86.75059999222867,fallback_centerline,1.0,0.9459459185600281,96.66820526123047,63.38513513513514,392.0,-13.50426451651494,74.0
candidate_confhold,img_dt,IMG_1922,frame_001124,IMG_1922/frame_001124,87.72130002034828,img_dt,1.0,0.9833333492279053,174.25636291503906,34.36666666666667,447.0,0.0,60.0
candidate_confhold,img_midpoint,IMG_1922,frame_001124,IMG_1922/frame_001124,2.4550000089220703,img_midpoint,1.0,1.0,168.1941680908203,7.166666666666667,439.0,1.2590452071752678,30.0
oracle_gt,bev_dt_full,IMG_1922,frame_002239,IMG_1922/frame_002239,1090.3866000007838,dt_ridge,1.0,1.0,106.10696411132812,79.79012345679013,355.0,-53.20470619156869,81.0
oracle_gt,bev_dt_nearfield,IMG_1922,frame_002239,IMG_1922/frame_002239,1099.6051999973133,dt_ridge,1.0,1.0,106.10696411132812,79.79012345679013,355.0,-53.20470619156869,81.0
oracle_gt,bev_graph,IMG_1922,frame_002239,IMG_1922/frame_002239,1118.7732000253163,dt_corridor,1.0,1.0,108.24266052246094,80.37179487179488,354.0,-54.48418248148344,78.0
oracle_gt,img_dt,IMG_1922,frame_002239,IMG_1922/frame_002239,104.1618000017479,img_dt,1.0,1.0,152.45098876953125,66.32291666666667,356.0,-14.036243467926479,48.0
oracle_gt,img_midpoint,IMG_1922,frame_002239,IMG_1922/frame_002239,2.476199995726347,img_midpoint,1.0,1.0,129.02859497070312,24.5625,348.0,44.36104010100837,24.0
baseline_raw,bev_dt_full,IMG_1922,frame_002239,IMG_1922/frame_002239,374.4579999765847,dt_ridge,1.0,1.0,135.984130859375,80.24324324324324,265.0,-31.299601334628537,37.0
baseline_raw,bev_dt_nearfield,IMG_1922,frame_002239,IMG_1922/frame_002239,373.7026999879163,dt_ridge,1.0,1.0,135.984130859375,80.24324324324324,265.0,-31.299601334628537,37.0
baseline_raw,bev_graph,IMG_1922,frame_002239,IMG_1922/frame_002239,23.118100012652576,fallback_skeleton,1.0,1.0,169.56161499023438,99.5,184.0,-42.954591511112774,22.0
baseline_raw,img_dt,IMG_1922,frame_002239,IMG_1922/frame_002239,80.77940001385286,img_dt,1.0,1.0,171.8026580810547,60.18571428571428,257.0,5.9245819819824925,35.0
baseline_raw,img_midpoint,IMG_1922,frame_002239,IMG_1922/frame_002239,1.9213000196032226,img_midpoint,1.0,1.0,164.461181640625,39.888888888888886,257.0,0.0,18.0
candidate_confhold,bev_dt_full,IMG_1922,frame_002239,IMG_1922/frame_002239,1013.6242000153288,dt_ridge,1.0,1.0,104.67322540283203,77.83333333333333,356.0,-51.04409216224111,81.0
candidate_confhold,bev_dt_nearfield,IMG_1922,frame_002239,IMG_1922/frame_002239,1022.8576000081375,dt_ridge,1.0,1.0,104.67322540283203,77.83333333333333,356.0,-51.04409216224111,81.0
candidate_confhold,bev_graph,IMG_1922,frame_002239,IMG_1922/frame_002239,1076.759999996284,dt_corridor,1.0,1.0,106.66371154785156,81.16666666666667,355.0,-52.326406660169546,78.0
candidate_confhold,img_dt,IMG_1922,frame_002239,IMG_1922/frame_002239,107.38569998648018,img_dt,1.0,1.0,153.03114318847656,69.09375,356.0,-17.35402463626132,48.0
candidate_confhold,img_midpoint,IMG_1922,frame_002239,IMG_1922/frame_002239,2.5631999887991697,img_midpoint,1.0,1.0,125.55010986328125,19.395833333333332,348.0,36.599317463682105,24.0
oracle_gt,bev_dt_full,IMG_1922,frame_003336,IMG_1922/frame_003336,2253.8875000027474,dt_ridge,1.0,1.0,200.6662139892578,104.27777777777777,374.0,-42.601578665907496,81.0
oracle_gt,bev_dt_nearfield,IMG_1922,frame_003336,IMG_1922/frame_003336,2997.8077999840025,dt_ridge,1.0,1.0,126.55537414550781,210.73456790123456,396.0,-29.612863605428057,81.0
oracle_gt,bev_graph,IMG_1922,frame_003336,IMG_1922/frame_003336,59.810199978528544,fallback_skeleton,1.0,1.0,142.84645080566406,143.48757763975155,449.0,-51.036036516668446,161.0
oracle_gt,img_dt,IMG_1922,frame_003336,IMG_1922/frame_003336,213.34919999935664,img_dt,1.0,1.0,267.9516906738281,98.67333333333333,560.0,-46.355131291022154,75.0
oracle_gt,img_midpoint,IMG_1922,frame_003336,IMG_1922/frame_003336,2.435300004435703,img_midpoint,1.0,1.0,221.3418731689453,3.0789473684210527,560.0,-35.008956579831,38.0
baseline_raw,bev_dt_full,IMG_1922,frame_003336,IMG_1922/frame_003336,2240.629500010982,dt_ridge,1.0,1.0,202.30104064941406,101.87037037037037,373.0,-43.21008939175393,81.0
baseline_raw,bev_dt_nearfield,IMG_1922,frame_003336,IMG_1922/frame_003336,2952.7847999997903,dt_ridge,1.0,1.0,127.48634338378906,209.1851851851852,396.0,-28.97102169372329,81.0
baseline_raw,bev_graph,IMG_1922,frame_003336,IMG_1922/frame_003336,60.659200011286885,fallback_skeleton,1.0,1.0,142.28973388671875,144.39814814814815,449.0,-51.37818628908938,162.0
baseline_raw,img_dt,IMG_1922,frame_003336,IMG_1922/frame_003336,194.31709998752922,img_dt,1.0,1.0,268.490234375,96.96666666666667,560.0,-46.355131291022154,75.0
baseline_raw,img_midpoint,IMG_1922,frame_003336,IMG_1922/frame_003336,2.3355000012088567,img_midpoint,1.0,1.0,222.30599975585938,19.736842105263158,560.0,-34.66889515566031,38.0
candidate_confhold,bev_dt_full,IMG_1922,frame_003336,IMG_1922/frame_003336,2311.261299997568,dt_ridge,1.0,1.0,202.81503295898438,101.05555555555556,373.0,-43.21008939175393,81.0
candidate_confhold,bev_dt_nearfield,IMG_1922,frame_003336,IMG_1922/frame_003336,2861.3761000160594,dt_ridge,1.0,1.0,147.71084594726562,184.54320987654322,392.0,-42.288016532555055,81.0
candidate_confhold,bev_graph,IMG_1922,frame_003336,IMG_1922/frame_003336,59.1454999812413,fallback_skeleton,1.0,1.0,144.89883422851562,140.29245283018867,449.0,-51.58520509900953,159.0
candidate_confhold,img_dt,IMG_1922,frame_003336,IMG_1922/frame_003336,217.6142000243999,img_dt,1.0,1.0,267.9516906738281,98.67333333333333,560.0,-46.355131291022154,75.0
candidate_confhold,img_midpoint,IMG_1922,frame_003336,IMG_1922/frame_003336,2.332800009753555,img_midpoint,1.0,1.0,221.6117706298828,4.026315789473684,560.0,-35.34621391146345,38.0
oracle_gt,bev_dt_full,IMG_1922,frame_004469,IMG_1922/frame_004469,709.7075000056066,dt_ridge,1.0,1.0,127.52365112304688,29.30246913580247,406.0,-24.047152052246883,81.0
oracle_gt,bev_dt_nearfield,IMG_1922,frame_004469,IMG_1922/frame_004469,884.6606999868527,dt_ridge,1.0,1.0,126.81734466552734,39.6,394.0,-22.45154645600387,75.0
oracle_gt,bev_graph,IMG_1922,frame_004469,IMG_1922/frame_004469,824.3666000198573,dt_corridor,1.0,1.0,124.34113311767578,28.327380952380953,410.0,-24.10712280244722,84.0
oracle_gt,img_dt,IMG_1922,frame_004469,IMG_1922/frame_004469,101.88360000029206,img_dt,1.0,0.9682539701461792,155.70176696777344,7.992063492063492,469.0,4.838898800923287,63.0
oracle_gt,img_midpoint,IMG_1922,frame_004469,IMG_1922/frame_004469,2.5476000155322254,img_midpoint,1.0,0.9354838728904724,131.6963348388672,24.258064516129032,454.0,1.573664054102554,31.0
baseline_raw,bev_dt_full,IMG_1922,frame_004469,IMG_1922/frame_004469,684.6610000065994,dt_ridge,1.0,1.0,113.24520111083984,46.401234567901234,408.0,-18.301080422795014,81.0
baseline_raw,bev_dt_nearfield,IMG_1922,frame_004469,IMG_1922/frame_004469,1297.745699994266,dt_ridge,1.0,1.0,121.1718521118164,48.12837837837838,394.0,-19.290046219188735,74.0
baseline_raw,bev_graph,IMG_1922,frame_004469,IMG_1922/frame_004469,716.4148000010755,dt_corridor,1.0,1.0,109.78868865966797,45.779761904761905,412.0,-17.910516974394255,84.0
baseline_raw,img_dt,IMG_1922,frame_004469,IMG_1922/frame_004469,72.05799999064766,img_dt,1.0,1.0,163.73033142089844,6.466666666666667,447.0,5.024075258539548,60.0
baseline_raw,img_midpoint,IMG_1922,frame_004469,IMG_1922/frame_004469,2.3326000082306564,img_midpoint,1.0,1.0,162.28964233398438,13.466666666666667,439.0,7.512144103052749,30.0
candidate_confhold,bev_dt_full,IMG_1922,frame_004469,IMG_1922/frame_004469,672.902599995723,dt_ridge,1.0,1.0,127.34896087646484,29.530864197530864,406.0,-24.047152052246883,81.0
candidate_confhold,bev_dt_nearfield,IMG_1922,frame_004469,IMG_1922/frame_004469,812.5282999826595,dt_ridge,1.0,1.0,126.7802963256836,42.593333333333334,394.0,-22.368275027390176,75.0
candidate_confhold,bev_graph,IMG_1922,frame_004469,IMG_1922/frame_004469,739.976899989415,dt_corridor,1.0,1.0,124.08948516845703,28.642857142857142,411.0,-24.10712280244722,84.0
candidate_confhold,img_dt,IMG_1922,frame_004469,IMG_1922/frame_004469,67.83489999361336,img_dt,1.0,1.0,161.21995544433594,6.401639344262295,454.0,5.024075258539548,61.0
candidate_confhold,img_midpoint,IMG_1922,frame_004469,IMG_1922/frame_004469,1.9855000136885792,img_midpoint,1.0,1.0,165.9914093017578,8.433333333333334,439.0,1.2590452071752678,30.0
oracle_gt,bev_dt_full,IMG_1922,frame_005593,IMG_1922/frame_005593,616.9867999851704,dt_ridge,1.0,1.0,121.17410278320312,21.228395061728396,409.0,-14.191096549023976,81.0
oracle_gt,bev_dt_nearfield,IMG_1922,frame_005593,IMG_1922/frame_005593,769.7199999820441,dt_ridge,1.0,1.0,124.577880859375,29.143835616438356,393.0,-11.982913812323314,73.0
oracle_gt,bev_graph,IMG_1922,frame_005593,IMG_1922/frame_005593,670.9764999977779,dt_corridor,1.0,1.0,117.414306640625,20.223529411764705,414.0,-13.837817319180367,85.0
oracle_gt,img_dt,IMG_1922,frame_005593,IMG_1922/frame_005593,70.82919997628778,img_dt,1.0,1.0,155.40127563476562,7.690476190476191,469.0,11.076549734168308,63.0
oracle_gt,img_midpoint,IMG_1922,frame_005593,IMG_1922/frame_005593,2.0263000042177737,img_midpoint,1.0,1.0,162.0664825439453,3.466666666666667,439.0,-2.8310016778652676,30.0
baseline_raw,bev_dt_full,IMG_1922,frame_005593,IMG_1922/frame_005593,472.80699998373166,dt_ridge,1.0,1.0,132.52398681640625,21.88888888888889,390.0,-15.72258010383803,72.0
baseline_raw,bev_dt_nearfield,IMG_1922,frame_005593,IMG_1922/frame_005593,493.3053999848198,dt_ridge,1.0,1.0,132.52398681640625,21.88888888888889,390.0,-15.72258010383803,72.0
baseline_raw,bev_graph,IMG_1922,frame_005593,IMG_1922/frame_005593,542.6659999939147,dt_corridor,1.0,1.0,132.64871215820312,21.63888888888889,390.0,-15.72258010383803,72.0
baseline_raw,img_dt,IMG_1922,frame_005593,IMG_1922/frame_005593,65.27789999381639,img_dt,1.0,1.0,181.1670684814453,10.23076923076923,386.0,13.768090451483015,52.0
baseline_raw,img_midpoint,IMG_1922,frame_005593,IMG_1922/frame_005593,1.8426000024192035,img_midpoint,1.0,1.0,182.23980712890625,2.423076923076923,378.0,-2.2754564382542033,26.0
candidate_confhold,bev_dt_full,IMG_1922,frame_005593,IMG_1922/frame_005593,644.1182999988087,dt_ridge,1.0,1.0,121.20307922363281,21.185185185185187,409.0,-14.191096549023976,81.0
candidate_confhold,bev_dt_nearfield,IMG_1922,frame_005593,IMG_1922/frame_005593,800.7058999792207,dt_ridge,1.0,1.0,126.35089111328125,26.69178082191781,393.0,-13.097052522190898,73.0
candidate_confhold,bev_graph,IMG_1922,frame_005593,IMG_1922/frame_005593,684.9381999927573,dt_corridor,1.0,1.0,117.40011596679688,20.229411764705883,415.0,-13.837817319180367,85.0
candidate_confhold,img_dt,IMG_1922,frame_005593,IMG_1922/frame_005593,72.78119999682531,img_dt,1.0,1.0,155.40127563476562,7.690476190476191,469.0,11.076549734168308,63.0
candidate_confhold,img_midpoint,IMG_1922,frame_005593,IMG_1922/frame_005593,1.8854999798350036,img_midpoint,1.0,1.0,162.2739715576172,3.2,439.0,-3.144957464698022,30.0
oracle_gt,bev_dt_full,IMG_1922,frame_006681,IMG_1922/frame_006681,1547.6837999885902,dt_ridge,1.0,1.0,200.4732666015625,170.97530864197532,341.0,-83.00094284254651,81.0
oracle_gt,bev_dt_nearfield,IMG_1922,frame_006681,IMG_1922/frame_006681,1313.9603000017814,dt_ridge,1.0,1.0,151.70907592773438,85.90123456790124,393.0,-46.38368696736851,81.0
oracle_gt,bev_graph,IMG_1922,frame_006681,IMG_1922/frame_006681,1538.993299996946,dt_corridor,1.0,1.0,218.46815490722656,142.65540540540542,314.0,-81.71059561097434,74.0
oracle_gt,img_dt,IMG_1922,frame_006681,IMG_1922/frame_006681,147.6196000003256,img_dt,1.0,1.0,162.2710723876953,65.95,447.0,-8.438377977823926,60.0
oracle_gt,img_midpoint,IMG_1922,frame_006681,IMG_1922/frame_006681,2.3043000255711377,img_midpoint,1.0,0.931034505367279,159.2277374267578,14.155172413793103,424.0,-35.47271661854765,29.0
baseline_raw,bev_dt_full,IMG_1922,frame_006681,IMG_1922/frame_006681,1564.6594999998342,dt_ridge,1.0,1.0,147.38316345214844,81.81481481481481,387.0,-42.288016532555055,81.0
baseline_raw,bev_dt_nearfield,IMG_1922,frame_006681,IMG_1922/frame_006681,1659.0402000001632,dt_ridge,1.0,1.0,147.38316345214844,81.81481481481481,387.0,-42.288016532555055,81.0
baseline_raw,bev_graph,IMG_1922,frame_006681,IMG_1922/frame_006681,57.15259999851696,fallback_skeleton,1.0,1.0,124.35108184814453,107.07831325301204,371.0,-39.377599372910275,83.0
baseline_raw,img_dt,IMG_1922,frame_006681,IMG_1922/frame_006681,121.39379998552613,img_dt,1.0,1.0,188.02365112304688,73.25961538461539,386.0,-11.96512883774884,52.0
baseline_raw,img_midpoint,IMG_1922,frame_006681,IMG_1922/frame_006681,2.1323999972082675,img_midpoint,1.0,1.0,177.691162109375,17.76923076923077,378.0,-32.983837907316776,26.0
candidate_confhold,bev_dt_full,IMG_1922,frame_006681,IMG_1922/frame_006681,1910.1050999888685,dt_ridge,1.0,1.0,147.35751342773438,83.98148148148148,387.0,-42.288016532555055,81.0
candidate_confhold,bev_dt_nearfield,IMG_1922,frame_006681,IMG_1922/frame_006681,1909.3648999987636,dt_ridge,1.0,1.0,141.69639587402344,95.35185185185185,390.0,-42.288016532555055,81.0
candidate_confhold,bev_graph,IMG_1922,frame_006681,IMG_1922/frame_006681,77.44860000093468,fallback_skeleton,1.0,0.9930070042610168,85.9279556274414,79.95804195804196,445.0,-51.09586154459581,143.0
candidate_confhold,img_dt,IMG_1922,frame_006681,IMG_1922/frame_006681,138.61750002251938,img_dt,1.0,1.0,165.88955688476562,63.766666666666666,447.0,-9.972057687331088,60.0
candidate_confhold,img_midpoint,IMG_1922,frame_006681,IMG_1922/frame_006681,2.2034000139683485,img_midpoint,1.0,0.931034505367279,160.55116271972656,13.137931034482758,424.0,-36.59443928970878,29.0
oracle_gt,bev_dt_full,IMG_1922,frame_007821,IMG_1922/frame_007821,440.202900004806,dt_ridge,1.0,1.0,143.59129333496094,80.53086419753086,409.0,-10.974382696753661,81.0
oracle_gt,bev_dt_nearfield,IMG_1922,frame_007821,IMG_1922/frame_007821,3549.0331999899354,dt_ridge,1.0,1.0,156.4408721923828,73.32191780821918,393.0,-11.040940180323732,73.0
oracle_gt,bev_graph,IMG_1922,frame_007821,IMG_1922/frame_007821,592.7319999900647,dt_corridor,1.0,1.0,137.82351684570312,83.38823529411765,414.0,-10.7842978675626,85.0
oracle_gt,img_dt,IMG_1922,frame_007821,IMG_1922/frame_007821,166.95919999619946,img_dt,1.0,1.0,197.6689910888672,32.714285714285715,469.0,1.8183029644518336,63.0
oracle_gt,img_midpoint,IMG_1922,frame_007821,IMG_1922/frame_007821,2.2410000092349946,img_midpoint,1.0,1.0,201.0575714111328,21.096774193548388,454.0,-1.573664054102554,31.0
baseline_raw,bev_dt_full,IMG_1922,frame_007821,IMG_1922/frame_007821,680.1738999783993,dt_ridge,1.0,1.0,143.59129333496094,80.53086419753086,409.0,-10.974382696753661,81.0
baseline_raw,bev_dt_nearfield,IMG_1922,frame_007821,IMG_1922/frame_007821,3344.0337000065483,dt_ridge,1.0,1.0,156.4408721923828,73.32191780821918,393.0,-11.040940180323732,73.0
baseline_raw,bev_graph,IMG_1922,frame_007821,IMG_1922/frame_007821,639.620100002503,dt_corridor,1.0,1.0,137.2119140625,87.64024390243902,409.0,-10.974382696753661,82.0
baseline_raw,img_dt,IMG_1922,frame_007821,IMG_1922/frame_007821,188.87050001649186,img_dt,1.0,1.0,210.3892822265625,34.8728813559322,439.0,1.9749340108819766,59.0
baseline_raw,img_midpoint,IMG_1922,frame_007821,IMG_1922/frame_007821,2.5869000237435102,img_midpoint,1.0,1.0,209.22377014160156,35.98275862068966,424.0,17.295400052852376,29.0
candidate_confhold,bev_dt_full,IMG_1922,frame_007821,IMG_1922/frame_007821,429.43029999150895,dt_ridge,1.0,1.0,143.59129333496094,80.53086419753086,409.0,-10.974382696753661,81.0
candidate_confhold,bev_dt_nearfield,IMG_1922,frame_007821,IMG_1922/frame_007821,3510.0335000024643,dt_ridge,1.0,1.0,156.4408721923828,73.32191780821918,393.0,-11.040940180323732,73.0
candidate_confhold,bev_graph,IMG_1922,frame_007821,IMG_1922/frame_007821,565.8173999981955,dt_corridor,1.0,1.0,137.48095703125,83.81176470588235,414.0,-10.7842978675626,85.0
candidate_confhold,img_dt,IMG_1922,frame_007821,IMG_1922/frame_007821,159.51930001028813,img_dt,1.0,1.0,200.77659606933594,33.225806451612904,462.0,1.8881880067409305,62.0
candidate_confhold,img_midpoint,IMG_1922,frame_007821,IMG_1922/frame_007821,2.243299997644499,img_midpoint,1.0,1.0,200.86508178710938,20.93548387096774,454.0,-3.772283609379837,31.0
oracle_gt,bev_dt_full,IMG_1924,frame_000000,IMG_1924/frame_000000,252.99040001118556,dt_ridge,1.0,1.0,156.4837646484375,107.58641975308642,409.0,-10.974382696753661,81.0
oracle_gt,bev_dt_nearfield,IMG_1924,frame_000000,IMG_1924/frame_000000,5410.649099998409,dt_ridge,1.0,1.0,169.8046875,114.47945205479452,393.0,-11.040940180323732,73.0
oracle_gt,bev_graph,IMG_1924,frame_000000,IMG_1924/frame_000000,310.02589999116026,dt_corridor,1.0,1.0,155.6995086669922,100.38235294117646,414.0,-10.7842978675626,85.0
oracle_gt,img_dt,IMG_1924,frame_000000,IMG_1924/frame_000000,188.94779999391176,img_dt,1.0,0.9692307710647583,207.28155517578125,52.69230769230769,484.0,-6.372111396932512,65.0
oracle_gt,img_midpoint,IMG_1924,frame_000000,IMG_1924/frame_000000,2.7270000136923045,img_midpoint,1.0,1.0,207.75465393066406,16.25,469.0,-32.287487179128505,32.0
baseline_raw,bev_dt_full,IMG_1924,frame_000000,IMG_1924/frame_000000,268.6247999954503,dt_ridge,1.0,1.0,156.4837646484375,107.58641975308642,409.0,-10.974382696753661,81.0
baseline_raw,bev_dt_nearfield,IMG_1924,frame_000000,IMG_1924/frame_000000,5681.765499990433,dt_ridge,1.0,1.0,169.8046875,114.47945205479452,393.0,-11.040940180323732,73.0
baseline_raw,bev_graph,IMG_1924,frame_000000,IMG_1924/frame_000000,310.5389999982435,dt_corridor,1.0,1.0,155.6995086669922,100.38235294117646,414.0,-10.7842978675626,85.0
baseline_raw,img_dt,IMG_1924,frame_000000,IMG_1924/frame_000000,182.70519998623058,img_dt,1.0,1.0,224.70738220214844,59.854838709677416,462.0,0.0,62.0
baseline_raw,img_midpoint,IMG_1924,frame_000000,IMG_1924/frame_000000,2.3194999957922846,img_midpoint,1.0,1.0,214.75343322753906,16.467741935483872,454.0,-31.83528243268458,31.0
candidate_confhold,bev_dt_full,IMG_1924,frame_000000,IMG_1924/frame_000000,250.44220002018847,dt_ridge,1.0,1.0,156.4837646484375,107.58641975308642,409.0,-10.974382696753661,81.0
candidate_confhold,bev_dt_nearfield,IMG_1924,frame_000000,IMG_1924/frame_000000,5487.266900017858,dt_ridge,1.0,1.0,169.8046875,114.47945205479452,393.0,-11.040940180323732,73.0
candidate_confhold,bev_graph,IMG_1924,frame_000000,IMG_1924/frame_000000,320.3025999828242,dt_corridor,1.0,1.0,155.6995086669922,100.38235294117646,414.0,-10.7842978675626,85.0
candidate_confhold,img_dt,IMG_1924,frame_000000,IMG_1924/frame_000000,189.2851000011433,img_dt,1.0,1.0,217.73233032226562,59.3203125,477.0,0.0,64.0
candidate_confhold,img_midpoint,IMG_1924,frame_000000,IMG_1924/frame_000000,2.5178999931085855,img_midpoint,1.0,1.0,206.1976318359375,18.71875,469.0,-42.70938995736147,32.0
oracle_gt,bev_dt_full,IMG_1924,frame_000508,IMG_1924/frame_000508,861.9219000102021,dt_ridge,1.0,1.0,145.73045349121094,31.88888888888889,408.0,-15.273763602989646,81.0
oracle_gt,bev_dt_nearfield,IMG_1924,frame_000508,IMG_1924/frame_000508,1311.1048999999184,dt_ridge,1.0,1.0,143.60459899902344,50.11643835616438,393.0,-11.040940180323732,73.0
oracle_gt,bev_graph,IMG_1924,frame_000508,IMG_1924/frame_000508,958.8526999868918,dt_corridor,1.0,1.0,141.2158203125,30.629411764705882,413.0,-16.757848829491724,85.0
oracle_gt,img_dt,IMG_1924,frame_000508,IMG_1924/frame_000508,93.64870001445524,img_dt,1.0,1.0,188.48313903808594,8.725806451612904,462.0,8.438377977823926,62.0
oracle_gt,img_midpoint,IMG_1924,frame_000508,IMG_1924/frame_000508,2.1702999947592616,img_midpoint,1.0,1.0,186.26519775390625,6.32258064516129,454.0,-2.8310016778652676,31.0
baseline_raw,bev_dt_full,IMG_1924,frame_000508,IMG_1924/frame_000508,897.4150000140071,dt_ridge,1.0,1.0,136.72625732421875,44.04320987654321,409.0,-10.974382696753661,81.0
baseline_raw,bev_dt_nearfield,IMG_1924,frame_000508,IMG_1924/frame_000508,1744.2046999931335,dt_ridge,1.0,1.0,143.60459899902344,50.11643835616438,393.0,-11.040940180323732,73.0
baseline_raw,bev_graph,IMG_1924,frame_000508,IMG_1924/frame_000508,946.2182999996003,dt_corridor,1.0,1.0,132.34429931640625,42.858823529411765,415.0,-10.7842978675626,85.0
baseline_raw,img_dt,IMG_1924,frame_000508,IMG_1924/frame_000508,119.2049999954179,img_dt,1.0,1.0,185.27093505859375,6.612903225806452,462.0,9.972057687331088,62.0
baseline_raw,img_midpoint,IMG_1924,frame_000508,IMG_1924/frame_000508,2.1778999944217503,img_midpoint,1.0,1.0,162.67535400390625,42.83870967741935,454.0,4.711530946101558,31.0
candidate_confhold,bev_dt_full,IMG_1924,frame_000508,IMG_1924/frame_000508,905.8609000057913,dt_ridge,1.0,1.0,146.01205444335938,31.438271604938272,408.0,-15.273763602989646,81.0
candidate_confhold,bev_dt_nearfield,IMG_1924,frame_000508,IMG_1924/frame_000508,1325.3478000115138,dt_ridge,1.0,1.0,143.60459899902344,50.11643835616438,393.0,-11.040940180323732,73.0
candidate_confhold,bev_graph,IMG_1924,frame_000508,IMG_1924/frame_000508,933.4311000129674,dt_corridor,1.0,1.0,141.51710510253906,30.176470588235293,413.0,-16.757848829491724,85.0
candidate_confhold,img_dt,IMG_1924,frame_000508,IMG_1924/frame_000508,97.88529999786988,img_dt,1.0,1.0,185.50216674804688,8.865079365079366,469.0,8.13010235415598,63.0
candidate_confhold,img_midpoint,IMG_1924,frame_000508,IMG_1924/frame_000508,2.0139999978709966,img_midpoint,1.0,1.0,186.83514404296875,5.290322580645161,454.0,-2.2025981617658053,31.0
oracle_gt,bev_dt_full,IMG_1924,frame_000976,IMG_1924/frame_000976,699.6144999866374,dt_ridge,1.0,1.0,148.07080078125,56.376543209876544,409.0,-10.974382696753661,81.0
oracle_gt,bev_dt_nearfield,IMG_1924,frame_000976,IMG_1924/frame_000976,2973.3613000134937,dt_ridge,1.0,1.0,161.0515899658203,58.69178082191781,393.0,-11.040940180323732,73.0
oracle_gt,bev_graph,IMG_1924,frame_000976,IMG_1924/frame_000976,116.28730001393706,fallback_skeleton,1.0,0.7344632744789124,83.56729125976562,54.95762711864407,439.0,12.388463153308534,177.0
oracle_gt,img_dt,IMG_1924,frame_000976,IMG_1924/frame_000976,126.01149998954497,img_dt,1.0,1.0,176.23902893066406,77.56451612903226,462.0,6.892423122485141,62.0
oracle_gt,img_midpoint,IMG_1924,frame_000976,IMG_1924/frame_000976,2.6670999941416085,img_midpoint,1.0,0.9354838728904724,172.01666259765625,34.5,454.0,-5.024075258539548,31.0
baseline_raw,bev_dt_full,IMG_1924,frame_000976,IMG_1924/frame_000976,806.8770999961998,dt_ridge,1.0,1.0,153.02955627441406,67.75308641975309,408.0,-16.82140989004083,81.0
baseline_raw,bev_dt_nearfield,IMG_1924,frame_000976,IMG_1924/frame_000976,1023.2294999877922,dt_ridge,1.0,1.0,160.89724731445312,63.560810810810814,394.0,-13.539949801970968,74.0
baseline_raw,bev_graph,IMG_1924,frame_000976,IMG_1924/frame_000976,58.52970000705682,fallback_centerline,1.0,1.0,136.8476104736328,59.55625,404.0,-12.932608396739516,80.0
baseline_raw,img_dt,IMG_1924,frame_000976,IMG_1924/frame_000976,88.14609999535605,img_dt,1.0,1.0,192.6350555419922,90.96363636363637,409.0,5.47271167125049,55.0
baseline_raw,img_midpoint,IMG_1924,frame_000976,IMG_1924/frame_000976,2.0622999873012304,img_midpoint,1.0,1.0,205.76736450195312,56.125,409.0,-7.504732450611963,28.0
candidate_confhold,bev_dt_full,IMG_1924,frame_000976,IMG_1924/frame_000976,682.0161000068765,dt_ridge,1.0,1.0,148.07080078125,56.376543209876544,409.0,-10.974382696753661,81.0
candidate_confhold,bev_dt_nearfield,IMG_1924,frame_000976,IMG_1924/frame_000976,3094.983399991179,dt_ridge,1.0,1.0,161.0515899658203,58.69178082191781,393.0,-11.040940180323732,73.0
candidate_confhold,bev_graph,IMG_1924,frame_000976,IMG_1924/frame_000976,115.662100026384,fallback_skeleton,1.0,0.7374301552772522,83.66323852539062,54.24301675977654,439.0,11.150156592828946,179.0
candidate_confhold,img_dt,IMG_1924,frame_000976,IMG_1924/frame_000976,126.12220001756214,img_dt,1.0,1.0,176.11048889160156,77.54838709677419,462.0,6.892423122485141,62.0
candidate_confhold,img_midpoint,IMG_1924,frame_000976,IMG_1924/frame_000976,2.4080000002868474,img_midpoint,1.0,0.9677419066429138,174.83807373046875,37.274193548387096,454.0,8.438377977823926,31.0
oracle_gt,bev_dt_full,IMG_1924,frame_001428,IMG_1924/frame_001428,56.27000000094995,dt_ridge,1.0,0.7936508059501648,46.91266632080078,123.76190476190476,212.0,-82.37328211739779,63.0
oracle_gt,bev_dt_nearfield,IMG_1924,frame_001428,IMG_1924/frame_001428,56.315099995117635,dt_ridge,1.0,0.7936508059501648,46.91266632080078,123.76190476190476,212.0,-82.37328211739779,63.0
oracle_gt,bev_graph,IMG_1924,frame_001428,IMG_1924/frame_001428,68.2989000051748,dt_corridor,1.0,0.8253968358039856,48.646644592285156,119.93650793650794,212.0,-82.81827389114785,63.0
oracle_gt,img_dt,IMG_1924,frame_001428,IMG_1924/frame_001428,40.929899987531826,img_dt,1.0,1.0,156.46832275390625,122.94444444444444,401.0,-49.77730631710986,54.0
oracle_gt,img_midpoint,IMG_1924,frame_001428,IMG_1924/frame_001428,2.190700004575774,img_midpoint,1.0,1.0,90.91461181640625,11.26,363.0,-26.413073338514096,25.0
baseline_raw,bev_dt_full,IMG_1924,frame_001428,IMG_1924/frame_001428,156.26789999078028,dt_ridge,1.0,0.04938271641731262,0.06666667014360428,559.925925925926,409.0,-10.974382696753661,81.0
baseline_raw,bev_dt_nearfield,IMG_1924,frame_001428,IMG_1924/frame_001428,3161.6886999981944,dt_ridge,1.0,0.054794520139694214,0.07397260516881943,569.9589041095891,393.0,-11.040940180323732,73.0
baseline_raw,bev_graph,IMG_1924,frame_001428,IMG_1924/frame_001428,12715.476399986073,fallback_skeleton,1.0,0.03921568766236305,0.052941177040338516,522.0833333333334,439.0,-10.757967088390004,102.0
baseline_raw,img_dt,IMG_1924,frame_001428,IMG_1924/frame_001428,266.30889999796636,img_dt,1.0,0.3866666555404663,27.89259147644043,251.12666666666667,560.0,-59.92565591324866,75.0
baseline_raw,img_midpoint,IMG_1924,frame_001428,IMG_1924/frame_001428,2.58390000090003,img_midpoint,1.0,0.02631578966975212,0.02631578966975212,476.2105263157895,560.0,0.0,38.0
candidate_confhold,bev_dt_full,IMG_1924,frame_001428,IMG_1924/frame_001428,57.463200006168336,dt_ridge,1.0,0.7936508059501648,46.503021240234375,123.73809523809524,212.0,-82.37328211739779,63.0
candidate_confhold,bev_dt_nearfield,IMG_1924,frame_001428,IMG_1924/frame_001428,57.398300006752834,dt_ridge,1.0,0.7936508059501648,46.503021240234375,123.73809523809524,212.0,-82.37328211739779,63.0
candidate_confhold,bev_graph,IMG_1924,frame_001428,IMG_1924/frame_001428,67.48330002301373,dt_corridor,1.0,0.8253968358039856,48.459537506103516,120.02380952380952,212.0,-82.81827389114785,63.0
candidate_confhold,img_dt,IMG_1924,frame_001428,IMG_1924/frame_001428,42.46140000759624,img_dt,1.0,1.0,164.6871795654297,128.98039215686273,378.0,-53.62518317817047,51.0
candidate_confhold,img_midpoint,IMG_1924,frame_001428,IMG_1924/frame_001428,1.802400016458705,img_midpoint,1.0,1.0,89.19646453857422,11.74,363.0,-31.628668030108077,25.0
oracle_gt,bev_dt_full,IMG_1924,frame_001920,IMG_1924/frame_001920,875.5438000080176,dt_ridge,1.0,1.0,144.80638122558594,23.34567901234568,409.0,-14.191096549023976,81.0
oracle_gt,bev_dt_nearfield,IMG_1924,frame_001920,IMG_1924/frame_001920,1304.7855999902822,dt_ridge,1.0,1.0,147.6514892578125,34.97260273972603,393.0,-11.040940180323732,73.0
oracle_gt,bev_graph,IMG_1924,frame_001920,IMG_1924/frame_001920,955.1465999975335,dt_corridor,1.0,1.0,139.69973754882812,22.558823529411764,414.0,-14.036243467926479,85.0
oracle_gt,img_dt,IMG_1924,frame_001920,IMG_1924/frame_001920,95.42769999825396,img_dt,1.0,1.0,183.83364868164062,24.403225806451612,462.0,8.438377977823926,62.0
oracle_gt,img_midpoint,IMG_1924,frame_001920,IMG_1924/frame_001920,2.1754000044893473,img_midpoint,1.0,0.9677419066429138,180.17135620117188,5.629032258064516,454.0,-7.2024953814765595,31.0
baseline_raw,bev_dt_full,IMG_1924,frame_001920,IMG_1924/frame_001920,841.7268999910448,dt_ridge,1.0,1.0,143.49134826660156,26.22222222222222,409.0,-14.191096549023976,81.0
baseline_raw,bev_dt_nearfield,IMG_1924,frame_001920,IMG_1924/frame_001920,1187.0920999790542,dt_ridge,1.0,1.0,147.6514892578125,34.97260273972603,393.0,-11.040940180323732,73.0
baseline_raw,bev_graph,IMG_1924,frame_001920,IMG_1924/frame_001920,73.5117000003811,fallback_centerline,1.0,1.0,127.97864532470703,25.876543209876544,406.0,-11.431407442921593,81.0
baseline_raw,img_dt,IMG_1924,frame_001920,IMG_1924/frame_001920,93.6163000005763,img_dt,1.0,1.0,190.7515106201172,18.95,447.0,9.972057687331088,60.0
baseline_raw,img_midpoint,IMG_1924,frame_001920,IMG_1924/frame_001920,2.078300021821633,img_midpoint,1.0,1.0,183.65750122070312,9.616666666666667,439.0,-9.053438662173773,30.0
candidate_confhold,bev_dt_full,IMG_1924,frame_001920,IMG_1924/frame_001920,870.0790999864694,dt_ridge,1.0,1.0,144.94309997558594,23.141975308641975,409.0,-14.191096549023976,81.0
candidate_confhold,bev_dt_nearfield,IMG_1924,frame_001920,IMG_1924/frame_001920,1393.6940999992657,dt_ridge,1.0,1.0,147.6514892578125,34.97260273972603,393.0,-11.040940180323732,73.0
candidate_confhold,bev_graph,IMG_1924,frame_001920,IMG_1924/frame_001920,74.96800000080839,fallback_centerline,1.0,1.0,129.0999298095703,25.098765432098766,405.0,-12.685414291658773,81.0
candidate_confhold,img_dt,IMG_1924,frame_001920,IMG_1924/frame_001920,102.03290000208654,img_dt,1.0,1.0,185.0984649658203,18.048387096774192,462.0,9.972057687331088,62.0
candidate_confhold,img_midpoint,IMG_1924,frame_001920,IMG_1924/frame_001920,2.106100000673905,img_midpoint,1.0,0.9677419066429138,180.4088592529297,5.290322580645161,454.0,-5.336320097391443,31.0
oracle_gt,bev_dt_full,IMG_1924,frame_002392,IMG_1924/frame_002392,701.6962000052445,dt_ridge,1.0,1.0,130.4058837890625,16.104938271604937,399.0,-34.787332366113134,81.0
oracle_gt,bev_dt_nearfield,IMG_1924,frame_002392,IMG_1924/frame_002392,867.0763999980409,dt_ridge,1.0,1.0,125.1652603149414,24.6125,397.0,-34.787332366113134,80.0
oracle_gt,bev_graph,IMG_1924,frame_002392,IMG_1924/frame_002392,750.0984000216704,dt_corridor,1.0,1.0,126.66200256347656,16.626506024096386,404.0,-34.08211463956856,83.0
oracle_gt,img_dt,IMG_1924,frame_002392,IMG_1924/frame_002392,69.46530001005158,img_dt,1.0,0.9841269850730896,152.90701293945312,18.071428571428573,469.0,-7.2369220259680045,63.0
oracle_gt,img_midpoint,IMG_1924,frame_002392,IMG_1924/frame_002392,2.083600003970787,img_midpoint,1.0,0.9677419066429138,144.62062072753906,9.693548387096774,454.0,-10.581635520943792,31.0
baseline_raw,bev_dt_full,IMG_1924,frame_002392,IMG_1924/frame_002392,847.6986000023317,dt_ridge,1.0,1.0,107.33747863769531,37.47530864197531,404.0,-23.581651144849886,81.0
baseline_raw,bev_dt_nearfield,IMG_1924,frame_002392,IMG_1924/frame_002392,1008.3386999904178,dt_ridge,1.0,1.0,102.09387969970703,50.09090909090909,396.0,-21.67984860896069,77.0
baseline_raw,bev_graph,IMG_1924,frame_002392,IMG_1924/frame_002392,66.36419999995269,fallback_centerline,1.0,0.7142857313156128,53.814781188964844,101.49350649350649,397.0,-13.203665859691105,77.0
baseline_raw,img_dt,IMG_1924,frame_002392,IMG_1924/frame_002392,79.59569999366067,img_dt,1.0,0.9841269850730896,147.7450408935547,18.373015873015873,469.0,-4.537772507906652,63.0
baseline_raw,img_midpoint,IMG_1924,frame_002392,IMG_1924/frame_002392,1.9269000040367246,img_midpoint,1.0,0.9677419066429138,132.2880401611328,25.20967741935484,454.0,-7.821352104374949,31.0
candidate_confhold,bev_dt_full,IMG_1924,frame_002392,IMG_1924/frame_002392,703.2849999959581,dt_ridge,1.0,1.0,130.7616729736328,16.15432098765432,399.0,-35.24757505834622,81.0
candidate_confhold,bev_dt_nearfield,IMG_1924,frame_002392,IMG_1924/frame_002392,856.1244000156876,dt_ridge,1.0,1.0,124.32359313964844,24.839506172839506,397.0,-35.24757505834622,81.0
candidate_confhold,bev_graph,IMG_1924,frame_002392,IMG_1924/frame_002392,46.43850002321415,fallback_skeleton,1.0,1.0,83.67867279052734,56.18115942028985,444.0,-30.96375653207352,138.0
candidate_confhold,img_dt,IMG_1924,frame_002392,IMG_1924/frame_002392,75.83330001216382,img_dt,1.0,0.9682539701461792,153.3350372314453,20.150793650793652,469.0,-7.535063723328119,63.0
candidate_confhold,img_midpoint,IMG_1924,frame_002392,IMG_1924/frame_002392,1.9743999873753637,img_midpoint,1.0,0.9677419066429138,144.65127563476562,7.919354838709677,454.0,-11.188799928251802,31.0
oracle_gt,bev_dt_full,IMG_1924,frame_002884,IMG_1924/frame_002884,1213.1838999921456,dt_ridge,1.0,1.0,157.95321655273438,171.14197530864197,406.0,-18.301080422795014,81.0
oracle_gt,bev_dt_nearfield,IMG_1924,frame_002884,IMG_1924/frame_002884,3349.452599999495,dt_ridge,1.0,1.0,140.96949768066406,208.8013698630137,393.0,-11.040940180323732,73.0
oracle_gt,bev_graph,IMG_1924,frame_002884,IMG_1924/frame_002884,85.1457999960985,fallback_centerline,1.0,1.0,145.6538543701172,209.38095238095238,368.0,-9.383565172386575,63.0
oracle_gt,img_dt,IMG_1924,frame_002884,IMG_1924/frame_002884,152.25479999207892,img_dt,1.0,0.9841269850730896,191.07034301757812,125.05555555555556,469.0,0.0,63.0
oracle_gt,img_midpoint,IMG_1924,frame_002884,IMG_1924/frame_002884,2.76169998687692,img_midpoint,1.0,1.0,184.53611755371094,13.859375,469.0,-54.904183212973884,32.0
baseline_raw,bev_dt_full,IMG_1924,frame_002884,IMG_1924/frame_002884,1768.1621999945492,dt_ridge,1.0,1.0,185.10260009765625,133.94444444444446,398.0,-28.97102169372329,81.0
baseline_raw,bev_dt_nearfield,IMG_1924,frame_002884,IMG_1924/frame_002884,4495.857500005513,dt_ridge,1.0,1.0,140.96949768066406,208.8013698630137,393.0,-11.040940180323732,73.0
baseline_raw,bev_graph,IMG_1924,frame_002884,IMG_1924/frame_002884,75.57010001619346,fallback_skeleton,1.0,0.9781420826911926,89.63778686523438,83.32513661202186,449.0,-43.78112476486871,183.0
baseline_raw,img_dt,IMG_1924,frame_002884,IMG_1924/frame_002884,146.03119998355396,img_dt,1.0,1.0,183.60235595703125,90.71311475409836,454.0,-11.491439088113383,61.0
baseline_raw,img_midpoint,IMG_1924,frame_002884,IMG_1924/frame_002884,2.575899998191744,img_midpoint,1.0,1.0,192.2074432373047,84.21666666666667,439.0,-29.981639368849336,30.0
candidate_confhold,bev_dt_full,IMG_1924,frame_002884,IMG_1924/frame_002884,1366.5243999857921,dt_ridge,1.0,1.0,182.27061462402344,142.88888888888889,401.0,-28.97102169372329,81.0
candidate_confhold,bev_dt_nearfield,IMG_1924,frame_002884,IMG_1924/frame_002884,3075.828399974853,dt_ridge,1.0,1.0,140.96949768066406,208.8013698630137,393.0,-11.040940180323732,73.0
candidate_confhold,bev_graph,IMG_1924,frame_002884,IMG_1924/frame_002884,98.75910001574084,fallback_centerline,1.0,1.0,144.54515075683594,209.4921875,370.0,-9.383565172386575,64.0
candidate_confhold,img_dt,IMG_1924,frame_002884,IMG_1924/frame_002884,151.6471999930218,img_dt,1.0,1.0,191.79718017578125,77.0725806451613,462.0,-21.311248425815734,62.0
candidate_confhold,img_midpoint,IMG_1924,frame_002884,IMG_1924/frame_002884,2.283699985127896,img_midpoint,1.0,1.0,186.33346557617188,16.629032258064516,454.0,-52.00603981964598,31.0
oracle_gt,bev_dt_full,IMG_1924,frame_003378,IMG_1924/frame_003378,1106.9843000150286,dt_ridge,1.0,1.0,153.1483917236328,196.0,404.0,-10.974382696753661,81.0
oracle_gt,bev_dt_nearfield,IMG_1924,frame_003378,IMG_1924/frame_003378,1960.1823999837507,dt_ridge,1.0,1.0,161.4453582763672,193.12328767123287,393.0,-11.040940180323732,73.0
oracle_gt,bev_graph,IMG_1924,frame_003378,IMG_1924/frame_003378,1225.8027000061702,dt_corridor,1.0,1.0,158.4349822998047,187.61111111111111,405.0,-10.974382696753661,81.0
oracle_gt,img_dt,IMG_1924,frame_003378,IMG_1924/frame_003378,193.14309998298995,img_dt,1.0,1.0,200.3858184814453,150.1904761904762,469.0,24.46679088104595,63.0
oracle_gt,img_midpoint,IMG_1924,frame_003378,IMG_1924/frame_003378,2.390300011029467,img_midpoint,1.0,0.9375,180.75552368164062,30.578125,469.0,-37.17092348994039,32.0
baseline_raw,bev_dt_full,IMG_1924,frame_003378,IMG_1924/frame_003378,2215.6835999921896,dt_ridge,1.0,0.6666666865348816,76.6322250366211,320.7345679012346,298.0,84.51051116568703,81.0
baseline_raw,bev_dt_nearfield,IMG_1924,frame_003378,IMG_1924/frame_003378,2942.4768000026233,dt_ridge,1.0,1.0,161.4453582763672,193.12328767123287,393.0,-11.040940180323732,73.0
baseline_raw,bev_graph,IMG_1924,frame_003378,IMG_1924/frame_003378,2307.2137999988627,dt_corridor,1.0,0.7162162065505981,82.59843444824219,337.52027027027026,268.0,85.23635830927383,74.0
baseline_raw,img_dt,IMG_1924,frame_003378,IMG_1924/frame_003378,190.58879997464828,img_dt,1.0,0.9491525292396545,135.11048889160156,66.61864406779661,439.0,73.19130837379315,59.0
baseline_raw,img_midpoint,IMG_1924,frame_003378,IMG_1924/frame_003378,2.3423999955412,img_midpoint,1.0,1.0,194.85549926757812,35.275862068965516,424.0,-13.14486761755074,29.0
candidate_confhold,bev_dt_full,IMG_1924,frame_003378,IMG_1924/frame_003378,1041.2947000004351,dt_ridge,1.0,1.0,152.5697479248047,192.22222222222223,406.0,-10.974382696753661,81.0
candidate_confhold,bev_dt_nearfield,IMG_1924,frame_003378,IMG_1924/frame_003378,2076.2251000269316,dt_ridge,1.0,1.0,161.4453582763672,193.12328767123287,393.0,-11.040940180323732,73.0
candidate_confhold,bev_graph,IMG_1924,frame_003378,IMG_1924/frame_003378,1143.045799981337,dt_corridor,1.0,1.0,158.22222900390625,185.92592592592592,406.0,-10.974382696753661,81.0
candidate_confhold,img_dt,IMG_1924,frame_003378,IMG_1924/frame_003378,204.96579998871312,img_dt,1.0,1.0,201.63107299804688,160.79365079365078,469.0,27.883340620448212,63.0
candidate_confhold,img_midpoint,IMG_1924,frame_003378,IMG_1924/frame_003378,2.920700004324317,img_midpoint,1.0,1.0,185.3136749267578,16.516129032258064,454.0,-38.927543592792304,31.0
