mask_case,planner,video,runtime_ms_mean,runtime_ms_p10,runtime_ms_p90,has_path_mean,has_path_p10,has_path_p90,inside_gt_ratio_mean,inside_gt_ratio_p10,inside_gt_ratio_p90,mean_gt_clearance_px_mean,mean_gt_clearance_px_p10,mean_gt_clearance_px_p90,mean_center_error_px_mean,mean_center_error_px_p10,mean_center_error_px_p90,forward_span_px_mean,forward_span_px_p10,forward_span_px_p90,heading_deg_mean,heading_deg_p10,heading_deg_p90,path_points_mean,path_points_p10,path_points_p90,count
baseline_raw,bev_dt_full,IMG_1878,323.3137374954822,122.81373998848721,648.3627799840176,1.0,1.0,1.0,1.0,1.0,1.0,130.91225147247314,94.71400833129883,170.45796966552732,84.56141577115051,16.57859801488834,152.87332621082618,253.375,182.7,323.7,-24.409032082535184,-59.35739982923718,7.45011828491308,44.5,28.3,67.7,8
baseline_raw,bev_dt_full,IMG_1921,1310.331987493555,1072.9485900053987,1518.9303799910704,1.0,1.0,1.0,1.0,1.0,1.0,149.14508152008057,124.08676223754883,168.8549362182617,53.91898148148148,25.595061728395063,82.64629629629628,396.625,386.5,408.0,-24.42916570219231,-42.288016532555055,-9.761474927222313,81.0,81.0,81.0,8
baseline_raw,bev_dt_full,IMG_1922,1207.3757874968578,443.30229998158757,2028.1955300044501,1.0,1.0,1.0,0.8533950597047806,0.45555554628372197,1.0,128.8954119682312,89.21870079040528,163.8585266113281,134.9648189856523,39.04753086419753,319.1376543209876,359.625,297.2,408.3,-41.353636532720714,-84.19609054016861,-14.29812088171272,74.375,61.5,81.0,8
baseline_raw,bev_dt_full,IMG_1924,975.3070124970691,234.9177299940493,1902.4186199938413,1.0,1.0,1.0,0.8395061753690243,0.48148149549961095,1.0,119.85873711947352,53.66255752667785,165.0694152832031,162.21064814814815,34.099382716049384,392.49197530864194,393.0,368.0,409.0,-3.9972270252764908,-25.198462309511907,17.67108546197853,81.0,81.0,81.0,8
baseline_raw,bev_dt_nearfield,IMG_1878,329.0622999993502,125.26829001144506,672.6418600010218,1.0,1.0,1.0,1.0,1.0,1.0,130.91225147247314,94.71400833129883,170.45796966552732,84.56141577115051,16.57859801488834,152.87332621082618,253.375,182.7,323.7,-24.409032082535184,-59.35739982923718,7.45011828491308,44.5,28.3,67.7,8
baseline_raw,bev_dt_nearfield,IMG_1921,1785.2546374961094,1394.9597700091545,2172.4530200037407,1.0,1.0,1.0,1.0,1.0,1.0,137.7594175338745,114.72050476074219,164.42340240478515,68.72133336492982,25.947260273972603,109.73895569620252,393.875,392.4,395.3,-19.214866973590883,-31.925970217618996,-10.723206912546562,75.875,73.0,79.3,8
baseline_raw,bev_dt_nearfield,IMG_1922,1673.8829124988115,457.42458998574875,3070.1594700018177,1.0,1.0,1.0,0.9243827164173126,0.8185185194015503,1.0,124.23334646224976,100.18586540222168,150.10047607421876,114.25034566530002,40.256531531531536,251.40370370370368,372.625,332.9,394.6,-30.792538196123736,-53.51719354410876,-14.318088126783742,71.625,61.5,81.0,8
baseline_raw,bev_dt_nearfield,IMG_1924,2655.5816874933953,1018.7622599885799,4851.629900000989,1.0,1.0,1.0,0.8818493150174618,0.7164383560419083,1.0,128.31759141664952,71.48790757134557,163.95315704345703,160.63797183703005,45.55541718555418,317.14863013698624,393.5,393.0,394.6,-12.683179936609257,-15.981919444067884,-11.040940180323732,73.625,73.0,74.9,8
baseline_raw,bev_graph,IMG_1878,271.16846249919035,24.049399999785237,685.676109997439,1.0,1.0,1.0,1.0,1.0,1.0,147.10048627853394,83.05880851745606,245.0641891479492,81.05036956377683,16.24181141439206,155.6716216216216,224.75,109.0,306.9,-38.29535951264609,-69.0586709173505,-17.347440689435707,35.25,13.4,65.6,8
baseline_raw,bev_graph,IMG_1921,538.4962499920221,72.56502999225631,1352.2974600025918,1.0,1.0,1.0,0.9814898073673248,0.9296762466430664,1.0,126.20635509490967,102.51755599975586,155.50955963134766,60.912067447667496,31.324743833017077,87.11715194109773,404.5,387.0,425.8,-20.29719978594621,-41.115160671353834,-6.185026799466251,87.75,71.7,106.8,8
baseline_raw,bev_graph,IMG_1922,702.8725375057547,46.942250002757646,1775.1642100105528,1.0,1.0,1.0,0.8776610530912876,0.5365235179662704,1.0,126.49009990692139,100.36613388061524,150.47129821777344,140.08156686498853,38.5375,305.4536467974824,348.875,244.9,423.1,-43.39876554639932,-83.71832059142737,-14.29812088171272,81.5,57.0,107.39999999999998,8
baseline_raw,bev_graph,IMG_1924,2069.1779000007955,64.01385000208393,5429.692579995024,1.0,1.0,1.0,0.8059824635274708,0.5117647182196379,1.0,97.3717509326525,37.686229185387496,142.50317993164063,159.1370270486996,37.7641394335512,392.88918918918915,399.0,358.3,442.0,-3.5548763723077874,-22.37690353124438,18.040330530909127,95.875,76.1,126.29999999999998,8
baseline_raw,img_dt,IMG_1878,59.66578750303597,28.381620009895414,100.71015000867189,0.875,0.7000000000000001,1.0,0.875,0.7000000000000001,1.0,126.22692680358887,74.73445816040041,187.69640045166014,201.63789446573162,30.499812030075187,474.6865384615383,244.875,132.3,378.5,12.403990689629477,-16.183238503028253,46.801726723991514,33.25,18.200000000000003,51.0,8
baseline_raw,img_dt,IMG_1921,114.58206250608782,88.46501001098659,131.32691999780945,1.0,1.0,1.0,1.0,1.0,1.0,182.3141918182373,162.32508697509766,201.68556213378906,53.98719954942558,20.182078039927404,103.90903421810042,440.0,415.0,467.4,5.168257803317382,-9.462118000275138,22.111886173968486,59.125,55.8,62.699999999999996,8
baseline_raw,img_dt,IMG_1922,139.06186250096653,70.02396999159828,207.68662999325898,1.0,1.0,1.0,0.9110745638608932,0.726578962802887,1.0,166.87358403205872,100.18110027313233,227.81956787109374,90.01264665493589,9.10153846153846,170.6656578947368,418.25,347.3,480.9,-10.141328208314597,-37.60022650079339,8.277634522832647,56.25,46.9,64.5,8
baseline_raw,img_dt,IMG_1924,145.77464999092626,85.58097999484744,213.3048299816437,1.0,1.0,1.0,0.9149932712316513,0.7804067671298981,1.0,160.96442008018494,102.94511966705323,202.25675354003906,75.40160245758722,14.844982078853048,139.01254545454543,462.75,430.0,496.29999999999995,2.8316584888046403,-26.021704135653962,28.937832893269693,62.125,57.8,66.6,8
baseline_raw,img_midpoint,IMG_1878,2.001737491809763,1.674929985892959,2.298399995197542,0.875,0.7000000000000001,1.0,0.875,0.7000000000000001,1.0,127.69964694976807,73.03098526000977,191.84845581054688,171.23785103601796,8.461513157894737,424.70384615384603,238.375,127.4,370.8,-9.281199020158923,-15.545468391503448,1.5397663319618893,16.625,9.100000000000001,25.5,8
baseline_raw,img_midpoint,IMG_1921,2.208274989243364,2.026499982457608,2.4412899918388575,1.0,1.0,1.0,1.0,1.0,1.0,173.50785064697266,151.22964935302736,197.83636322021485,15.042502240359745,5.170517241379311,28.531896551724138,431.625,404.5,457.3,2.8647141839794523,-9.455916807247188,17.641562603582347,29.5,27.7,31.2,8
baseline_raw,img_midpoint,IMG_1922,2.25815000521834,1.8976900144480169,2.6120100141270086,1.0,1.0,1.0,0.9790229871869087,0.9358620584011078,1.0,170.86537647247314,138.02258987426757,213.1484390258789,52.4363065599454,10.153589743589745,108.68022988505743,412.375,341.7,475.29999999999995,-3.5022395470342236,-33.48935508181984,17.160530294192377,28.25,23.6,32.4,8
baseline_raw,img_midpoint,IMG_1924,2.2583874997508246,2.0216799923218787,2.57829999900423,1.0,1.0,1.0,0.8742572120390832,0.6853140715509654,1.0,160.77886892622337,92.6095228496939,208.46318511962892,93.2451063437933,14.412419354838711,201.81482456140344,454.125,419.5,485.79999999999995,-11.828722711267972,-30.53773228799991,1.4134592838304665,31.0,28.7,33.1,8
candidate_confhold,bev_dt_full,IMG_1878,623.7463999932515,192.49185997468885,1152.992319996701,1.0,1.0,1.0,0.9687850400805473,0.9235579669475555,1.0,99.6261510848999,60.85856323242188,132.8602226257324,43.272353684499116,15.202915165411072,68.10716454159076,340.375,301.5,381.1,-25.90295523322009,-44.695975273771964,-14.187746459924298,62.0,45.8,81.0,8
candidate_confhold,bev_dt_full,IMG_1921,1184.4034125024336,976.7342900042422,1450.3430099983234,1.0,1.0,1.0,1.0,1.0,1.0,145.03689002990723,124.94323120117187,162.20553741455078,58.341820987654316,23.76111111111111,103.2432098765432,398.0,385.2,409.0,-22.311417293954868,-42.288016532555055,-10.07426292281687,81.0,81.0,81.0,8
candidate_confhold,bev_dt_full,IMG_1922,1164.5377749955514,579.7118999966187,2030.4519599914784,1.0,1.0,1.0,1.0,1.0,1.0,136.04830265045166,110.44637756347656,163.99476928710936,71.78472222222223,26.906172839506176,115.97962962962963,388.875,365.1,409.0,-27.296705902755285,-45.560290222900086,-10.974382696753661,81.0,81.0,81.0,8
candidate_confhold,bev_dt_full,IMG_1924,734.6207000009599,192.54850001598243,1138.8636099960422,1.0,1.0,1.0,0.9742063507437706,0.9380952417850494,1.0,138.45184707641602,105.48407745361328,164.21981964111328,86.69334215167548,21.04567901234568,157.68888888888887,381.625,342.90000000000003,409.0,-26.122485888967738,-49.38528717606169,-10.974382696753661,78.75,75.6,81.0,8
candidate_confhold,bev_dt_nearfield,IMG_1878,802.982899993367,187.14338000281714,1587.5801899848732,1.0,1.0,1.0,0.9687850400805473,0.9235579669475555,1.0,89.09257984161377,60.85856323242188,107.5796516418457,58.88471204742826,15.202915165411072,105.57682461262067,342.125,301.5,388.1,-22.114817393191124,-34.634655139842316,-11.930158695105888,61.0,45.8,75.4,8
candidate_confhold,bev_dt_nearfield,IMG_1921,1727.8830124996603,1251.4608899771702,2083.554779997212,1.0,1.0,1.0,1.0,1.0,1.0,138.2523775100708,118.81936187744141,164.42340240478515,69.54859520748188,24.09178082191781,109.39633702531646,393.75,392.4,395.3,-19.48918728742066,-32.11946317359955,-11.040940180323732,75.625,73.0,79.3,8
candidate_confhold,bev_dt_nearfield,IMG_1922,1710.1388999981282,808.9815799816279,3055.973320011981,1.0,1.0,1.0,1.0,1.0,1.0,130.60142040252686,110.44637756347656,150.3298538208008,86.31723702012516,35.587534246575345,160.9246913580247,385.125,365.1,394.0,-26.581353747382217,-44.914839221460866,-11.020972935252711,77.5,73.0,81.0,8
candidate_confhold,bev_dt_nearfield,IMG_1924,2170.858550005505,616.5065700130071,3812.668449999182,1.0,1.0,1.0,0.9742063507437706,0.9380952417850494,1.0,136.9192295074463,100.97742156982423,163.95315704345703,101.095316614723,31.932673769660074,197.82671232876712,370.875,338.7,394.2,-22.9833122822108,-49.38528717606169,-11.040940180323732,72.75,70.0,75.4,8
candidate_confhold,bev_graph,IMG_1878,304.4596499967156,49.405470001511276,519.255380006507,1.0,1.0,1.0,0.9766398072242737,0.9261140584945678,1.0,100.27088069915771,81.7803939819336,116.57854003906249,53.821320997565984,14.954700294792007,89.25784214404123,333.625,258.9,404.9,-30.379773901114206,-55.78971807904457,-14.368819381614777,67.125,38.5,103.09999999999998,8
candidate_confhold,bev_graph,IMG_1921,445.6175375053135,61.0844400129281,1282.2596100042574,1.0,1.0,1.0,0.9929577484726906,0.9830985963344574,1.0,115.21090316772461,93.73390502929688,132.49913024902344,76.93262993762221,28.03752833243389,131.29339527027025,401.75,387.1,421.5,-15.390111713935765,-28.925801099852364,-6.531001868713266,81.75,71.7,92.19999999999999,8
candidate_confhold,bev_graph,IMG_1922,420.92188749302295,71.32017998956144,841.0118299914757,1.0,1.0,1.0,0.9674966633319855,0.9024682581424713,1.0,108.52154970169067,76.66250877380371,139.7063201904297,77.7852810713531,26.118823529411763,129.44487870619946,416.25,380.9,449.0,-30.273491556727567,-51.807565567357535,-12.68827452182924,113.0,76.8,170.1,8
candidate_confhold,bev_graph,IMG_1924,350.0113125082862,61.16986002307385,996.3155100034783,1.0,1.0,1.0,0.9453533738851547,0.7990068316459655,1.0,118.11067152023315,73.1021282196045,156.4563247680664,97.69046101141404,28.653159041394336,192.99580439814815,387.875,322.6,440.5,-20.40217283603072,-46.52011173979582,-3.2234486428219222,97.0,63.7,150.29999999999998,8
candidate_confhold,img_dt,IMG_1878,67.86305000059656,35.893910002778284,112.67432000313418,1.0,1.0,1.0,0.986825093626976,0.9592156887054444,1.0,126.01029109954834,87.31877670288085,164.61238708496091,55.673393829982146,28.810815217391305,90.46944444444445,350.875,295.0,409.79999999999995,4.735422380695331,-12.188642343640186,16.776590231962857,47.375,40.0,55.199999999999996,8
candidate_confhold,img_dt,IMG_1921,113.58288750125212,89.81041000806727,137.05303000169806,1.0,1.0,1.0,1.0,1.0,1.0,174.98772048950195,161.7894073486328,193.56194000244142,52.37074492814328,19.894927536231886,100.84409090909091,464.625,424.4,515.0,4.474781946701225,-9.650914601959787,20.061364484085857,62.375,57.1,69.0,8
candidate_confhold,img_dt,IMG_1922,126.9835375060211,71.29730999586172,180.3602000029059,1.0,1.0,1.0,0.9938844069838524,0.9786559164524078,1.0,180.40842247009277,154.69023590087892,220.9291244506836,64.54846168646597,7.303825136612022,130.0221397849462,457.125,419.7,496.29999999999995,1.8685756511424383,-26.05435663268957,28.94588656120939,61.375,56.4,66.6,8
candidate_confhold,img_dt,IMG_1924,123.7791500025196,65.82173001079354,193.98930999741424,1.0,1.0,1.0,0.9960317462682724,0.9904761910438538,1.0,184.4867401123047,161.2815368652344,206.4614501953125,68.84744791313702,15.293394777265744,138.52436974789913,456.0,436.8,471.4,-3.699196442861737,-31.00542885152215,15.345442567266222,61.25,58.7,63.3,8
candidate_confhold,img_midpoint,IMG_1878,2.0762125022883993,1.8696500163059682,2.323459991021082,1.0,1.0,1.0,0.9777668043971062,0.9118577301502228,1.0,116.23199415206909,73.86004219055175,157.5047424316406,20.927266279915735,4.565769230769231,31.006363636363638,342.5,288.0,409.79999999999995,-13.490613005002356,-38.61345687645057,10.367112692768648,23.625,20.0,28.099999999999998,8
candidate_confhold,img_midpoint,IMG_1921,2.1754750014224555,2.0989199983887374,2.2661899973172694,1.0,1.0,1.0,0.9890692681074142,0.9616450428962707,1.0,166.7862033843994,152.0772964477539,180.66645355224608,8.605051507856096,4.035595105672971,13.361285266457678,454.25,415.0,504.5,4.009604052886422,-12.464537499733012,18.108979242296805,31.0,28.4,34.3,8
candidate_confhold,img_midpoint,IMG_1922,2.2350750004989095,1.9555000035325065,2.4874600028852,1.0,1.0,1.0,0.9833147972822189,0.9341490626335144,1.0,169.65945434570312,144.23160552978516,207.0890884399414,12.805090664822512,3.778421052631579,22.49838709677419,444.625,401.2,485.79999999999995,-2.7938272875234342,-35.72068152493705,23.152702907025606,30.375,27.5,33.1,8
candidate_confhold,img_midpoint,IMG_1924,2.253399998153327,1.9227999961003661,2.638739996473305,1.0,1.0,1.0,0.9879032149910927,0.9677419066429138,1.0,169.22182369232178,128.01483230590821,192.64389038085938,14.92226310483871,5.290322580645161,24.285383064516125,444.5,426.7,458.5,-21.94512270118662,-45.498384916046824,0.9896946801111124,30.375,29.2,31.3,8
oracle_gt,bev_dt_full,IMG_1878,515.5165500036674,188.86971001629718,844.3347500025991,1.0,1.0,1.0,0.9470447897911072,0.8831908881664277,1.0,106.73039531707764,60.2053466796875,152.48609466552733,42.33549606113354,13.72,66.8827485380117,335.0,304.7,372.2,-30.033134485434008,-59.64994837253727,-11.583901690662744,62.125,46.4,81.0,8
oracle_gt,bev_dt_full,IMG_1921,1210.2429874976224,976.9066099921474,1431.5414699958637,1.0,1.0,1.0,1.0,1.0,1.0,145.48309135437012,125.02780303955078,162.16673278808594,57.91743827160494,23.835185185185185,102.93148148148147,398.0,384.8,409.0,-22.4279096776627,-42.288016532555055,-10.07426292281687,81.0,81.0,81.0,8
oracle_gt,bev_dt_full,IMG_1922,1131.8449249993137,563.951629991061,1759.5449099928373,1.0,1.0,1.0,1.0,1.0,1.0,142.7531213760376,111.53628463745117,200.5311508178711,85.73225308641975,26.357407407407408,171.04197530864198,382.75,350.8,409.0,-32.653194609362934,-62.14357718686203,-10.974382696753661,81.0,81.0,81.0,8
oracle_gt,bev_dt_full,IMG_1924,721.0256250036764,193.97428000811487,1138.8441800081637,1.0,1.0,1.0,0.9742063507437706,0.9380952417850494,1.0,135.43894481658936,105.357918548584,156.92460021972656,90.77579365079366,21.173456790123456,178.59938271604938,382.0,342.90000000000003,409.0,-24.731212893572568,-49.06311729149853,-10.974382696753661,78.75,75.6,81.0,8
oracle_gt,bev_dt_nearfield,IMG_1878,492.31213749590097,193.4102399914991,775.8580599969716,1.0,1.0,1.0,0.9470447897911072,0.8831908881664277,1.0,89.60207653045654,60.2053466796875,111.37812957763671,57.447621885588134,13.72,103.1518505167027,339.5,304.7,385.6,-21.883511933243703,-34.284236198217656,-11.583901690662744,61.125,46.4,75.4,8
oracle_gt,bev_dt_nearfield,IMG_1921,1719.9472124993918,1255.421530007152,2084.9315300001763,1.0,1.0,1.0,1.0,1.0,1.0,138.9009246826172,118.81936187744141,164.42340240478515,68.64354800428501,24.09178082191781,107.86071202531645,393.75,392.4,395.3,-19.81923599331031,-32.35950174342308,-11.040940180323732,75.75,73.0,79.3,8
oracle_gt,bev_dt_nearfield,IMG_1922,1668.395837488788,850.1784899854101,3163.1754199857824,1.0,1.0,1.0,1.0,1.0,1.0,128.9217882156372,111.53628463745117,153.1286148071289,91.74615127684763,36.463150684931506,183.05864197530863,385.625,363.4,394.6,-25.650136779352238,-48.42999273462856,-11.020972935252711,77.5,73.0,81.0,8
oracle_gt,bev_dt_nearfield,IMG_1924,2154.1159249973134,623.8480099971639,3967.8115499991686,1.0,1.0,1.0,0.9742063507437706,0.9380952417850494,1.0,137.0756435394287,101.68948211669922,163.95315704345703,101.06991703359425,31.86457191780822,197.82671232876712,370.875,338.7,394.2,-22.925781945681663,-49.06311729149853,-11.040940180323732,72.625,70.0,75.1,8
oracle_gt,bev_graph,IMG_1878,400.0768374899053,39.468689990462735,893.2939599937524,1.0,1.0,1.0,0.8852110430598259,0.6582857429981231,1.0,101.78125643730164,33.022243690490725,156.91327896118162,51.63448118337921,17.776504914004914,81.80637218045112,320.75,280.1,355.5,-25.553653342005703,-43.813208362612194,-7.714194250546969,59.75,41.3,83.19999999999999,8
oracle_gt,bev_graph,IMG_1921,591.4971124984731,59.346569995977916,1289.7587299987208,1.0,1.0,1.0,0.9929577484726906,0.9830985963344574,1.0,126.03311252593994,100.22290420532227,152.77769622802734,64.3758466778981,24.22235294117647,105.68212752525253,401.0,387.1,414.0,-18.235441182748062,-34.56502826691147,-7.511084068127924,81.875,71.7,89.2,8
oracle_gt,bev_graph,IMG_1922,620.584800002689,73.42827999673318,1244.8392300168052,1.0,1.0,1.0,0.9686220288276672,0.9030712366104126,1.0,125.11858940124512,84.23153457641602,165.5329620361328,85.5928532642647,25.89622549019608,142.90505707570927,399.5,342.0,449.0,-34.53543123822507,-62.6521064203307,-12.68827452182924,104.875,74.0,172.1,8
oracle_gt,bev_graph,IMG_1924,558.7072875023296,80.09172999882139,1038.9376999926753,1.0,1.0,1.0,0.9449825137853622,0.7981167674064636,1.0,124.94748020172119,73.09109725952149,156.52015075683593,92.76041160082575,20.77912827781715,194.1420634920635,383.625,321.2,421.5,-20.806032926441112,-48.70296241504234,-2.8519566746780463,90.25,63.0,112.59999999999998,8
oracle_gt,img_dt,IMG_1878,71.27786249839119,36.246399994706735,118.35051000816746,1.0,1.0,1.0,0.9892968088388443,0.9661490797996521,1.0,124.84472560882568,88.61064529418945,161.88640594482422,57.86735638868189,29.52038706256628,93.85127906976744,350.0,300.6,407.7,5.149364466194763,-10.050715747979922,15.391328790772238,47.25,40.7,54.9,8
oracle_gt,img_dt,IMG_1921,113.25502499676077,84.64694000431336,139.67390000179876,1.0,1.0,1.0,0.9825968444347382,0.9429781913757325,1.0,171.86578369140625,156.58707427978516,189.6538314819336,54.21711431897185,21.301551724137934,97.94283134203945,473.0,436.6,517.1,4.090147232739731,-10.693877889693109,20.125372650004557,63.5,58.7,69.3,8
oracle_gt,img_dt,IMG_1922,131.50477499584667,81.94043999537826,180.8761999971466,1.0,1.0,1.0,0.9919994845986366,0.9681003510951995,1.0,179.45373344421387,154.5161895751953,218.75380096435546,65.36018554543422,7.901587301587302,131.74472043010752,458.875,414.1,496.29999999999995,2.4898071703228934,-23.73190981485518,29.05792239386149,61.625,55.7,66.6,8
oracle_gt,img_dt,IMG_1924,119.97859999610228,60.90468000329565,190.20638999063522,1.0,1.0,1.0,0.9921855926513672,0.9796581208705902,1.0,182.08360862731934,155.39992980957032,202.45453948974608,72.45597010516366,15.267741935483873,132.59603174603174,459.75,443.7,473.5,-1.893796222603929,-19.99903731331056,13.246901848790529,61.75,59.6,63.6,8
oracle_gt,img_midpoint,IMG_1878,2.409200002148282,2.208029993926175,2.6058999967062846,1.0,1.0,1.0,0.989130437374115,0.973913049697876,1.0,116.72200775146484,73.49078598022462,159.90563049316404,22.113706754070208,5.272,33.60142857142857,338.75,288.0,394.79999999999995,-16.33249571323215,-49.572154153519406,10.680157469416535,23.375,20.0,27.099999999999998,8
oracle_gt,img_midpoint,IMG_1921,2.421125002001645,2.1584299975074828,2.68779999751132,1.0,1.0,1.0,1.0,1.0,1.0,164.77480125427246,148.9317886352539,179.75135345458983,7.969343563343024,3.6447163515016685,12.683316430020282,460.0,424.0,504.5,2.9120307703816533,-13.353686096793517,18.71554486370152,31.375,29.0,34.3,8
oracle_gt,img_midpoint,IMG_1922,2.3456000053556636,2.1765900077298284,2.4976200016681105,1.0,1.0,1.0,0.9712180197238922,0.9226918876171112,1.0,166.3220386505127,130.89601287841796,207.14286193847656,14.862513142038914,3.3503508771929824,24.34939516129032,444.625,401.2,485.79999999999995,-1.295336981016721,-35.14808459144599,26.08041019960728,30.375,27.5,33.1,8
oracle_gt,img_midpoint,IMG_1924,2.3957625016919337,2.144289997522719,2.737410005647689,1.0,1.0,1.0,0.9760584607720375,0.9368951618671417,1.0,168.3793430328369,128.50881805419922,192.7120346069336,16.011582661290323,6.114516129032258,31.7546875,448.25,426.7,469.0,-22.051859382422755,-42.49090140685044,-4.366153184337264,30.625,29.2,32.0,8
